epoch,split,query_idx,h,r,t,rank,is_reciprocal
0,val,0,1026,1,2209,2514,0
0,val,1,2313,1,31,2141,0
0,val,2,474,4,1958,794,0
0,val,3,1751,1,211,99,0
0,val,4,1136,1,395,2388,0
0,val,5,66,2,997,2710,0
0,val,6,1196,1,953,664,0
0,val,7,2025,0,577,49,0
0,val,8,1168,5,86,2004,0
0,val,9,2424,1,79,1480,0
0,val,10,53,1,34,847,0
0,val,11,810,1,930,2540,0
0,val,12,2411,0,810,900,0
0,val,13,2386,6,2625,512,0
0,val,14,140,1,1900,1508,0
0,val,15,434,0,2078,714,0
0,val,16,2515,0,2166,2090,0
0,val,17,1474,1,676,571,0
0,val,18,918,1,923,2060,0
0,val,19,552,1,1098,2660,0
0,val,20,2582,1,849,417,0
0,val,21,1397,1,49,164,0
0,val,22,2504,1,662,2481,0
0,val,23,2311,1,1389,2006,0
0,val,24,381,5,380,259,0
0,val,25,1863,1,1862,2644,0
0,val,26,2104,1,1399,2147,0
0,val,27,1765,2,2633,2344,0
0,val,28,1722,0,11,1404,0
0,val,29,1338,1,2457,1376,0
0,val,30,2022,3,42,1946,0
0,val,31,312,1,976,1683,0
0,val,32,2639,0,1809,732,0
0,val,33,2133,1,23,11,0
0,val,34,396,1,357,952,0
0,val,35,1185,4,1656,2644,0
0,val,36,2619,0,1217,1806,0
0,val,37,2602,1,1270,2452,0
0,val,38,79,2,1830,1416,0
0,val,39,952,1,25,487,0
0,val,40,906,0,519,2236,0
0,val,41,79,2,1861,459,0
0,val,42,93,0,430,586,0
0,val,43,2674,5,918,217,0
0,val,44,1865,0,143,686,0
0,val,45,826,1,1836,1185,0
0,val,46,1205,1,2243,2664,0
0,val,47,1432,1,1431,2391,0
0,val,48,1895,0,1018,85,0
0,val,49,1202,2,1149,675,0
0,val,50,34,1,2300,2135,0
0,val,51,1087,1,173,458,0
0,val,52,285,1,2512,358,0
0,val,53,943,1,1806,2693,0
0,val,54,150,1,1068,585,0
0,val,55,1123,0,399,2378,0
0,val,56,317,4,2115,2730,0
0,val,57,363,1,2013,2694,0
0,val,58,1429,0,143,730,0
0,val,59,2497,0,230,669,0
0,val,60,1930,0,256,159,0
0,val,61,2581,1,620,2560,0
0,val,62,751,1,936,2443,0
0,val,63,2012,1,583,1641,0
0,val,64,2653,1,1771,348,0
0,val,65,413,0,1600,2433,0
0,val,66,12,1,334,2255,0
0,val,67,671,5,2132,774,0
0,val,68,2398,1,2655,959,0
0,val,69,2413,4,1467,1003,0
0,val,70,287,3,249,1,0
0,val,71,1859,1,2054,2635,0
0,val,72,1900,1,140,1371,0
0,val,73,327,1,10,939,0
0,val,74,862,1,1806,2689,0
0,val,75,2614,1,2273,1318,0
0,val,76,1770,1,225,2472,0
0,val,77,1975,1,1260,308,0
0,val,78,459,1,409,184,0
0,val,79,1796,0,2516,2225,0
0,val,80,54,1,102,103,0
0,val,81,5,0,810,39,0
0,val,82,2561,1,62,1955,0
0,val,83,797,1,2142,1558,0
0,val,84,2299,0,2154,1987,0
0,val,85,8,1,1722,1009,0
0,val,86,173,1,1087,512,0
0,val,87,114,0,803,2734,0
0,val,88,848,1,847,2670,0
0,val,89,537,1,1538,1249,0
0,val,90,871,0,1502,1773,0
0,val,91,1391,0,1790,1180,0
0,val,92,329,1,271,1215,0
0,val,93,427,1,426,1554,0
0,val,94,295,1,665,2626,0
0,val,95,1705,1,439,1176,0
0,val,96,1860,0,561,826,0
0,val,97,764,2,1765,2732,0
0,val,98,1016,1,2599,2595,0
0,val,99,641,1,1075,1056,0
0,val,100,139,0,932,1905,0
0,val,101,2421,0,12,1331,0
0,val,102,452,1,151,896,0
0,val,103,1472,5,1613,2306,0
0,val,104,997,2,1621,2732,0
0,val,105,1230,1,978,2420,0
0,val,106,1280,1,29,1466,0
0,val,107,2092,1,1504,2360,0
0,val,108,2455,1,1319,2726,0
0,val,109,2255,1,211,68,0
0,val,110,77,4,767,1125,0
0,val,111,150,1,1952,409,0
0,val,112,637,1,2187,2624,0
0,val,113,35,1,981,2384,0
0,val,114,1428,0,1235,2337,0
0,val,115,1148,4,928,1272,0
0,val,116,1056,1,843,2591,0
0,val,117,1230,0,1348,2167,0
0,val,118,79,1,879,188,0
0,val,119,2519,1,554,2730,0
0,val,120,631,0,283,175,0
0,val,121,564,1,1945,2613,0
0,val,122,1137,1,1136,1871,0
0,val,123,738,0,1641,2044,0
0,val,124,2472,1,1190,2406,0
0,val,125,1245,1,347,510,0
0,val,126,672,1,64,2029,0
0,val,127,233,1,1854,2568,0
0,val,128,1965,1,1964,2690,0
0,val,129,1415,0,1661,1486,0
0,val,130,238,1,237,2424,0
0,val,131,1999,1,941,1748,0
0,val,132,2196,0,969,1717,0
0,val,133,2384,1,1488,2183,0
0,val,134,462,1,912,281,0
0,val,135,1896,3,957,136,0
0,val,136,1722,1,849,461,0
0,val,137,631,5,798,899,0
0,val,138,2456,1,550,2621,0
0,val,139,1286,1,660,1728,0
0,val,140,2237,1,1353,2477,0
0,val,141,1279,1,2611,2654,0
0,val,142,116,2,234,1170,0
0,val,143,777,0,328,1368,0
0,val,144,2134,1,194,2514,0
0,val,145,2013,0,494,2070,0
0,val,146,853,1,1420,1646,0
0,val,147,10,1,34,1019,0
0,val,148,1710,1,148,247,0
0,val,149,215,1,561,427,0
0,val,150,1986,1,468,2262,0
0,val,151,952,0,479,332,0
0,val,152,1859,1,992,2666,0
0,val,153,1569,5,1988,1105,0
0,val,154,756,0,525,347,0
0,val,155,140,1,461,2573,0
0,val,156,773,1,2001,2527,0
0,val,157,1159,0,1722,878,0
0,val,158,1859,1,773,1172,0
0,val,159,1270,0,490,427,0
0,val,160,1498,0,1814,2560,0
0,val,161,2260,1,371,838,0
0,val,162,1303,1,315,2143,0
0,val,163,1938,1,1319,2562,0
0,val,164,531,1,336,143,0
0,val,165,147,0,2535,2377,0
0,val,166,841,0,1695,2197,0
0,val,167,2030,0,2614,435,0
0,val,168,141,1,394,444,0
0,val,169,2197,0,45,2565,0
0,val,170,999,4,2529,1342,0
0,val,171,349,1,746,553,0
0,val,172,1658,0,2042,1298,0
0,val,173,1176,0,1538,1387,0
0,val,174,99,1,71,202,0
0,val,175,1196,1,541,39,0
0,val,176,979,1,1773,2594,0
0,val,177,547,0,383,1476,0
0,val,178,556,1,2074,2217,0
0,val,179,875,1,2364,1967,0
0,val,180,2550,0,2687,46,0
0,val,181,148,1,55,923,0
0,val,182,1180,0,1631,1903,0
0,val,183,344,1,230,518,0
0,val,184,1099,1,2195,690,0
0,val,185,1035,1,2069,2341,0
0,val,186,595,1,2664,1699,0
0,val,187,234,1,233,251,0
0,val,188,19,1,662,2553,0
0,val,189,1620,2,997,2351,0
0,val,190,1794,0,480,2049,0
0,val,191,2641,1,454,1857,0
0,val,192,2026,1,459,55,0
0,val,193,371,1,1691,2128,0
0,val,194,531,1,1671,2333,0
0,val,195,1829,1,525,406,0
0,val,196,601,1,221,331,0
0,val,197,1916,1,1161,2658,0
0,val,198,618,1,417,1335,0
0,val,199,263,0,2226,2124,0
0,val,200,938,1,2559,2552,0
0,val,201,2412,0,62,1959,0
0,val,202,809,1,1005,1707,0
0,val,203,1753,0,1174,2221,0
0,val,204,277,1,445,2576,0
0,val,205,1432,0,2087,2019,0
0,val,206,1994,1,187,366,0
0,val,207,68,4,1601,2088,0
0,val,208,2580,0,1074,2721,0
0,val,209,683,1,198,2453,0
0,val,210,2434,0,634,878,0
0,val,211,1756,1,836,1190,0
0,val,212,62,4,1624,2545,0
0,val,213,653,1,652,1166,0
0,val,214,455,1,454,1865,0
0,val,215,1952,1,1494,1275,0
0,val,216,832,1,1325,2213,0
0,val,217,2589,0,377,1969,0
0,val,218,2419,0,1197,71,0
0,val,219,1928,1,1533,2066,0
0,val,220,1008,1,668,1653,0
0,val,221,1755,1,307,1072,0
0,val,222,250,1,429,381,0
0,val,223,602,1,595,367,0
0,val,224,1184,0,1682,10,0
0,val,225,1256,1,54,296,0
0,val,226,480,0,1199,2380,0
0,val,227,1171,1,855,565,0
0,val,228,2616,4,456,1502,0
0,val,229,963,0,479,770,0
0,val,230,435,1,1684,1449,0
0,val,231,2427,1,32,1588,0
0,val,232,2399,1,2543,2504,0
0,val,233,2344,1,225,2456,0
0,val,234,1449,1,2381,2582,0
0,val,235,2284,1,1505,2527,0
0,val,236,881,0,110,2220,0
0,val,237,330,5,1783,2188,0
0,val,238,585,1,2508,1887,0
0,val,239,1969,0,51,525,0
0,val,240,223,5,1306,2425,0
0,val,241,2637,0,1724,1130,0
0,val,242,672,1,345,952,0
0,val,243,912,1,1933,2420,0
0,val,244,29,1,1485,1206,0
0,val,245,699,0,2452,1378,0
0,val,246,791,4,2343,2415,0
0,val,247,2444,2,514,912,0
0,val,248,183,0,401,290,0
0,val,249,380,0,1729,586,0
0,val,250,997,1,1707,904,0
0,val,251,312,0,983,2402,0
0,val,252,546,4,620,2550,0
0,val,253,1366,1,2507,1407,0
0,val,254,371,0,1357,560,0
0,val,255,390,1,881,317,0
0,val,256,106,1,268,147,0
0,val,257,941,1,2144,2174,0
0,val,258,114,0,692,723,0
0,val,259,687,0,2496,1831,0
0,val,260,133,1,261,2413,0
0,val,261,659,0,143,624,0
0,val,262,783,0,1049,2663,0
0,val,263,612,0,88,1347,0
0,val,264,1705,1,39,348,0
0,val,265,1826,1,962,2352,0
0,val,266,25,1,24,422,0
0,val,267,1255,4,2604,980,0
0,val,268,1348,0,1596,2271,0
0,val,269,2250,1,2249,1432,0
0,val,270,1420,1,853,43,0
0,val,271,2056,1,2220,2398,0
0,val,272,103,0,344,2092,0
0,val,273,2231,0,888,2733,0
0,val,274,595,0,1347,1698,0
0,val,275,39,1,366,1512,0
0,val,276,1165,0,1186,2607,0
0,val,277,674,1,673,628,0
0,val,278,1402,1,1611,2450,0
0,val,279,528,0,1199,2377,0
0,val,280,1104,1,1857,2663,0
0,val,281,1266,0,545,641,0
0,val,282,2695,0,1,45,0
0,val,283,868,4,2458,1165,0
0,val,284,1654,1,158,1535,0
0,val,285,940,1,939,1411,0
0,val,286,192,1,453,71,0
0,val,287,115,1,336,553,0
0,val,288,450,0,1631,1896,0
0,val,289,1367,1,2525,2554,0
0,val,290,239,0,2304,2145,0
0,val,291,713,1,83,1998,0
0,val,292,569,2,1906,625,0
0,val,293,1191,1,29,1522,0
0,val,294,112,0,2256,1952,0
0,val,295,1494,1,1299,1853,0
0,val,296,1753,1,583,1876,0
0,val,297,2185,1,586,2318,0
0,val,298,1281,1,2301,2369,0
0,val,299,1259,1,212,2132,0
0,val,300,971,1,991,691,0
0,val,301,85,1,469,2296,0
0,val,302,2514,0,357,1580,0
0,val,303,986,1,1814,2494,0
0,val,304,1367,1,971,407,0
0,val,305,401,1,1060,2384,0
0,val,306,2549,0,2658,2609,0
0,val,307,1621,2,1620,2391,0
0,val,308,474,4,2146,976,0
0,val,309,2564,0,371,1162,0
0,val,310,2608,0,141,66,0
0,val,311,1609,1,25,1059,0
0,val,312,1974,0,1199,2385,0
0,val,313,2624,1,2122,1419,0
0,val,314,2338,0,1217,1811,0
0,val,315,339,0,383,1342,0
0,val,316,2207,1,2013,2695,0
0,val,317,116,1,115,1254,0
0,val,318,2370,1,2369,1206,0
0,val,319,1574,1,328,1102,0
0,val,320,717,5,472,1266,0
0,val,321,1566,1,960,215,0
0,val,322,807,5,1373,2466,0
0,val,323,2220,1,2056,1900,0
0,val,324,2008,1,2489,2472,0
0,val,325,1057,1,598,297,0
0,val,326,147,1,146,2660,0
0,val,327,2547,0,1732,2379,0
0,val,328,1037,1,189,2603,0
0,val,329,1489,1,1708,1719,0
0,val,330,826,1,1523,1003,0
0,val,331,719,2,81,2647,0
0,val,332,1030,1,1029,1427,0
0,val,333,1992,1,687,2668,0
0,val,334,936,1,2181,2104,0
0,val,335,2644,0,1066,389,0
0,val,336,1939,1,551,1713,0
0,val,337,1054,1,2607,2471,0
0,val,338,1024,1,1284,651,0
0,val,339,791,4,2223,2689,0
0,val,340,1092,1,2132,233,0
0,val,341,598,1,2020,2081,0
0,val,342,1065,1,388,284,0
0,val,343,997,2,1620,2694,0
0,val,344,146,1,2401,831,0
0,val,345,689,5,971,1075,0
0,val,346,2388,0,1358,1564,0
0,val,347,1328,1,2600,2308,0
0,val,348,918,5,2674,1337,0
0,val,349,2511,1,1423,1468,0
0,val,350,2144,1,2143,2555,0
0,val,351,1097,2,891,2688,0
0,val,352,2085,2,1834,2245,0
0,val,353,1877,0,2056,2075,0
0,val,354,1127,0,2467,1561,0
0,val,355,2482,1,2481,2058,0
0,val,356,83,1,1551,1440,0
0,val,357,666,0,164,2451,0
0,val,358,1635,1,1167,1441,0
0,val,359,416,1,530,196,0
0,val,360,1294,0,1634,1593,0
0,val,361,595,1,594,1477,0
0,val,362,2665,1,741,2654,0
0,val,363,538,0,1211,2147,0
0,val,364,23,1,258,988,0
0,val,365,151,1,2606,2469,0
0,val,366,779,0,2692,924,0
0,val,367,1734,5,518,2097,0
0,val,368,991,1,150,95,0
0,val,369,458,1,1641,2167,0
0,val,370,1551,1,83,2441,0
0,val,371,2680,1,126,141,0
0,val,372,910,0,377,1971,0
0,val,373,1032,2,514,1625,0
0,val,374,2115,4,2079,1278,0
0,val,375,1984,1,2688,2560,0
0,val,376,963,5,221,1191,0
0,val,377,145,0,2347,1934,0
0,val,378,1203,0,1437,781,0
0,val,379,499,4,1545,13,0
0,val,380,1679,0,834,2678,0
0,val,381,51,1,1265,2063,0
0,val,382,664,3,2201,1240,0
0,val,383,2123,0,2157,1238,0
0,val,384,217,0,832,348,0
0,val,385,2514,1,4,1466,0
0,val,386,1623,1,1775,2611,0
0,val,387,595,1,602,1408,0
0,val,388,868,4,499,2628,0
0,val,389,1225,1,790,2312,0
0,val,390,1583,4,1959,1686,0
0,val,391,425,0,634,894,0
0,val,392,243,0,62,1962,0
0,val,393,523,1,875,423,0
0,val,394,2662,1,1930,2327,0
0,val,395,385,1,85,2317,0
0,val,396,714,1,858,897,0
0,val,397,2638,1,95,1576,0
0,val,398,1397,1,1177,2662,0
0,val,399,2657,1,1814,2618,0
0,val,400,1953,1,2013,2715,0
0,val,401,371,1,2036,1342,0
0,val,402,2696,1,176,480,0
0,val,403,2456,1,2260,2284,0
0,val,404,1546,0,1,65,0
0,val,405,992,3,1888,7,0
0,val,406,2122,1,2624,306,0
0,val,407,222,1,963,1395,0
0,val,408,875,1,1828,2397,0
0,val,409,462,1,172,2499,0
0,val,410,659,1,658,2660,0
0,val,411,646,4,2360,448,0
0,val,412,655,4,2184,1436,0
0,val,413,829,1,23,23,0
0,val,414,2195,1,1099,1007,0
0,val,415,1963,1,1299,1323,0
0,val,416,2197,1,45,2658,0
0,val,417,2015,0,1348,2148,0
0,val,418,616,1,1647,2190,0
0,val,419,60,1,2702,2597,0
0,val,420,2433,0,930,1690,0
0,val,421,2014,0,328,1387,0
0,val,422,2673,1,545,368,0
0,val,423,1262,4,1694,883,0
0,val,424,32,0,2518,1008,0
0,val,425,1045,1,1044,2501,0
0,val,426,158,1,138,2645,0
0,val,427,2257,1,269,1200,0
0,val,428,1388,0,1239,2313,0
0,val,429,1898,0,625,585,0
0,val,430,541,1,1196,146,0
0,val,431,2434,1,2301,1749,0
0,val,432,990,1,2473,1453,0
0,val,433,912,1,462,1485,0
0,val,434,611,1,2103,852,0
0,val,435,799,1,1570,647,0
0,val,436,1757,0,1957,349,0
0,val,437,898,1,1256,79,0
0,val,438,77,0,240,2329,0
0,val,439,1717,1,1825,2614,0
0,val,440,2418,1,768,434,0
0,val,441,952,1,1769,1032,0
0,val,442,1059,1,1317,728,0
0,val,443,1028,1,1444,1707,0
0,val,444,1689,1,1338,2699,0
0,val,445,1437,1,1157,1780,0
0,val,446,2679,1,4,1368,0
0,val,447,205,1,28,1435,0
0,val,448,376,0,1357,918,0
0,val,449,2058,0,789,941,0
0,val,450,1988,5,1569,2574,0
0,val,451,2231,1,1578,2018,0
0,val,452,377,0,1456,2252,0
0,val,453,1060,1,673,281,0
0,val,454,1299,1,1963,891,0
0,val,455,2033,0,2620,562,0
0,val,456,1590,1,472,1591,0
0,val,457,419,1,418,2371,0
0,val,458,1193,1,2096,1566,0
0,val,459,1393,1,242,1912,0
0,val,460,746,1,1399,2040,0
0,val,461,2153,1,863,682,0
0,val,462,1176,5,2693,168,0
0,val,463,2119,1,579,232,0
0,val,464,882,1,467,538,0
0,val,465,2646,0,1154,1901,0
0,val,466,467,1,1899,905,0
0,val,467,523,1,522,1014,0
0,val,468,20,1,311,2495,0
0,val,469,211,1,210,2473,0
0,val,470,2638,0,478,1470,0
0,val,471,1640,5,2065,1834,0
0,val,472,2389,5,359,81,0
0,val,473,991,1,1213,426,0
0,val,474,196,1,1902,2390,0
0,val,475,557,1,2073,2334,0
0,val,476,980,0,401,223,0
0,val,477,1260,1,1975,1885,0
0,val,478,2074,0,2391,1670,0
0,val,479,509,0,1586,2160,0
0,val,480,1236,1,380,408,0
0,val,481,2573,0,94,78,0
0,val,482,1641,0,879,1039,0
0,val,483,1293,1,2307,1272,0
0,val,484,211,1,559,256,0
0,val,485,18,1,1321,2000,0
0,val,486,471,0,1461,1877,0
0,val,487,608,1,69,2167,0
0,val,488,1245,0,1050,1596,0
0,val,489,97,1,2708,2312,0
0,val,490,1931,0,733,2257,0
0,val,491,1351,0,1853,577,0
0,val,492,209,1,242,2081,0
0,val,493,2368,0,569,9,0
0,val,494,984,0,135,2574,0
0,val,495,213,0,879,1079,0
0,val,496,2451,1,21,631,0
0,val,497,2553,0,794,1474,0
0,val,498,482,1,481,2700,0
0,val,499,2202,3,2348,1121,0
0,val,500,1496,5,942,1281,0
0,val,501,2334,1,141,410,0
0,val,502,1703,1,1702,2642,0
0,val,503,2024,1,294,1706,0
0,val,504,2614,0,565,2489,0
0,val,505,230,1,370,170,0
0,val,506,2324,1,253,2193,0
0,val,507,378,1,1157,1742,0
0,val,508,1634,1,2084,2474,0
0,val,509,2382,1,1591,2557,0
0,val,510,514,2,513,2659,0
0,val,511,1859,5,1171,217,0
0,val,512,333,1,1626,2281,0
0,val,513,1697,4,1730,435,0
0,val,514,1243,2,597,2105,0
0,val,515,18,1,2707,2309,0
0,val,516,2179,0,457,2670,0
0,val,517,2213,0,1971,2389,0
0,val,518,1418,1,1074,2553,0
0,val,519,791,4,2380,2346,0
0,val,520,867,2,1032,2457,0
0,val,521,202,1,1202,886,0
0,val,522,1896,0,135,2588,0
0,val,523,48,0,2214,2458,0
0,val,524,2459,1,45,2652,0
0,val,525,2452,0,2349,2591,0
0,val,526,1490,1,2116,481,0
0,val,527,2188,0,1186,2645,0
0,val,528,327,1,2495,1023,0
0,val,529,2279,0,403,2716,0
0,val,530,2420,1,1161,2685,0
0,val,531,1088,7,1087,13,0
0,val,532,2292,0,1358,1573,0
0,val,533,1662,1,31,2137,0
0,val,534,1080,1,725,96,0
0,val,535,453,1,685,780,0
0,val,536,1579,1,844,2509,0
0,val,537,1501,1,1072,882,0
0,val,538,715,1,954,1996,0
0,val,539,2102,1,1034,833,0
0,val,540,2688,0,1436,432,0
0,val,541,1620,2,438,2481,0
0,val,542,222,0,2533,2139,0
0,val,543,2696,0,2323,743,0
0,val,544,757,1,1832,2277,0
0,val,545,2374,1,810,2248,0
0,val,546,1291,4,1409,808,0
0,val,547,1565,5,926,1771,0
0,val,548,2670,0,1950,878,0
0,val,549,79,2,984,803,0
0,val,550,718,5,717,2655,0
0,val,551,1356,0,879,863,0
0,val,552,427,5,390,129,0
0,val,553,12,1,2431,2211,0
0,val,554,1500,1,2694,2483,0
0,val,555,422,1,621,2516,0
0,val,556,912,1,64,1407,0
0,val,557,1373,5,807,1735,0
0,val,558,941,5,2153,1097,0
0,val,559,1612,0,432,1968,0
0,val,560,1544,1,1249,1616,0
0,val,561,223,1,2088,2061,0
0,val,562,84,1,1552,2552,0
0,val,563,2135,0,38,1762,0
0,val,564,700,2,2427,153,0
0,val,565,2655,1,2398,641,0
0,val,566,91,2,770,2571,0
0,val,567,1444,1,1443,2578,0
0,val,568,2115,4,1880,2050,0
0,val,569,1135,1,174,130,0
0,val,570,253,1,2324,67,0
0,val,571,290,0,452,1193,0
0,val,572,2673,5,1401,2032,0
0,val,573,724,1,169,2377,0
0,val,574,2485,0,18,90,0
0,val,575,2221,1,2536,2626,0
0,val,576,1392,1,1380,2393,0
0,val,577,1830,1,1746,2589,0
0,val,578,2031,0,2663,944,0
0,val,579,1941,4,2612,803,0
0,val,580,2297,4,2449,1701,0
0,val,581,2437,1,662,2426,0
0,val,582,176,1,2321,2062,0
0,val,583,546,4,2022,1148,0
0,val,584,1890,1,943,2083,0
0,val,585,1624,0,791,1584,0
0,val,586,1991,1,990,601,0
0,val,587,361,0,2323,756,0
0,val,588,1248,0,230,685,0
0,val,589,21,1,2451,1904,0
0,val,590,1941,0,240,2148,0
0,val,591,629,1,2060,2191,0
0,val,592,1824,0,2260,2252,0
0,val,593,1473,1,813,1327,0
0,val,594,136,0,222,847,0
0,val,595,597,2,1243,2640,0
0,val,596,708,1,1863,893,0
0,val,597,42,4,483,2680,0
0,val,598,1593,1,543,445,0
0,val,599,696,0,1216,95,0
0,val,600,1190,1,1189,2597,0
0,val,601,372,0,983,2427,0
0,val,602,23,1,829,270,0
0,val,603,8,5,309,1403,0
0,val,604,1424,1,659,2714,0
0,val,605,2124,1,1790,1281,0
0,val,606,2222,1,1104,1766,0
0,val,607,1338,1,2588,621,0
0,val,608,2335,1,143,253,0
0,val,609,1973,0,833,2664,0
0,val,610,765,1,764,2709,0
0,val,611,1383,0,1922,515,0
0,val,612,691,0,2015,283,0
0,val,613,910,1,122,308,0
0,val,614,2267,1,972,1458,0
0,val,615,1145,0,401,289,0
0,val,616,751,0,983,2398,0
0,val,617,176,1,1837,245,0
0,val,618,815,2,355,1524,0
0,val,619,983,0,64,2066,0
0,val,620,999,4,2493,636,0
0,val,621,2023,1,1647,912,0
0,val,622,2294,3,1214,43,0
0,val,623,376,1,736,2128,0
0,val,624,1370,1,174,169,0
0,val,625,875,1,963,1339,0
0,val,626,1171,5,1859,106,0
0,val,627,104,1,1726,1754,0
0,val,628,2710,1,1281,1722,0
0,val,629,1132,1,1116,2019,0
0,val,630,2209,10,1026,2123,1
0,val,631,31,10,2313,2641,1
0,val,632,1958,13,474,2711,1
0,val,633,211,10,1751,813,1
0,val,634,395,10,1136,2716,1
0,val,635,997,11,66,2381,1
0,val,636,953,10,1196,186,1
0,val,637,577,9,2025,908,1
0,val,638,86,14,1168,2277,1
0,val,639,79,10,2424,2159,1
0,val,640,34,10,53,202,1
0,val,641,930,10,810,1653,1
0,val,642,810,9,2411,479,1
0,val,643,2625,15,2386,2088,1
0,val,644,1900,10,140,1336,1
0,val,645,2078,9,434,2456,1
0,val,646,2166,9,2515,1843,1
0,val,647,676,10,1474,2218,1
0,val,648,923,10,918,313,1
0,val,649,1098,10,552,1686,1
0,val,650,849,10,2582,2521,1
0,val,651,49,10,1397,157,1
0,val,652,662,10,2504,2614,1
0,val,653,1389,10,2311,1433,1
0,val,654,380,14,381,2662,1
0,val,655,1862,10,1863,2310,1
0,val,656,1399,10,2104,1846,1
0,val,657,2633,11,1765,2719,1
0,val,658,11,9,1722,747,1
0,val,659,2457,10,1338,2696,1
0,val,660,42,12,2022,740,1
0,val,661,976,10,312,1995,1
0,val,662,1809,9,2639,134,1
0,val,663,23,10,2133,100,1
0,val,664,357,10,396,1839,1
0,val,665,1656,13,1185,2342,1
0,val,666,1217,9,2619,1043,1
0,val,667,1270,10,2602,2010,1
0,val,668,1830,11,79,949,1
0,val,669,25,10,952,789,1
0,val,670,519,9,906,2336,1
0,val,671,1861,11,79,918,1
0,val,672,430,9,93,1540,1
0,val,673,918,14,2674,1312,1
0,val,674,143,9,1865,1098,1
0,val,675,1836,10,826,1385,1
0,val,676,2243,10,1205,221,1
0,val,677,1431,10,1432,2026,1
0,val,678,1018,9,1895,1372,1
0,val,679,1149,11,1202,531,1
0,val,680,2300,10,34,562,1
0,val,681,173,10,1087,536,1
0,val,682,2512,10,285,2118,1
0,val,683,1806,10,943,1785,1
0,val,684,1068,10,150,68,1
0,val,685,399,9,1123,1060,1
0,val,686,2115,13,317,2479,1
0,val,687,2013,10,363,1453,1
0,val,688,143,9,1429,560,1
0,val,689,230,9,2497,2405,1
0,val,690,256,9,1930,2459,1
0,val,691,620,10,2581,2596,1
0,val,692,936,10,751,46,1
0,val,693,583,10,2012,1436,1
0,val,694,1771,10,2653,665,1
0,val,695,1600,9,413,2081,1
0,val,696,334,10,12,1454,1
0,val,697,2132,14,671,1088,1
0,val,698,2655,10,2398,678,1
0,val,699,1467,13,2413,1206,1
0,val,700,249,12,287,815,1
0,val,701,2054,10,1859,987,1
0,val,702,140,10,1900,1480,1
0,val,703,10,10,327,25,1
0,val,704,1806,10,862,2401,1
0,val,705,2273,10,2614,2509,1
0,val,706,225,10,1770,2062,1
0,val,707,1260,10,1975,1296,1
0,val,708,409,10,459,78,1
0,val,709,2516,9,1796,2694,1
0,val,710,102,10,54,241,1
0,val,711,810,9,5,882,1
0,val,712,62,10,2561,2545,1
0,val,713,2142,10,797,337,1
0,val,714,2154,9,2299,2509,1
0,val,715,1722,10,8,55,1
0,val,716,1087,10,173,460,1
0,val,717,803,9,114,213,1
0,val,718,847,10,848,2574,1
0,val,719,1538,10,537,2159,1
0,val,720,1502,9,871,260,1
0,val,721,1790,9,1391,298,1
0,val,722,271,10,329,2277,1
0,val,723,426,10,427,135,1
0,val,724,665,10,295,1967,1
0,val,725,439,10,1705,613,1
0,val,726,561,9,1860,1190,1
0,val,727,1765,11,764,2722,1
0,val,728,2599,10,1016,1117,1
0,val,729,1075,10,641,147,1
0,val,730,932,9,139,354,1
0,val,731,12,9,2421,1103,1
0,val,732,151,10,452,1359,1
0,val,733,1613,14,1472,1721,1
0,val,734,1621,11,997,2426,1
0,val,735,978,10,1230,1966,1
0,val,736,29,10,1280,2349,1
0,val,737,1504,10,2092,2633,1
0,val,738,1319,10,2455,2356,1
0,val,739,211,10,2255,68,1
0,val,740,767,13,77,2737,1
0,val,741,1952,10,150,63,1
0,val,742,2187,10,637,1437,1
0,val,743,981,10,35,1214,1
0,val,744,1235,9,1428,915,1
0,val,745,928,13,1148,2587,1
0,val,746,843,10,1056,349,1
0,val,747,1348,9,1230,1909,1
0,val,748,879,10,79,804,1
0,val,749,554,10,2519,2551,1
0,val,750,283,9,631,2087,1
0,val,751,1945,10,564,1258,1
0,val,752,1136,10,1137,1613,1
0,val,753,1641,9,738,1021,1
0,val,754,1190,10,2472,2634,1
0,val,755,347,10,1245,1148,1
0,val,756,64,10,672,1088,1
0,val,757,1854,10,233,2434,1
0,val,758,1964,10,1965,2638,1
0,val,759,1661,9,1415,1310,1
0,val,760,237,10,238,262,1
0,val,761,941,10,1999,2472,1
0,val,762,969,9,2196,1921,1
0,val,763,1488,10,2384,2260,1
0,val,764,912,10,462,1459,1
0,val,765,957,12,1896,1954,1
0,val,766,849,10,1722,711,1
0,val,767,798,14,631,2057,1
0,val,768,550,10,2456,2531,1
0,val,769,660,10,1286,1528,1
0,val,770,1353,10,2237,2593,1
0,val,771,2611,10,1279,2355,1
0,val,772,234,11,116,734,1
0,val,773,328,9,777,100,1
0,val,774,194,10,2134,1653,1
0,val,775,494,9,2013,2662,1
0,val,776,1420,10,853,113,1
0,val,777,34,10,10,939,1
0,val,778,148,10,1710,1021,1
0,val,779,561,10,215,2165,1
0,val,780,468,10,1986,2564,1
0,val,781,479,9,952,591,1
0,val,782,992,10,1859,1176,1
0,val,783,1988,14,1569,2224,1
0,val,784,525,9,756,502,1
0,val,785,461,10,140,2646,1
0,val,786,2001,10,773,664,1
0,val,787,1722,9,1159,1912,1
0,val,788,773,10,1859,962,1
0,val,789,490,9,1270,2477,1
0,val,790,1814,9,1498,1012,1
0,val,791,371,10,2260,1881,1
0,val,792,315,10,1303,1249,1
0,val,793,1319,10,1938,2618,1
0,val,794,336,10,531,1619,1
0,val,795,2535,9,147,1423,1
0,val,796,1695,9,841,1225,1
0,val,797,2614,9,2030,2020,1
0,val,798,394,10,141,274,1
0,val,799,45,9,2197,23,1
0,val,800,2529,13,999,2716,1
0,val,801,746,10,349,1114,1
0,val,802,2042,9,1658,2300,1
0,val,803,1538,9,1176,1027,1
0,val,804,71,10,99,1628,1
0,val,805,541,10,1196,129,1
0,val,806,1773,10,979,1591,1
0,val,807,383,9,547,2690,1
0,val,808,2074,10,556,696,1
0,val,809,2364,10,875,263,1
0,val,810,2687,9,2550,2122,1
0,val,811,55,10,148,233,1
0,val,812,1631,9,1180,1278,1
0,val,813,230,10,344,1935,1
0,val,814,2195,10,1099,1103,1
0,val,815,2069,10,1035,348,1
0,val,816,2664,10,595,432,1
0,val,817,233,10,234,1012,1
0,val,818,662,10,19,1075,1
0,val,819,997,11,1620,1558,1
0,val,820,480,9,1794,1550,1
0,val,821,454,10,2641,2519,1
0,val,822,459,10,2026,390,1
0,val,823,1691,10,371,412,1
0,val,824,1671,10,531,2080,1
0,val,825,525,10,1829,492,1
0,val,826,221,10,601,84,1
0,val,827,1161,10,1916,1317,1
0,val,828,417,10,618,51,1
0,val,829,2226,9,263,2737,1
0,val,830,2559,10,938,564,1
0,val,831,62,9,2412,2335,1
0,val,832,1005,10,809,2303,1
0,val,833,1174,9,1753,1996,1
0,val,834,445,10,277,1836,1
0,val,835,2087,9,1432,1718,1
0,val,836,187,10,1994,2453,1
0,val,837,1601,13,68,1177,1
0,val,838,1074,9,2580,1827,1
0,val,839,198,10,683,90,1
0,val,840,634,9,2434,1323,1
0,val,841,836,10,1756,2324,1
0,val,842,1624,13,62,1848,1
0,val,843,652,10,653,1609,1
0,val,844,454,10,455,2522,1
0,val,845,1494,10,1952,183,1
0,val,846,1325,10,832,780,1
0,val,847,377,9,2589,2141,1
0,val,848,1197,9,2419,2678,1
0,val,849,1533,10,1928,915,1
0,val,850,668,10,1008,2088,1
0,val,851,307,10,1755,103,1
0,val,852,429,10,250,126,1
0,val,853,595,10,602,1291,1
0,val,854,1682,9,1184,1164,1
0,val,855,54,10,1256,84,1
0,val,856,1199,9,480,2065,1
0,val,857,855,10,1171,2271,1
0,val,858,456,13,2616,1566,1
0,val,859,479,9,963,1491,1
0,val,860,1684,10,435,1615,1
0,val,861,32,10,2427,477,1
0,val,862,2543,10,2399,1537,1
0,val,863,225,10,2344,2567,1
0,val,864,2381,10,1449,682,1
0,val,865,1505,10,2284,2551,1
0,val,866,110,9,881,968,1
0,val,867,1783,14,330,640,1
0,val,868,2508,10,585,541,1
0,val,869,51,9,1969,1477,1
0,val,870,1306,14,223,442,1
0,val,871,1724,9,2637,1481,1
0,val,872,345,10,672,1005,1
0,val,873,1933,10,912,270,1
0,val,874,1485,10,29,895,1
0,val,875,2452,9,699,777,1
0,val,876,2343,13,791,1582,1
0,val,877,514,11,2444,1323,1
0,val,878,401,9,183,1432,1
0,val,879,1729,9,380,314,1
0,val,880,1707,10,997,2459,1
0,val,881,983,9,312,1653,1
0,val,882,620,13,546,2460,1
0,val,883,2507,10,1366,285,1
0,val,884,1357,9,371,1002,1
0,val,885,881,10,390,101,1
0,val,886,268,10,106,572,1
0,val,887,2144,10,941,1389,1
0,val,888,692,9,114,226,1
0,val,889,2496,9,687,2728,1
0,val,890,261,10,133,155,1
0,val,891,143,9,659,2593,1
0,val,892,1049,9,783,2622,1
0,val,893,88,9,612,2042,1
0,val,894,39,10,1705,1821,1
0,val,895,962,10,1826,2590,1
0,val,896,24,10,25,672,1
0,val,897,2604,13,1255,2740,1
0,val,898,1596,9,1348,2388,1
0,val,899,2249,10,2250,1987,1
0,val,900,853,10,1420,375,1
0,val,901,2220,10,2056,1907,1
0,val,902,344,9,103,1731,1
0,val,903,888,9,2231,871,1
0,val,904,1347,9,595,441,1
0,val,905,366,10,39,449,1
0,val,906,1186,9,1165,2717,1
0,val,907,673,10,674,2562,1
0,val,908,1611,10,1402,1211,1
0,val,909,1199,9,528,957,1
0,val,910,1857,10,1104,2037,1
0,val,911,545,9,1266,1281,1
0,val,912,1,9,2695,2670,1
0,val,913,2458,13,868,2124,1
0,val,914,158,10,1654,1823,1
0,val,915,939,10,940,408,1
0,val,916,453,10,192,878,1
0,val,917,336,10,115,1947,1
0,val,918,1631,9,450,2259,1
0,val,919,2525,10,1367,258,1
0,val,920,2304,9,239,2326,1
0,val,921,83,10,713,2451,1
0,val,922,1906,11,569,13,1
0,val,923,29,10,1191,620,1
0,val,924,2256,9,112,1780,1
0,val,925,1299,10,1494,2468,1
0,val,926,583,10,1753,2591,1
0,val,927,586,10,2185,1896,1
0,val,928,2301,10,1281,1580,1
0,val,929,212,10,1259,626,1
0,val,930,991,10,971,1501,1
0,val,931,469,10,85,2526,1
0,val,932,357,9,2514,2648,1
0,val,933,1814,10,986,1163,1
0,val,934,971,10,1367,52,1
0,val,935,1060,10,401,711,1
0,val,936,2658,9,2549,1137,1
0,val,937,1620,11,1621,2485,1
0,val,938,2146,13,474,2704,1
0,val,939,371,9,2564,1385,1
0,val,940,141,9,2608,1893,1
0,val,941,25,10,1609,273,1
0,val,942,1199,9,1974,2009,1
0,val,943,2122,10,2624,322,1
0,val,944,1217,9,2338,1206,1
0,val,945,383,9,339,1748,1
0,val,946,2013,10,2207,2619,1
0,val,947,115,10,116,2649,1
0,val,948,2369,10,2370,1635,1
0,val,949,328,10,1574,1465,1
0,val,950,472,14,717,2377,1
0,val,951,960,10,1566,775,1
0,val,952,1373,14,807,2471,1
0,val,953,2056,10,2220,2377,1
0,val,954,2489,10,2008,884,1
0,val,955,598,10,1057,1007,1
0,val,956,146,10,147,2637,1
0,val,957,1732,9,2547,2036,1
0,val,958,189,10,1037,2651,1
0,val,959,1708,10,1489,785,1
0,val,960,1523,10,826,1057,1
0,val,961,81,11,719,1454,1
0,val,962,1029,10,1030,912,1
0,val,963,687,10,1992,2455,1
0,val,964,2181,10,936,2245,1
0,val,965,1066,9,2644,79,1
0,val,966,551,10,1939,1397,1
0,val,967,2607,10,1054,1167,1
0,val,968,1284,10,1024,165,1
0,val,969,2223,13,791,1555,1
0,val,970,2132,10,1092,885,1
0,val,971,2020,10,598,285,1
0,val,972,388,10,1065,1625,1
0,val,973,1620,11,997,2517,1
0,val,974,2401,10,146,2702,1
0,val,975,971,14,689,2251,1
0,val,976,1358,9,2388,1203,1
0,val,977,2600,10,1328,1789,1
0,val,978,2674,14,918,214,1
0,val,979,1423,10,2511,2079,1
0,val,980,2143,10,2144,2624,1
0,val,981,891,11,1097,2549,1
0,val,982,1834,11,2085,2616,1
0,val,983,2056,9,1877,1398,1
0,val,984,2467,9,1127,2744,1
0,val,985,2481,10,2482,2559,1
0,val,986,1551,10,83,2267,1
0,val,987,164,9,666,1668,1
0,val,988,1167,10,1635,2498,1
0,val,989,530,10,416,34,1
0,val,990,1634,9,1294,1706,1
0,val,991,594,10,595,693,1
0,val,992,741,10,2665,2618,1
0,val,993,1211,9,538,1513,1
0,val,994,258,10,23,119,1
0,val,995,2606,10,151,407,1
0,val,996,2692,9,779,1580,1
0,val,997,518,14,1734,1860,1
0,val,998,150,10,991,582,1
0,val,999,1641,10,458,212,1
0,val,1000,83,10,1551,1682,1
0,val,1001,126,10,2680,784,1
0,val,1002,377,9,910,196,1
0,val,1003,514,11,1032,2235,1
0,val,1004,2079,13,2115,2726,1
0,val,1005,2688,10,1984,1545,1
0,val,1006,221,14,963,1625,1
0,val,1007,2347,9,145,2563,1
0,val,1008,1437,9,1203,2468,1
0,val,1009,1545,13,499,2600,1
0,val,1010,834,9,1679,926,1
0,val,1011,1265,10,51,1159,1
0,val,1012,2201,12,664,319,1
0,val,1013,2157,9,2123,2153,1
0,val,1014,832,9,217,1791,1
0,val,1015,4,10,2514,2655,1
0,val,1016,1775,10,1623,936,1
0,val,1017,602,10,595,430,1
0,val,1018,499,13,868,2120,1
0,val,1019,790,10,1225,1761,1
0,val,1020,1959,13,1583,2738,1
0,val,1021,634,9,425,1527,1
0,val,1022,62,9,243,1369,1
0,val,1023,875,10,523,324,1
0,val,1024,1930,10,2662,2584,1
0,val,1025,85,10,385,1395,1
0,val,1026,858,10,714,2434,1
0,val,1027,95,10,2638,2653,1
0,val,1028,1177,10,1397,53,1
0,val,1029,1814,10,2657,2576,1
0,val,1030,2013,10,1953,81,1
0,val,1031,2036,10,371,1275,1
0,val,1032,176,10,2696,2570,1
0,val,1033,2260,10,2456,783,1
0,val,1034,1,9,1546,135,1
0,val,1035,1888,12,992,2716,1
0,val,1036,2624,10,2122,1401,1
0,val,1037,963,10,222,271,1
0,val,1038,1828,10,875,215,1
0,val,1039,172,10,462,2529,1
0,val,1040,658,10,659,2717,1
0,val,1041,2360,13,646,1345,1
0,val,1042,2184,13,655,2660,1
0,val,1043,23,10,829,128,1
0,val,1044,1099,10,2195,604,1
0,val,1045,1299,10,1963,345,1
0,val,1046,45,10,2197,2564,1
0,val,1047,1348,9,2015,348,1
0,val,1048,1647,10,616,386,1
0,val,1049,2702,10,60,1508,1
0,val,1050,930,9,2433,994,1
0,val,1051,328,9,2014,1505,1
0,val,1052,545,10,2673,2408,1
0,val,1053,1694,13,1262,2502,1
0,val,1054,2518,9,32,1658,1
0,val,1055,1044,10,1045,2353,1
0,val,1056,138,10,158,1590,1
0,val,1057,269,10,2257,2609,1
0,val,1058,1239,9,1388,860,1
0,val,1059,625,9,1898,1639,1
0,val,1060,1196,10,541,54,1
0,val,1061,2301,10,2434,1262,1
0,val,1062,2473,10,990,263,1
0,val,1063,462,10,912,285,1
0,val,1064,2103,10,611,315,1
0,val,1065,1570,10,799,1049,1
0,val,1066,1957,9,1757,1553,1
0,val,1067,1256,10,898,110,1
0,val,1068,240,9,77,2737,1
0,val,1069,1825,10,1717,2230,1
0,val,1070,768,10,2418,2532,1
0,val,1071,1769,10,952,749,1
0,val,1072,1317,10,1059,906,1
0,val,1073,1444,10,1028,2502,1
0,val,1074,1338,10,1689,2631,1
0,val,1075,1157,10,1437,897,1
0,val,1076,4,10,2679,2620,1
0,val,1077,28,10,205,446,1
0,val,1078,1357,9,376,538,1
0,val,1079,789,9,2058,1708,1
0,val,1080,1569,14,1988,284,1
0,val,1081,1578,10,2231,1791,1
0,val,1082,1456,9,377,2022,1
0,val,1083,673,10,1060,2195,1
0,val,1084,1963,10,1299,1369,1
0,val,1085,2620,9,2033,1924,1
0,val,1086,472,10,1590,1306,1
0,val,1087,418,10,419,1775,1
0,val,1088,2096,10,1193,2452,1
0,val,1089,242,10,1393,2601,1
0,val,1090,1399,10,746,210,1
0,val,1091,863,10,2153,2271,1
0,val,1092,2693,14,1176,883,1
0,val,1093,579,10,2119,171,1
0,val,1094,467,10,882,2423,1
0,val,1095,1154,9,2646,1902,1
0,val,1096,1899,10,467,329,1
0,val,1097,522,10,523,473,1
0,val,1098,311,10,20,514,1
0,val,1099,210,10,211,77,1
0,val,1100,478,9,2638,2130,1
0,val,1101,2065,14,1640,595,1
0,val,1102,359,14,2389,1874,1
0,val,1103,1213,10,991,345,1
0,val,1104,1902,10,196,1352,1
0,val,1105,2073,10,557,1443,1
0,val,1106,401,9,980,575,1
0,val,1107,1975,10,1260,237,1
0,val,1108,2391,9,2074,1076,1
0,val,1109,1586,9,509,1172,1
0,val,1110,380,10,1236,2505,1
0,val,1111,94,9,2573,1625,1
0,val,1112,879,9,1641,1778,1
0,val,1113,2307,10,1293,705,1
0,val,1114,559,10,211,81,1
0,val,1115,1321,10,18,139,1
0,val,1116,1461,9,471,302,1
0,val,1117,69,10,608,1842,1
0,val,1118,1050,9,1245,1287,1
0,val,1119,2708,10,97,110,1
0,val,1120,733,9,1931,696,1
0,val,1121,1853,9,1351,1693,1
0,val,1122,242,10,209,301,1
0,val,1123,569,9,2368,2112,1
0,val,1124,135,9,984,1240,1
0,val,1125,879,9,213,224,1
0,val,1126,21,10,2451,1888,1
0,val,1127,794,9,2553,2730,1
0,val,1128,481,10,482,2395,1
0,val,1129,2348,12,2202,864,1
0,val,1130,942,14,1496,1460,1
0,val,1131,141,10,2334,2561,1
0,val,1132,1702,10,1703,1779,1
0,val,1133,294,10,2024,2567,1
0,val,1134,565,9,2614,994,1
0,val,1135,370,10,230,407,1
0,val,1136,253,10,2324,2078,1
0,val,1137,1157,10,378,2451,1
0,val,1138,2084,10,1634,2548,1
0,val,1139,1591,10,2382,2193,1
0,val,1140,513,11,514,1668,1
0,val,1141,1171,14,1859,116,1
0,val,1142,1626,10,333,2524,1
0,val,1143,1730,13,1697,1571,1
0,val,1144,597,11,1243,1916,1
0,val,1145,2707,10,18,86,1
0,val,1146,457,9,2179,1108,1
0,val,1147,1971,9,2213,2272,1
0,val,1148,1074,10,1418,2607,1
0,val,1149,2380,13,791,2143,1
0,val,1150,1032,11,867,2384,1
0,val,1151,1202,10,202,294,1
0,val,1152,135,9,1896,2190,1
0,val,1153,2214,9,48,1454,1
0,val,1154,45,10,2459,2173,1
0,val,1155,2349,9,2452,1578,1
0,val,1156,2116,10,1490,1390,1
0,val,1157,1186,9,2188,1951,1
0,val,1158,2495,10,327,23,1
0,val,1159,403,9,2279,2678,1
0,val,1160,1161,10,2420,2613,1
0,val,1161,1087,16,1088,2368,1
0,val,1162,1358,9,2292,1223,1
0,val,1163,31,10,1662,2641,1
0,val,1164,725,10,1080,1886,1
0,val,1165,685,10,453,58,1
0,val,1166,844,10,1579,1443,1
0,val,1167,1072,10,1501,1144,1
0,val,1168,954,10,715,2002,1
0,val,1169,1034,10,2102,543,1
0,val,1170,1436,9,2688,1007,1
0,val,1171,438,11,1620,2313,1
0,val,1172,2533,9,222,867,1
0,val,1173,2323,9,2696,2006,1
0,val,1174,1832,10,757,186,1
0,val,1175,810,10,2374,2274,1
0,val,1176,1409,13,1291,2509,1
0,val,1177,926,14,1565,2506,1
0,val,1178,1950,9,2670,1529,1
0,val,1179,984,11,79,931,1
0,val,1180,717,14,718,2482,1
0,val,1181,879,9,1356,1107,1
0,val,1182,390,14,427,27,1
0,val,1183,2431,10,12,1657,1
0,val,1184,2694,10,1500,892,1
0,val,1185,621,10,422,652,1
0,val,1186,64,10,912,295,1
0,val,1187,807,14,1373,2510,1
0,val,1188,2153,14,941,1953,1
0,val,1189,432,9,1612,2167,1
0,val,1190,1249,10,1544,2072,1
0,val,1191,2088,10,223,268,1
0,val,1192,1552,10,84,344,1
0,val,1193,38,9,2135,609,1
0,val,1194,2427,11,700,579,1
0,val,1195,2398,10,2655,965,1
0,val,1196,770,11,91,2225,1
0,val,1197,1443,10,1444,2536,1
0,val,1198,1880,13,2115,2733,1
0,val,1199,174,10,1135,1440,1
0,val,1200,2324,10,253,2584,1
0,val,1201,452,9,290,2283,1
0,val,1202,1401,14,2673,81,1
0,val,1203,169,10,724,1421,1
0,val,1204,18,9,2485,1594,1
0,val,1205,2536,10,2221,2006,1
0,val,1206,1380,10,1392,2149,1
0,val,1207,1746,10,1830,1761,1
0,val,1208,2663,9,2031,1897,1
0,val,1209,2612,13,1941,2744,1
0,val,1210,2449,13,2297,1268,1
0,val,1211,662,10,2437,1988,1
0,val,1212,2321,10,176,219,1
0,val,1213,2022,13,546,2440,1
0,val,1214,943,10,1890,1915,1
0,val,1215,791,9,1624,2046,1
0,val,1216,990,10,1991,854,1
0,val,1217,2323,9,361,2011,1
0,val,1218,230,9,1248,501,1
0,val,1219,2451,10,21,633,1
0,val,1220,240,9,1941,2741,1
0,val,1221,2060,10,629,2548,1
0,val,1222,2260,9,1824,1860,1
0,val,1223,813,10,1473,885,1
0,val,1224,222,9,136,1216,1
0,val,1225,1243,11,597,2241,1
0,val,1226,1863,10,708,2713,1
0,val,1227,483,13,42,1742,1
0,val,1228,543,10,1593,196,1
0,val,1229,1216,9,696,837,1
0,val,1230,1189,10,1190,2581,1
0,val,1231,983,9,372,2136,1
0,val,1232,829,10,23,48,1
0,val,1233,309,14,8,172,1
0,val,1234,659,10,1424,1293,1
0,val,1235,1790,10,2124,2482,1
0,val,1236,1104,10,2222,2571,1
0,val,1237,2588,10,1338,2698,1
0,val,1238,143,10,2335,1952,1
0,val,1239,833,9,1973,1600,1
0,val,1240,764,10,765,2287,1
0,val,1241,1922,9,1383,1650,1
0,val,1242,2015,9,691,957,1
0,val,1243,122,10,910,225,1
0,val,1244,972,10,2267,2389,1
0,val,1245,401,9,1145,845,1
0,val,1246,983,9,751,109,1
0,val,1247,1837,10,176,350,1
0,val,1248,355,11,815,1556,1
0,val,1249,64,9,983,2375,1
0,val,1250,2493,13,999,2716,1
0,val,1251,1647,10,2023,1740,1
0,val,1252,1214,12,2294,1894,1
0,val,1253,736,10,376,310,1
0,val,1254,174,10,1370,1748,1
0,val,1255,963,10,875,273,1
0,val,1256,1859,14,1171,410,1
0,val,1257,1726,10,104,2721,1
0,val,1258,1281,10,2710,2518,1
0,val,1259,1116,10,1132,1420,1
0,test,0,509,7,573,12,0
0,test,1,16,1,18,330,0
0,test,2,537,1,316,694,0
0,test,3,125,2,391,677,0
0,test,4,15,1,98,503,0
0,test,5,179,1,761,886,0
0,test,6,829,1,310,226,0
0,test,7,634,1,674,752,0
0,test,8,44,1,52,582,0
0,test,9,771,1,786,817,0
0,test,10,196,1,655,902,0
0,test,11,477,1,51,256,0
0,test,12,42,1,101,583,0
0,test,13,18,1,12,205,0
0,test,14,375,1,374,814,0
0,test,15,354,1,341,130,0
0,test,16,137,1,206,905,0
0,test,17,483,1,19,173,0
0,test,18,816,1,102,239,0
0,test,19,288,1,618,667,0
0,test,20,485,1,106,119,0
0,test,21,12,1,18,825,0
0,test,22,130,1,134,481,0
0,test,23,332,1,208,879,0
0,test,24,136,0,292,272,0
0,test,25,383,1,47,31,0
0,test,26,90,1,89,654,0
0,test,27,744,0,412,195,0
0,test,28,582,0,697,589,0
0,test,29,331,1,878,434,0
0,test,30,151,1,318,857,0
0,test,31,151,1,354,312,0
0,test,32,637,1,747,920,0
0,test,33,652,0,484,447,0
0,test,34,124,1,581,912,0
0,test,35,470,1,817,878,0
0,test,36,765,1,213,760,0
0,test,37,710,1,52,582,0
0,test,38,521,1,226,170,0
0,test,39,553,1,192,916,0
0,test,40,11,1,10,907,0
0,test,41,52,1,295,638,0
0,test,42,31,0,717,417,0
0,test,43,890,1,573,452,0
0,test,44,603,1,203,28,0
0,test,45,375,1,437,888,0
0,test,46,226,1,222,843,0
0,test,47,573,1,890,334,0
0,test,48,24,1,603,546,0
0,test,49,743,1,129,558,0
0,test,50,441,1,836,421,0
0,test,51,395,2,642,334,0
0,test,52,514,0,301,697,0
0,test,53,760,1,759,529,0
0,test,54,552,1,100,677,0
0,test,55,155,1,322,41,0
0,test,56,268,1,601,886,0
0,test,57,310,1,863,843,0
0,test,58,341,0,151,288,0
0,test,59,330,2,104,907,0
0,test,60,180,1,761,907,0
0,test,61,81,1,144,171,0
0,test,62,384,1,628,73,0
0,test,63,195,1,304,14,0
0,test,64,187,1,15,18,0
0,test,65,170,1,712,877,0
0,test,66,815,1,608,748,0
0,test,67,465,1,32,772,0
0,test,68,565,1,277,673,0
0,test,69,665,0,604,55,0
0,test,70,452,2,451,541,0
0,test,71,369,1,897,887,0
0,test,72,161,1,765,716,0
0,test,73,391,2,272,647,0
0,test,74,766,1,183,413,0
0,test,75,270,1,178,118,0
0,test,76,37,1,522,823,0
0,test,77,310,0,6,25,0
0,test,78,178,1,152,840,0
0,test,79,524,1,163,583,0
0,test,80,600,1,296,549,0
0,test,81,744,1,801,865,0
0,test,82,653,1,509,706,0
0,test,83,438,1,158,440,0
0,test,84,292,1,702,398,0
0,test,85,24,1,497,538,0
0,test,86,50,1,185,703,0
0,test,87,477,1,639,748,0
0,test,88,15,1,187,235,0
0,test,89,772,1,735,853,0
0,test,90,831,1,189,335,0
0,test,91,262,0,221,525,0
0,test,92,561,1,329,421,0
0,test,93,904,1,590,830,0
0,test,94,297,2,350,847,0
0,test,95,9,1,51,166,0
0,test,96,15,1,277,667,0
0,test,97,47,2,118,90,0
0,test,98,697,0,38,62,0
0,test,99,650,2,649,848,0
0,test,100,99,1,78,189,0
0,test,101,688,1,687,854,0
0,test,102,203,1,603,601,0
0,test,103,725,1,252,773,0
0,test,104,849,1,562,876,0
0,test,105,685,1,359,389,0
0,test,106,344,0,843,322,0
0,test,107,243,1,538,846,0
0,test,108,250,1,455,910,0
0,test,109,82,1,838,872,0
0,test,110,707,1,456,454,0
0,test,111,23,0,911,414,0
0,test,112,219,1,139,299,0
0,test,113,653,0,861,820,0
0,test,114,917,1,210,516,0
0,test,115,802,1,649,787,0
0,test,116,445,1,597,582,0
0,test,117,129,1,323,865,0
0,test,118,155,1,154,655,0
0,test,119,80,1,66,901,0
0,test,120,78,1,683,309,0
0,test,121,637,1,351,679,0
0,test,122,102,1,291,860,0
0,test,123,799,1,390,652,0
0,test,124,755,1,82,213,0
0,test,125,664,5,339,359,0
0,test,126,725,1,494,872,0
0,test,127,604,1,281,93,0
0,test,128,23,1,496,166,0
0,test,129,369,1,300,860,0
0,test,130,828,1,723,858,0
0,test,131,256,0,546,292,0
0,test,132,755,0,15,15,0
0,test,133,471,1,4,339,0
0,test,134,80,1,115,869,0
0,test,135,850,0,480,861,0
0,test,136,74,1,629,548,0
0,test,137,461,1,338,865,0
0,test,138,692,1,358,804,0
0,test,139,530,1,501,684,0
0,test,140,159,1,686,256,0
0,test,141,483,0,38,79,0
0,test,142,811,1,725,187,0
0,test,143,479,1,151,657,0
0,test,144,267,1,601,913,0
0,test,145,371,1,58,450,0
0,test,146,889,0,227,316,0
0,test,147,854,4,121,35,0
0,test,148,672,1,50,471,0
0,test,149,639,1,477,25,0
0,test,150,117,1,116,576,0
0,test,151,607,1,606,779,0
0,test,152,315,1,369,538,0
0,test,153,900,0,879,660,0
0,test,154,160,1,181,795,0
0,test,155,13,1,508,818,0
0,test,156,339,1,682,877,0
0,test,157,189,1,188,860,0
0,test,158,140,1,139,817,0
0,test,159,205,1,74,232,0
0,test,160,212,0,797,876,0
0,test,161,251,0,613,149,0
0,test,162,344,1,435,670,0
0,test,163,887,1,170,856,0
0,test,164,277,1,884,46,0
0,test,165,329,0,849,346,0
0,test,166,303,1,195,921,0
0,test,167,455,2,406,917,0
0,test,168,296,1,600,242,0
0,test,169,759,1,580,523,0
0,test,170,370,1,83,883,0
0,test,171,710,1,296,464,0
0,test,172,702,1,292,489,0
0,test,173,787,1,22,339,0
0,test,174,89,2,691,772,0
0,test,175,98,0,550,661,0
0,test,176,118,5,57,862,0
0,test,177,4,1,562,901,0
0,test,178,525,0,111,187,0
0,test,179,534,1,313,847,0
0,test,180,143,1,192,918,0
0,test,181,263,1,813,329,0
0,test,182,437,1,673,841,0
0,test,183,701,1,484,413,0
0,test,184,451,1,16,274,0
0,test,185,106,1,485,331,0
0,test,186,529,1,595,874,0
0,test,187,434,1,741,791,0
0,test,188,573,16,509,182,1
0,test,189,18,10,16,171,1
0,test,190,316,10,537,71,1
0,test,191,391,11,125,859,1
0,test,192,98,10,15,13,1
0,test,193,761,10,179,167,1
0,test,194,310,10,829,830,1
0,test,195,674,10,634,807,1
0,test,196,52,10,44,684,1
0,test,197,786,10,771,696,1
0,test,198,655,10,196,620,1
0,test,199,51,10,477,810,1
0,test,200,101,10,42,105,1
0,test,201,12,10,18,909,1
0,test,202,374,10,375,78,1
0,test,203,341,10,354,335,1
0,test,204,206,10,137,851,1
0,test,205,19,10,483,101,1
0,test,206,102,10,816,857,1
0,test,207,618,10,288,726,1
0,test,208,106,10,485,339,1
0,test,209,18,10,12,568,1
0,test,210,134,10,130,220,1
0,test,211,208,10,332,414,1
0,test,212,292,9,136,627,1
0,test,213,47,10,383,203,1
0,test,214,89,10,90,511,1
0,test,215,412,9,744,282,1
0,test,216,697,9,582,854,1
0,test,217,878,10,331,187,1
0,test,218,318,10,151,576,1
0,test,219,354,10,151,737,1
0,test,220,747,10,637,912,1
0,test,221,484,9,652,693,1
0,test,222,581,10,124,908,1
0,test,223,817,10,470,72,1
0,test,224,213,10,765,853,1
0,test,225,52,10,710,48,1
0,test,226,226,10,521,435,1
0,test,227,192,10,553,836,1
0,test,228,10,10,11,844,1
0,test,229,295,10,52,460,1
0,test,230,717,9,31,372,1
0,test,231,573,10,890,342,1
0,test,232,203,10,603,250,1
0,test,233,437,10,375,110,1
0,test,234,222,10,226,356,1
0,test,235,890,10,573,460,1
0,test,236,603,10,24,27,1
0,test,237,129,10,743,854,1
0,test,238,836,10,441,174,1
0,test,239,642,11,395,583,1
0,test,240,301,9,514,619,1
0,test,241,759,10,760,891,1
0,test,242,100,10,552,283,1
0,test,243,322,10,155,843,1
0,test,244,601,10,268,425,1
0,test,245,863,10,310,141,1
0,test,246,151,9,341,383,1
0,test,247,104,11,330,685,1
0,test,248,761,10,180,573,1
0,test,249,144,10,81,436,1
0,test,250,628,10,384,213,1
0,test,251,304,10,195,919,1
0,test,252,15,10,187,211,1
0,test,253,712,10,170,865,1
0,test,254,608,10,815,861,1
0,test,255,32,10,465,906,1
0,test,256,277,10,565,532,1
0,test,257,604,9,665,902,1
0,test,258,451,11,452,473,1
0,test,259,897,10,369,460,1
0,test,260,765,10,161,374,1
0,test,261,272,11,391,554,1
0,test,262,183,10,766,833,1
0,test,263,178,10,270,99,1
0,test,264,522,10,37,205,1
0,test,265,6,9,310,195,1
0,test,266,152,10,178,76,1
0,test,267,163,10,524,520,1
0,test,268,296,10,600,243,1
0,test,269,801,10,744,865,1
0,test,270,509,10,653,864,1
0,test,271,158,10,438,628,1
0,test,272,702,10,292,481,1
0,test,273,497,10,24,28,1
0,test,274,185,10,50,582,1
0,test,275,639,10,477,415,1
0,test,276,187,10,15,20,1
0,test,277,735,10,772,785,1
0,test,278,189,10,831,884,1
0,test,279,221,9,262,478,1
0,test,280,329,10,561,699,1
0,test,281,590,10,904,875,1
0,test,282,350,11,297,540,1
0,test,283,51,10,9,215,1
0,test,284,277,10,15,18,1
0,test,285,118,11,47,495,1
0,test,286,38,9,697,691,1
0,test,287,649,11,650,413,1
0,test,288,78,10,99,456,1
0,test,289,687,10,688,902,1
0,test,290,603,10,203,27,1
0,test,291,252,10,725,489,1
0,test,292,562,10,849,816,1
0,test,293,359,10,685,208,1
0,test,294,843,9,344,121,1
0,test,295,538,10,243,46,1
0,test,296,455,10,250,649,1
0,test,297,838,10,82,240,1
0,test,298,456,10,707,874,1
0,test,299,911,9,23,102,1
0,test,300,139,10,219,692,1
0,test,301,861,9,653,647,1
0,test,302,210,10,917,844,1
0,test,303,649,10,802,544,1
0,test,304,597,10,445,826,1
0,test,305,323,10,129,208,1
0,test,306,154,10,155,723,1
0,test,307,66,10,80,301,1
0,test,308,683,10,78,182,1
0,test,309,351,10,637,885,1
0,test,310,291,10,102,55,1
0,test,311,390,10,799,860,1
0,test,312,82,10,755,829,1
0,test,313,339,14,664,8,1
0,test,314,494,10,725,422,1
0,test,315,281,10,604,50,1
0,test,316,496,10,23,72,1
0,test,317,300,10,369,553,1
0,test,318,723,10,828,869,1
0,test,319,546,9,256,517,1
0,test,320,15,9,755,439,1
0,test,321,4,10,471,398,1
0,test,322,115,10,80,174,1
0,test,323,480,9,850,523,1
0,test,324,629,10,74,156,1
0,test,325,338,10,461,824,1
0,test,326,358,10,692,686,1
0,test,327,501,10,530,170,1
0,test,328,686,10,159,913,1
0,test,329,38,9,483,59,1
0,test,330,725,10,811,78,1
0,test,331,151,10,479,532,1
0,test,332,601,10,267,883,1
0,test,333,58,10,371,347,1
0,test,334,227,9,889,382,1
0,test,335,121,13,854,742,1
0,test,336,50,10,672,851,1
0,test,337,477,10,639,247,1
0,test,338,116,10,117,306,1
0,test,339,606,10,607,840,1
0,test,340,369,10,315,118,1
0,test,341,879,9,900,827,1
0,test,342,181,10,160,223,1
0,test,343,508,10,13,51,1
0,test,344,682,10,339,637,1
0,test,345,188,10,189,522,1
0,test,346,139,10,140,403,1
0,test,347,74,10,205,861,1
0,test,348,797,9,212,794,1
0,test,349,613,9,251,28,1
0,test,350,435,10,344,208,1
0,test,351,170,10,887,463,1
0,test,352,884,10,277,773,1
0,test,353,849,9,329,369,1
0,test,354,195,10,303,750,1
0,test,355,406,11,455,898,1
0,test,356,600,10,296,375,1
0,test,357,580,10,759,885,1
0,test,358,83,10,370,214,1
0,test,359,296,10,710,629,1
0,test,360,292,10,702,37,1
0,test,361,22,10,787,655,1
0,test,362,691,11,89,610,1
0,test,363,550,9,98,122,1
0,test,364,57,14,118,892,1
0,test,365,562,10,4,135,1
0,test,366,111,9,525,702,1
0,test,367,313,10,534,583,1
0,test,368,192,10,143,208,1
0,test,369,813,10,263,165,1
0,test,370,673,10,437,488,1
0,test,371,484,10,701,867,1
0,test,372,16,10,451,426,1
0,test,373,485,10,106,127,1
0,test,374,595,10,529,553,1
0,test,375,741,10,434,451,1
3,val,0,1026,1,2209,1046,0
3,val,1,2313,1,31,1,0
3,val,2,474,4,1958,448,0
3,val,3,1751,1,211,4,0
3,val,4,1136,1,395,323,0
3,val,5,66,2,997,2700,0
3,val,6,1196,1,953,1,0
3,val,7,2025,0,577,1105,0
3,val,8,1168,5,86,376,0
3,val,9,2424,1,79,10,0
3,val,10,53,1,34,1,0
3,val,11,810,1,930,389,0
3,val,12,2411,0,810,89,0
3,val,13,2386,6,2625,466,0
3,val,14,140,1,1900,927,0
3,val,15,434,0,2078,741,0
3,val,16,2515,0,2166,647,0
3,val,17,1474,1,676,2,0
3,val,18,918,1,923,2,0
3,val,19,552,1,1098,2347,0
3,val,20,2582,1,849,5,0
3,val,21,1397,1,49,2,0
3,val,22,2504,1,662,170,0
3,val,23,2311,1,1389,149,0
3,val,24,381,5,380,60,0
3,val,25,1863,1,1862,1915,0
3,val,26,2104,1,1399,1,0
3,val,27,1765,2,2633,836,0
3,val,28,1722,0,11,2318,0
3,val,29,1338,1,2457,799,0
3,val,30,2022,3,42,90,0
3,val,31,312,1,976,71,0
3,val,32,2639,0,1809,442,0
3,val,33,2133,1,23,1,0
3,val,34,396,1,357,1,0
3,val,35,1185,4,1656,902,0
3,val,36,2619,0,1217,14,0
3,val,37,2602,1,1270,205,0
3,val,38,79,2,1830,880,0
3,val,39,952,1,25,1309,0
3,val,40,906,0,519,850,0
3,val,41,79,2,1861,2442,0
3,val,42,93,0,430,789,0
3,val,43,2674,5,918,197,0
3,val,44,1865,0,143,1,0
3,val,45,826,1,1836,2275,0
3,val,46,1205,1,2243,1752,0
3,val,47,1432,1,1431,2546,0
3,val,48,1895,0,1018,63,0
3,val,49,1202,2,1149,497,0
3,val,50,34,1,2300,319,0
3,val,51,1087,1,173,2340,0
3,val,52,285,1,2512,253,0
3,val,53,943,1,1806,227,0
3,val,54,150,1,1068,1,0
3,val,55,1123,0,399,1929,0
3,val,56,317,4,2115,1123,0
3,val,57,363,1,2013,549,0
3,val,58,1429,0,143,2,0
3,val,59,2497,0,230,8,0
3,val,60,1930,0,256,1127,0
3,val,61,2581,1,620,2626,0
3,val,62,751,1,936,669,0
3,val,63,2012,1,583,2,0
3,val,64,2653,1,1771,697,0
3,val,65,413,0,1600,407,0
3,val,66,12,1,334,1379,0
3,val,67,671,5,2132,2247,0
3,val,68,2398,1,2655,599,0
3,val,69,2413,4,1467,2621,0
3,val,70,287,3,249,5,0
3,val,71,1859,1,2054,317,0
3,val,72,1900,1,140,2281,0
3,val,73,327,1,10,213,0
3,val,74,862,1,1806,2355,0
3,val,75,2614,1,2273,1144,0
3,val,76,1770,1,225,135,0
3,val,77,1975,1,1260,374,0
3,val,78,459,1,409,189,0
3,val,79,1796,0,2516,823,0
3,val,80,54,1,102,1,0
3,val,81,5,0,810,6,0
3,val,82,2561,1,62,13,0
3,val,83,797,1,2142,846,0
3,val,84,2299,0,2154,2720,0
3,val,85,8,1,1722,1111,0
3,val,86,173,1,1087,294,0
3,val,87,114,0,803,299,0
3,val,88,848,1,847,1384,0
3,val,89,537,1,1538,481,0
3,val,90,871,0,1502,2547,0
3,val,91,1391,0,1790,565,0
3,val,92,329,1,271,36,0
3,val,93,427,1,426,2010,0
3,val,94,295,1,665,2233,0
3,val,95,1705,1,439,13,0
3,val,96,1860,0,561,137,0
3,val,97,764,2,1765,2115,0
3,val,98,1016,1,2599,657,0
3,val,99,641,1,1075,797,0
3,val,100,139,0,932,395,0
3,val,101,2421,0,12,33,0
3,val,102,452,1,151,182,0
3,val,103,1472,5,1613,1607,0
3,val,104,997,2,1621,2652,0
3,val,105,1230,1,978,1,0
3,val,106,1280,1,29,31,0
3,val,107,2092,1,1504,1318,0
3,val,108,2455,1,1319,949,0
3,val,109,2255,1,211,3,0
3,val,110,77,4,767,2274,0
3,val,111,150,1,1952,1,0
3,val,112,637,1,2187,643,0
3,val,113,35,1,981,4,0
3,val,114,1428,0,1235,129,0
3,val,115,1148,4,928,407,0
3,val,116,1056,1,843,1565,0
3,val,117,1230,0,1348,738,0
3,val,118,79,1,879,2,0
3,val,119,2519,1,554,869,0
3,val,120,631,0,283,12,0
3,val,121,564,1,1945,1145,0
3,val,122,1137,1,1136,1050,0
3,val,123,738,0,1641,1483,0
3,val,124,2472,1,1190,767,0
3,val,125,1245,1,347,44,0
3,val,126,672,1,64,92,0
3,val,127,233,1,1854,2317,0
3,val,128,1965,1,1964,1710,0
3,val,129,1415,0,1661,1419,0
3,val,130,238,1,237,12,0
3,val,131,1999,1,941,1161,0
3,val,132,2196,0,969,80,0
3,val,133,2384,1,1488,2283,0
3,val,134,462,1,912,194,0
3,val,135,1896,3,957,227,0
3,val,136,1722,1,849,1,0
3,val,137,631,5,798,1432,0
3,val,138,2456,1,550,2728,0
3,val,139,1286,1,660,5,0
3,val,140,2237,1,1353,121,0
3,val,141,1279,1,2611,2366,0
3,val,142,116,2,234,715,0
3,val,143,777,0,328,32,0
3,val,144,2134,1,194,2322,0
3,val,145,2013,0,494,1903,0
3,val,146,853,1,1420,240,0
3,val,147,10,1,34,5,0
3,val,148,1710,1,148,15,0
3,val,149,215,1,561,1,0
3,val,150,1986,1,468,2496,0
3,val,151,952,0,479,13,0
3,val,152,1859,1,992,35,0
3,val,153,1569,5,1988,217,0
3,val,154,756,0,525,672,0
3,val,155,140,1,461,2487,0
3,val,156,773,1,2001,4,0
3,val,157,1159,0,1722,2264,0
3,val,158,1859,1,773,37,0
3,val,159,1270,0,490,278,0
3,val,160,1498,0,1814,1099,0
3,val,161,2260,1,371,1,0
3,val,162,1303,1,315,5,0
3,val,163,1938,1,1319,464,0
3,val,164,531,1,336,118,0
3,val,165,147,0,2535,556,0
3,val,166,841,0,1695,1458,0
3,val,167,2030,0,2614,103,0
3,val,168,141,1,394,2,0
3,val,169,2197,0,45,1454,0
3,val,170,999,4,2529,350,0
3,val,171,349,1,746,3,0
3,val,172,1658,0,2042,1169,0
3,val,173,1176,0,1538,635,0
3,val,174,99,1,71,1,0
3,val,175,1196,1,541,5,0
3,val,176,979,1,1773,2215,0
3,val,177,547,0,383,6,0
3,val,178,556,1,2074,14,0
3,val,179,875,1,2364,10,0
3,val,180,2550,0,2687,51,0
3,val,181,148,1,55,4,0
3,val,182,1180,0,1631,230,0
3,val,183,344,1,230,2,0
3,val,184,1099,1,2195,387,0
3,val,185,1035,1,2069,1066,0
3,val,186,595,1,2664,573,0
3,val,187,234,1,233,12,0
3,val,188,19,1,662,26,0
3,val,189,1620,2,997,1579,0
3,val,190,1794,0,480,398,0
3,val,191,2641,1,454,5,0
3,val,192,2026,1,459,1,0
3,val,193,371,1,1691,177,0
3,val,194,531,1,1671,799,0
3,val,195,1829,1,525,67,0
3,val,196,601,1,221,1,0
3,val,197,1916,1,1161,11,0
3,val,198,618,1,417,531,0
3,val,199,263,0,2226,1260,0
3,val,200,938,1,2559,169,0
3,val,201,2412,0,62,9,0
3,val,202,809,1,1005,1193,0
3,val,203,1753,0,1174,76,0
3,val,204,277,1,445,1447,0
3,val,205,1432,0,2087,538,0
3,val,206,1994,1,187,115,0
3,val,207,68,4,1601,1536,0
3,val,208,2580,0,1074,2744,0
3,val,209,683,1,198,523,0
3,val,210,2434,0,634,1141,0
3,val,211,1756,1,836,1,0
3,val,212,62,4,1624,2224,0
3,val,213,653,1,652,179,0
3,val,214,455,1,454,5,0
3,val,215,1952,1,1494,1,0
3,val,216,832,1,1325,381,0
3,val,217,2589,0,377,1607,0
3,val,218,2419,0,1197,752,0
3,val,219,1928,1,1533,719,0
3,val,220,1008,1,668,604,0
3,val,221,1755,1,307,385,0
3,val,222,250,1,429,1,0
3,val,223,602,1,595,935,0
3,val,224,1184,0,1682,310,0
3,val,225,1256,1,54,1,0
3,val,226,480,0,1199,131,0
3,val,227,1171,1,855,4,0
3,val,228,2616,4,456,1637,0
3,val,229,963,0,479,9,0
3,val,230,435,1,1684,457,0
3,val,231,2427,1,32,2,0
3,val,232,2399,1,2543,798,0
3,val,233,2344,1,225,275,0
3,val,234,1449,1,2381,243,0
3,val,235,2284,1,1505,2,0
3,val,236,881,0,110,205,0
3,val,237,330,5,1783,1519,0
3,val,238,585,1,2508,974,0
3,val,239,1969,0,51,1373,0
3,val,240,223,5,1306,1341,0
3,val,241,2637,0,1724,1532,0
3,val,242,672,1,345,223,0
3,val,243,912,1,1933,800,0
3,val,244,29,1,1485,381,0
3,val,245,699,0,2452,1584,0
3,val,246,791,4,2343,39,0
3,val,247,2444,2,514,91,0
3,val,248,183,0,401,1065,0
3,val,249,380,0,1729,951,0
3,val,250,997,1,1707,43,0
3,val,251,312,0,983,59,0
3,val,252,546,4,620,968,0
3,val,253,1366,1,2507,445,0
3,val,254,371,0,1357,1503,0
3,val,255,390,1,881,1,0
3,val,256,106,1,268,274,0
3,val,257,941,1,2144,1221,0
3,val,258,114,0,692,1182,0
3,val,259,687,0,2496,505,0
3,val,260,133,1,261,173,0
3,val,261,659,0,143,1,0
3,val,262,783,0,1049,1954,0
3,val,263,612,0,88,1699,0
3,val,264,1705,1,39,41,0
3,val,265,1826,1,962,85,0
3,val,266,25,1,24,1,0
3,val,267,1255,4,2604,578,0
3,val,268,1348,0,1596,1816,0
3,val,269,2250,1,2249,694,0
3,val,270,1420,1,853,163,0
3,val,271,2056,1,2220,1587,0
3,val,272,103,0,344,748,0
3,val,273,2231,0,888,282,0
3,val,274,595,0,1347,1746,0
3,val,275,39,1,366,578,0
3,val,276,1165,0,1186,603,0
3,val,277,674,1,673,2,0
3,val,278,1402,1,1611,1,0
3,val,279,528,0,1199,126,0
3,val,280,1104,1,1857,1839,0
3,val,281,1266,0,545,257,0
3,val,282,2695,0,1,281,0
3,val,283,868,4,2458,582,0
3,val,284,1654,1,158,199,0
3,val,285,940,1,939,2297,0
3,val,286,192,1,453,213,0
3,val,287,115,1,336,6,0
3,val,288,450,0,1631,225,0
3,val,289,1367,1,2525,1421,0
3,val,290,239,0,2304,1934,0
3,val,291,713,1,83,1865,0
3,val,292,569,2,1906,52,0
3,val,293,1191,1,29,1,0
3,val,294,112,0,2256,1485,0
3,val,295,1494,1,1299,1325,0
3,val,296,1753,1,583,16,0
3,val,297,2185,1,586,2349,0
3,val,298,1281,1,2301,1434,0
3,val,299,1259,1,212,1473,0
3,val,300,971,1,991,5,0
3,val,301,85,1,469,322,0
3,val,302,2514,0,357,20,0
3,val,303,986,1,1814,789,0
3,val,304,1367,1,971,1,0
3,val,305,401,1,1060,62,0
3,val,306,2549,0,2658,143,0
3,val,307,1621,2,1620,1256,0
3,val,308,474,4,2146,902,0
3,val,309,2564,0,371,20,0
3,val,310,2608,0,141,1,0
3,val,311,1609,1,25,3,0
3,val,312,1974,0,1199,135,0
3,val,313,2624,1,2122,1546,0
3,val,314,2338,0,1217,14,0
3,val,315,339,0,383,6,0
3,val,316,2207,1,2013,2091,0
3,val,317,116,1,115,176,0
3,val,318,2370,1,2369,1285,0
3,val,319,1574,1,328,40,0
3,val,320,717,5,472,1353,0
3,val,321,1566,1,960,1,0
3,val,322,807,5,1373,1587,0
3,val,323,2220,1,2056,2027,0
3,val,324,2008,1,2489,1697,0
3,val,325,1057,1,598,1,0
3,val,326,147,1,146,1986,0
3,val,327,2547,0,1732,2317,0
3,val,328,1037,1,189,2442,0
3,val,329,1489,1,1708,3,0
3,val,330,826,1,1523,41,0
3,val,331,719,2,81,629,0
3,val,332,1030,1,1029,15,0
3,val,333,1992,1,687,30,0
3,val,334,936,1,2181,509,0
3,val,335,2644,0,1066,1860,0
3,val,336,1939,1,551,1945,0
3,val,337,1054,1,2607,1647,0
3,val,338,1024,1,1284,2,0
3,val,339,791,4,2223,962,0
3,val,340,1092,1,2132,553,0
3,val,341,598,1,2020,6,0
3,val,342,1065,1,388,2,0
3,val,343,997,2,1620,2484,0
3,val,344,146,1,2401,1179,0
3,val,345,689,5,971,398,0
3,val,346,2388,0,1358,96,0
3,val,347,1328,1,2600,849,0
3,val,348,918,5,2674,720,0
3,val,349,2511,1,1423,234,0
3,val,350,2144,1,2143,2441,0
3,val,351,1097,2,891,2498,0
3,val,352,2085,2,1834,414,0
3,val,353,1877,0,2056,1885,0
3,val,354,1127,0,2467,630,0
3,val,355,2482,1,2481,27,0
3,val,356,83,1,1551,38,0
3,val,357,666,0,164,50,0
3,val,358,1635,1,1167,828,0
3,val,359,416,1,530,7,0
3,val,360,1294,0,1634,1837,0
3,val,361,595,1,594,802,0
3,val,362,2665,1,741,458,0
3,val,363,538,0,1211,444,0
3,val,364,23,1,258,4,0
3,val,365,151,1,2606,313,0
3,val,366,779,0,2692,558,0
3,val,367,1734,5,518,943,0
3,val,368,991,1,150,1,0
3,val,369,458,1,1641,1,0
3,val,370,1551,1,83,2277,0
3,val,371,2680,1,126,6,0
3,val,372,910,0,377,1610,0
3,val,373,1032,2,514,131,0
3,val,374,2115,4,2079,413,0
3,val,375,1984,1,2688,689,0
3,val,376,963,5,221,1802,0
3,val,377,145,0,2347,1523,0
3,val,378,1203,0,1437,1769,0
3,val,379,499,4,1545,9,0
3,val,380,1679,0,834,29,0
3,val,381,51,1,1265,86,0
3,val,382,664,3,2201,293,0
3,val,383,2123,0,2157,433,0
3,val,384,217,0,832,1006,0
3,val,385,2514,1,4,1,0
3,val,386,1623,1,1775,536,0
3,val,387,595,1,602,1651,0
3,val,388,868,4,499,247,0
3,val,389,1225,1,790,2,0
3,val,390,1583,4,1959,56,0
3,val,391,425,0,634,1148,0
3,val,392,243,0,62,11,0
3,val,393,523,1,875,6,0
3,val,394,2662,1,1930,43,0
3,val,395,385,1,85,1941,0
3,val,396,714,1,858,1,0
3,val,397,2638,1,95,17,0
3,val,398,1397,1,1177,29,0
3,val,399,2657,1,1814,2372,0
3,val,400,1953,1,2013,1641,0
3,val,401,371,1,2036,57,0
3,val,402,2696,1,176,1,0
3,val,403,2456,1,2260,1579,0
3,val,404,1546,0,1,333,0
3,val,405,992,3,1888,5,0
3,val,406,2122,1,2624,122,0
3,val,407,222,1,963,15,0
3,val,408,875,1,1828,277,0
3,val,409,462,1,172,2028,0
3,val,410,659,1,658,7,0
3,val,411,646,4,2360,77,0
3,val,412,655,4,2184,782,0
3,val,413,829,1,23,1,0
3,val,414,2195,1,1099,1674,0
3,val,415,1963,1,1299,152,0
3,val,416,2197,1,45,853,0
3,val,417,2015,0,1348,706,0
3,val,418,616,1,1647,130,0
3,val,419,60,1,2702,331,0
3,val,420,2433,0,930,192,0
3,val,421,2014,0,328,30,0
3,val,422,2673,1,545,11,0
3,val,423,1262,4,1694,338,0
3,val,424,32,0,2518,1157,0
3,val,425,1045,1,1044,66,0
3,val,426,158,1,138,1,0
3,val,427,2257,1,269,1,0
3,val,428,1388,0,1239,202,0
3,val,429,1898,0,625,1750,0
3,val,430,541,1,1196,7,0
3,val,431,2434,1,2301,1234,0
3,val,432,990,1,2473,2132,0
3,val,433,912,1,462,1452,0
3,val,434,611,1,2103,3,0
3,val,435,799,1,1570,175,0
3,val,436,1757,0,1957,1487,0
3,val,437,898,1,1256,34,0
3,val,438,77,0,240,2708,0
3,val,439,1717,1,1825,661,0
3,val,440,2418,1,768,2,0
3,val,441,952,1,1769,1432,0
3,val,442,1059,1,1317,1,0
3,val,443,1028,1,1444,969,0
3,val,444,1689,1,1338,2679,0
3,val,445,1437,1,1157,4,0
3,val,446,2679,1,4,10,0
3,val,447,205,1,28,45,0
3,val,448,376,0,1357,1859,0
3,val,449,2058,0,789,1373,0
3,val,450,1988,5,1569,1948,0
3,val,451,2231,1,1578,4,0
3,val,452,377,0,1456,109,0
3,val,453,1060,1,673,1,0
3,val,454,1299,1,1963,6,0
3,val,455,2033,0,2620,1101,0
3,val,456,1590,1,472,82,0
3,val,457,419,1,418,1836,0
3,val,458,1193,1,2096,1815,0
3,val,459,1393,1,242,15,0
3,val,460,746,1,1399,1,0
3,val,461,2153,1,863,11,0
3,val,462,1176,5,2693,169,0
3,val,463,2119,1,579,1,0
3,val,464,882,1,467,5,0
3,val,465,2646,0,1154,1753,0
3,val,466,467,1,1899,377,0
3,val,467,523,1,522,91,0
3,val,468,20,1,311,1336,0
3,val,469,211,1,210,7,0
3,val,470,2638,0,478,926,0
3,val,471,1640,5,2065,928,0
3,val,472,2389,5,359,674,0
3,val,473,991,1,1213,1,0
3,val,474,196,1,1902,1,0
3,val,475,557,1,2073,64,0
3,val,476,980,0,401,758,0
3,val,477,1260,1,1975,6,0
3,val,478,2074,0,2391,1293,0
3,val,479,509,0,1586,2427,0
3,val,480,1236,1,380,6,0
3,val,481,2573,0,94,66,0
3,val,482,1641,0,879,1269,0
3,val,483,1293,1,2307,26,0
3,val,484,211,1,559,1,0
3,val,485,18,1,1321,125,0
3,val,486,471,0,1461,1105,0
3,val,487,608,1,69,1,0
3,val,488,1245,0,1050,2504,0
3,val,489,97,1,2708,70,0
3,val,490,1931,0,733,1789,0
3,val,491,1351,0,1853,291,0
3,val,492,209,1,242,2,0
3,val,493,2368,0,569,2,0
3,val,494,984,0,135,1493,0
3,val,495,213,0,879,1287,0
3,val,496,2451,1,21,2296,0
3,val,497,2553,0,794,1607,0
3,val,498,482,1,481,2345,0
3,val,499,2202,3,2348,1574,0
3,val,500,1496,5,942,202,0
3,val,501,2334,1,141,1,0
3,val,502,1703,1,1702,721,0
3,val,503,2024,1,294,48,0
3,val,504,2614,0,565,2474,0
3,val,505,230,1,370,1,0
3,val,506,2324,1,253,365,0
3,val,507,378,1,1157,46,0
3,val,508,1634,1,2084,2315,0
3,val,509,2382,1,1591,2104,0
3,val,510,514,2,513,1797,0
3,val,511,1859,5,1171,255,0
3,val,512,333,1,1626,2381,0
3,val,513,1697,4,1730,340,0
3,val,514,1243,2,597,1744,0
3,val,515,18,1,2707,160,0
3,val,516,2179,0,457,2312,0
3,val,517,2213,0,1971,1357,0
3,val,518,1418,1,1074,2447,0
3,val,519,791,4,2380,824,0
3,val,520,867,2,1032,1928,0
3,val,521,202,1,1202,12,0
3,val,522,1896,0,135,1400,0
3,val,523,48,0,2214,623,0
3,val,524,2459,1,45,807,0
3,val,525,2452,0,2349,1000,0
3,val,526,1490,1,2116,253,0
3,val,527,2188,0,1186,912,0
3,val,528,327,1,2495,2079,0
3,val,529,2279,0,403,1715,0
3,val,530,2420,1,1161,32,0
3,val,531,1088,7,1087,26,0
3,val,532,2292,0,1358,94,0
3,val,533,1662,1,31,1,0
3,val,534,1080,1,725,146,0
3,val,535,453,1,685,359,0
3,val,536,1579,1,844,369,0
3,val,537,1501,1,1072,4,0
3,val,538,715,1,954,1682,0
3,val,539,2102,1,1034,250,0
3,val,540,2688,0,1436,835,0
3,val,541,1620,2,438,1376,0
3,val,542,222,0,2533,1720,0
3,val,543,2696,0,2323,1120,0
3,val,544,757,1,1832,1000,0
3,val,545,2374,1,810,28,0
3,val,546,1291,4,1409,496,0
3,val,547,1565,5,926,1153,0
3,val,548,2670,0,1950,376,0
3,val,549,79,2,984,171,0
3,val,550,718,5,717,2441,0
3,val,551,1356,0,879,1075,0
3,val,552,427,5,390,26,0
3,val,553,12,1,2431,1150,0
3,val,554,1500,1,2694,797,0
3,val,555,422,1,621,41,0
3,val,556,912,1,64,12,0
3,val,557,1373,5,807,370,0
3,val,558,941,5,2153,1308,0
3,val,559,1612,0,432,1312,0
3,val,560,1544,1,1249,103,0
3,val,561,223,1,2088,510,0
3,val,562,84,1,1552,12,0
3,val,563,2135,0,38,711,0
3,val,564,700,2,2427,776,0
3,val,565,2655,1,2398,2508,0
3,val,566,91,2,770,805,0
3,val,567,1444,1,1443,51,0
3,val,568,2115,4,1880,1309,0
3,val,569,1135,1,174,3,0
3,val,570,253,1,2324,1,0
3,val,571,290,0,452,755,0
3,val,572,2673,5,1401,2111,0
3,val,573,724,1,169,74,0
3,val,574,2485,0,18,128,0
3,val,575,2221,1,2536,2074,0
3,val,576,1392,1,1380,5,0
3,val,577,1830,1,1746,1076,0
3,val,578,2031,0,2663,452,0
3,val,579,1941,4,2612,377,0
3,val,580,2297,4,2449,647,0
3,val,581,2437,1,662,117,0
3,val,582,176,1,2321,559,0
3,val,583,546,4,2022,612,0
3,val,584,1890,1,943,830,0
3,val,585,1624,0,791,26,0
3,val,586,1991,1,990,1,0
3,val,587,361,0,2323,1114,0
3,val,588,1248,0,230,9,0
3,val,589,21,1,2451,1322,0
3,val,590,1941,0,240,2666,0
3,val,591,629,1,2060,41,0
3,val,592,1824,0,2260,1854,0
3,val,593,1473,1,813,155,0
3,val,594,136,0,222,99,0
3,val,595,597,2,1243,2666,0
3,val,596,708,1,1863,329,0
3,val,597,42,4,483,70,0
3,val,598,1593,1,543,14,0
3,val,599,696,0,1216,79,0
3,val,600,1190,1,1189,1570,0
3,val,601,372,0,983,63,0
3,val,602,23,1,829,1,0
3,val,603,8,5,309,94,0
3,val,604,1424,1,659,1860,0
3,val,605,2124,1,1790,80,0
3,val,606,2222,1,1104,19,0
3,val,607,1338,1,2588,351,0
3,val,608,2335,1,143,1,0
3,val,609,1973,0,833,1138,0
3,val,610,765,1,764,2609,0
3,val,611,1383,0,1922,273,0
3,val,612,691,0,2015,161,0
3,val,613,910,1,122,18,0
3,val,614,2267,1,972,456,0
3,val,615,1145,0,401,1067,0
3,val,616,751,0,983,63,0
3,val,617,176,1,1837,891,0
3,val,618,815,2,355,2031,0
3,val,619,983,0,64,55,0
3,val,620,999,4,2493,327,0
3,val,621,2023,1,1647,1147,0
3,val,622,2294,3,1214,1566,0
3,val,623,376,1,736,730,0
3,val,624,1370,1,174,8,0
3,val,625,875,1,963,2,0
3,val,626,1171,5,1859,227,0
3,val,627,104,1,1726,11,0
3,val,628,2710,1,1281,51,0
3,val,629,1132,1,1116,8,0
3,val,630,2209,10,1026,2017,1
3,val,631,31,10,2313,1232,1
3,val,632,1958,13,474,247,1
3,val,633,211,10,1751,7,1
3,val,634,395,10,1136,1712,1
3,val,635,997,11,66,562,1
3,val,636,953,10,1196,1,1
3,val,637,577,9,2025,125,1
3,val,638,86,14,1168,1007,1
3,val,639,79,10,2424,266,1
3,val,640,34,10,53,3,1
3,val,641,930,10,810,33,1
3,val,642,810,9,2411,1,1
3,val,643,2625,15,2386,888,1
3,val,644,1900,10,140,2232,1
3,val,645,2078,9,434,791,1
3,val,646,2166,9,2515,2063,1
3,val,647,676,10,1474,630,1
3,val,648,923,10,918,2,1
3,val,649,1098,10,552,433,1
3,val,650,849,10,2582,852,1
3,val,651,49,10,1397,1,1
3,val,652,662,10,2504,1538,1
3,val,653,1389,10,2311,5,1
3,val,654,380,14,381,2044,1
3,val,655,1862,10,1863,947,1
3,val,656,1399,10,2104,183,1
3,val,657,2633,11,1765,1853,1
3,val,658,11,9,1722,2321,1
3,val,659,2457,10,1338,2529,1
3,val,660,42,12,2022,369,1
3,val,661,976,10,312,322,1
3,val,662,1809,9,2639,64,1
3,val,663,23,10,2133,1,1
3,val,664,357,10,396,20,1
3,val,665,1656,13,1185,1614,1
3,val,666,1217,9,2619,1018,1
3,val,667,1270,10,2602,1079,1
3,val,668,1830,11,79,14,1
3,val,669,25,10,952,1028,1
3,val,670,519,9,906,1290,1
3,val,671,1861,11,79,14,1
3,val,672,430,9,93,910,1
3,val,673,918,14,2674,695,1
3,val,674,143,9,1865,134,1
3,val,675,1836,10,826,829,1
3,val,676,2243,10,1205,1815,1
3,val,677,1431,10,1432,53,1
3,val,678,1018,9,1895,364,1
3,val,679,1149,11,1202,551,1
3,val,680,2300,10,34,7,1
3,val,681,173,10,1087,281,1
3,val,682,2512,10,285,2540,1
3,val,683,1806,10,943,257,1
3,val,684,1068,10,150,36,1
3,val,685,399,9,1123,869,1
3,val,686,2115,13,317,1060,1
3,val,687,2013,10,363,90,1
3,val,688,143,9,1429,148,1
3,val,689,230,9,2497,1750,1
3,val,690,256,9,1930,817,1
3,val,691,620,10,2581,2260,1
3,val,692,936,10,751,2,1
3,val,693,583,10,2012,34,1
3,val,694,1771,10,2653,369,1
3,val,695,1600,9,413,1169,1
3,val,696,334,10,12,11,1
3,val,697,2132,14,671,231,1
3,val,698,2655,10,2398,2531,1
3,val,699,1467,13,2413,633,1
3,val,700,249,12,287,1039,1
3,val,701,2054,10,1859,110,1
3,val,702,140,10,1900,915,1
3,val,703,10,10,327,29,1
3,val,704,1806,10,862,1745,1
3,val,705,2273,10,2614,1955,1
3,val,706,225,10,1770,351,1
3,val,707,1260,10,1975,16,1
3,val,708,409,10,459,4,1
3,val,709,2516,9,1796,2334,1
3,val,710,102,10,54,2,1
3,val,711,810,9,5,923,1
3,val,712,62,10,2561,2369,1
3,val,713,2142,10,797,90,1
3,val,714,2154,9,2299,1734,1
3,val,715,1722,10,8,1,1
3,val,716,1087,10,173,2324,1
3,val,717,803,9,114,2012,1
3,val,718,847,10,848,1109,1
3,val,719,1538,10,537,1100,1
3,val,720,1502,9,871,709,1
3,val,721,1790,9,1391,1915,1
3,val,722,271,10,329,140,1
3,val,723,426,10,427,124,1
3,val,724,665,10,295,935,1
3,val,725,439,10,1705,1042,1
3,val,726,561,9,1860,2179,1
3,val,727,1765,11,764,1842,1
3,val,728,2599,10,1016,8,1
3,val,729,1075,10,641,102,1
3,val,730,932,9,139,473,1
3,val,731,12,9,2421,1555,1
3,val,732,151,10,452,150,1
3,val,733,1613,14,1472,1299,1
3,val,734,1621,11,997,1644,1
3,val,735,978,10,1230,138,1
3,val,736,29,10,1280,1016,1
3,val,737,1504,10,2092,2203,1
3,val,738,1319,10,2455,552,1
3,val,739,211,10,2255,2,1
3,val,740,767,13,77,792,1
3,val,741,1952,10,150,1,1
3,val,742,2187,10,637,4,1
3,val,743,981,10,35,207,1
3,val,744,1235,9,1428,1520,1
3,val,745,928,13,1148,476,1
3,val,746,843,10,1056,451,1
3,val,747,1348,9,1230,2247,1
3,val,748,879,10,79,2,1
3,val,749,554,10,2519,2018,1
3,val,750,283,9,631,566,1
3,val,751,1945,10,564,329,1
3,val,752,1136,10,1137,1081,1
3,val,753,1641,9,738,2070,1
3,val,754,1190,10,2472,2213,1
3,val,755,347,10,1245,2,1
3,val,756,64,10,672,30,1
3,val,757,1854,10,233,822,1
3,val,758,1964,10,1965,2282,1
3,val,759,1661,9,1415,924,1
3,val,760,237,10,238,5,1
3,val,761,941,10,1999,1337,1
3,val,762,969,9,2196,1416,1
3,val,763,1488,10,2384,2146,1
3,val,764,912,10,462,1377,1
3,val,765,957,12,1896,295,1
3,val,766,849,10,1722,20,1
3,val,767,798,14,631,1267,1
3,val,768,550,10,2456,1678,1
3,val,769,660,10,1286,196,1
3,val,770,1353,10,2237,1528,1
3,val,771,2611,10,1279,2432,1
3,val,772,234,11,116,448,1
3,val,773,328,9,777,78,1
3,val,774,194,10,2134,2243,1
3,val,775,494,9,2013,804,1
3,val,776,1420,10,853,218,1
3,val,777,34,10,10,92,1
3,val,778,148,10,1710,14,1
3,val,779,561,10,215,312,1
3,val,780,468,10,1986,768,1
3,val,781,479,9,952,435,1
3,val,782,992,10,1859,105,1
3,val,783,1988,14,1569,1139,1
3,val,784,525,9,756,565,1
3,val,785,461,10,140,2649,1
3,val,786,2001,10,773,18,1
3,val,787,1722,9,1159,1807,1
3,val,788,773,10,1859,31,1
3,val,789,490,9,1270,1658,1
3,val,790,1814,9,1498,83,1
3,val,791,371,10,2260,15,1
3,val,792,315,10,1303,178,1
3,val,793,1319,10,1938,2197,1
3,val,794,336,10,531,639,1
3,val,795,2535,9,147,463,1
3,val,796,1695,9,841,1117,1
3,val,797,2614,9,2030,2099,1
3,val,798,394,10,141,1,1
3,val,799,45,9,2197,5,1
3,val,800,2529,13,999,736,1
3,val,801,746,10,349,1,1
3,val,802,2042,9,1658,1153,1
3,val,803,1538,9,1176,505,1
3,val,804,71,10,99,135,1
3,val,805,541,10,1196,11,1
3,val,806,1773,10,979,1166,1
3,val,807,383,9,547,304,1
3,val,808,2074,10,556,9,1
3,val,809,2364,10,875,1,1
3,val,810,2687,9,2550,2248,1
3,val,811,55,10,148,2,1
3,val,812,1631,9,1180,690,1
3,val,813,230,10,344,26,1
3,val,814,2195,10,1099,1664,1
3,val,815,2069,10,1035,76,1
3,val,816,2664,10,595,1236,1
3,val,817,233,10,234,13,1
3,val,818,662,10,19,154,1
3,val,819,997,11,1620,818,1
3,val,820,480,9,1794,1899,1
3,val,821,454,10,2641,937,1
3,val,822,459,10,2026,4,1
3,val,823,1691,10,371,1,1
3,val,824,1671,10,531,112,1
3,val,825,525,10,1829,6,1
3,val,826,221,10,601,1,1
3,val,827,1161,10,1916,1447,1
3,val,828,417,10,618,4,1
3,val,829,2226,9,263,812,1
3,val,830,2559,10,938,4,1
3,val,831,62,9,2412,968,1
3,val,832,1005,10,809,1980,1
3,val,833,1174,9,1753,1705,1
3,val,834,445,10,277,1689,1
3,val,835,2087,9,1432,1077,1
3,val,836,187,10,1994,51,1
3,val,837,1601,13,68,770,1
3,val,838,1074,9,2580,1527,1
3,val,839,198,10,683,1,1
3,val,840,634,9,2434,1468,1
3,val,841,836,10,1756,522,1
3,val,842,1624,13,62,15,1
3,val,843,652,10,653,5,1
3,val,844,454,10,455,940,1
3,val,845,1494,10,1952,31,1
3,val,846,1325,10,832,33,1
3,val,847,377,9,2589,910,1
3,val,848,1197,9,2419,1998,1
3,val,849,1533,10,1928,967,1
3,val,850,668,10,1008,1512,1
3,val,851,307,10,1755,115,1
3,val,852,429,10,250,1,1
3,val,853,595,10,602,1531,1
3,val,854,1682,9,1184,840,1
3,val,855,54,10,1256,9,1
3,val,856,1199,9,480,488,1
3,val,857,855,10,1171,1622,1
3,val,858,456,13,2616,944,1
3,val,859,479,9,963,235,1
3,val,860,1684,10,435,103,1
3,val,861,32,10,2427,5,1
3,val,862,2543,10,2399,92,1
3,val,863,225,10,2344,1246,1
3,val,864,2381,10,1449,4,1
3,val,865,1505,10,2284,493,1
3,val,866,110,9,881,2254,1
3,val,867,1783,14,330,34,1
3,val,868,2508,10,585,170,1
3,val,869,51,9,1969,1395,1
3,val,870,1306,14,223,478,1
3,val,871,1724,9,2637,367,1
3,val,872,345,10,672,16,1
3,val,873,1933,10,912,2,1
3,val,874,1485,10,29,273,1
3,val,875,2452,9,699,1815,1
3,val,876,2343,13,791,17,1
3,val,877,514,11,2444,230,1
3,val,878,401,9,183,1063,1
3,val,879,1729,9,380,95,1
3,val,880,1707,10,997,1668,1
3,val,881,983,9,312,502,1
3,val,882,620,13,546,40,1
3,val,883,2507,10,1366,660,1
3,val,884,1357,9,371,6,1
3,val,885,881,10,390,1,1
3,val,886,268,10,106,20,1
3,val,887,2144,10,941,1100,1
3,val,888,692,9,114,1883,1
3,val,889,2496,9,687,1289,1
3,val,890,261,10,133,1,1
3,val,891,143,9,659,871,1
3,val,892,1049,9,783,1739,1
3,val,893,88,9,612,860,1
3,val,894,39,10,1705,1029,1
3,val,895,962,10,1826,1828,1
3,val,896,24,10,25,11,1
3,val,897,2604,13,1255,827,1
3,val,898,1596,9,1348,1015,1
3,val,899,2249,10,2250,1140,1
3,val,900,853,10,1420,61,1
3,val,901,2220,10,2056,1915,1
3,val,902,344,9,103,1813,1
3,val,903,888,9,2231,2044,1
3,val,904,1347,9,595,1281,1
3,val,905,366,10,39,2,1
3,val,906,1186,9,1165,418,1
3,val,907,673,10,674,1590,1
3,val,908,1611,10,1402,14,1
3,val,909,1199,9,528,1621,1
3,val,910,1857,10,1104,91,1
3,val,911,545,9,1266,2028,1
3,val,912,1,9,2695,2272,1
3,val,913,2458,13,868,2342,1
3,val,914,158,10,1654,856,1
3,val,915,939,10,940,28,1
3,val,916,453,10,192,1,1
3,val,917,336,10,115,9,1
3,val,918,1631,9,450,948,1
3,val,919,2525,10,1367,102,1
3,val,920,2304,9,239,2726,1
3,val,921,83,10,713,1631,1
3,val,922,1906,11,569,3,1
3,val,923,29,10,1191,1,1
3,val,924,2256,9,112,1076,1
3,val,925,1299,10,1494,1075,1
3,val,926,583,10,1753,752,1
3,val,927,586,10,2185,16,1
3,val,928,2301,10,1281,43,1
3,val,929,212,10,1259,512,1
3,val,930,991,10,971,2,1
3,val,931,469,10,85,1424,1
3,val,932,357,9,2514,2301,1
3,val,933,1814,10,986,18,1
3,val,934,971,10,1367,1,1
3,val,935,1060,10,401,6,1
3,val,936,2658,9,2549,633,1
3,val,937,1620,11,1621,960,1
3,val,938,2146,13,474,205,1
3,val,939,371,9,2564,1516,1
3,val,940,141,9,2608,2525,1
3,val,941,25,10,1609,1,1
3,val,942,1199,9,1974,2380,1
3,val,943,2122,10,2624,111,1
3,val,944,1217,9,2338,977,1
3,val,945,383,9,339,27,1
3,val,946,2013,10,2207,2148,1
3,val,947,115,10,116,2063,1
3,val,948,2369,10,2370,1000,1
3,val,949,328,10,1574,1703,1
3,val,950,472,14,717,1819,1
3,val,951,960,10,1566,132,1
3,val,952,1373,14,807,2006,1
3,val,953,2056,10,2220,1529,1
3,val,954,2489,10,2008,5,1
3,val,955,598,10,1057,5,1
3,val,956,146,10,147,2157,1
3,val,957,1732,9,2547,1637,1
3,val,958,189,10,1037,2403,1
3,val,959,1708,10,1489,5,1
3,val,960,1523,10,826,111,1
3,val,961,81,11,719,118,1
3,val,962,1029,10,1030,293,1
3,val,963,687,10,1992,1295,1
3,val,964,2181,10,936,1558,1
3,val,965,1066,9,2644,12,1
3,val,966,551,10,1939,457,1
3,val,967,2607,10,1054,8,1
3,val,968,1284,10,1024,1,1
3,val,969,2223,13,791,16,1
3,val,970,2132,10,1092,7,1
3,val,971,2020,10,598,4,1
3,val,972,388,10,1065,62,1
3,val,973,1620,11,997,2053,1
3,val,974,2401,10,146,1710,1
3,val,975,971,14,689,2270,1
3,val,976,1358,9,2388,743,1
3,val,977,2600,10,1328,745,1
3,val,978,2674,14,918,189,1
3,val,979,1423,10,2511,2,1
3,val,980,2143,10,2144,1903,1
3,val,981,891,11,1097,1477,1
3,val,982,1834,11,2085,1925,1
3,val,983,2056,9,1877,968,1
3,val,984,2467,9,1127,2294,1
3,val,985,2481,10,2482,1336,1
3,val,986,1551,10,83,2105,1
3,val,987,164,9,666,2215,1
3,val,988,1167,10,1635,927,1
3,val,989,530,10,416,1,1
3,val,990,1634,9,1294,635,1
3,val,991,594,10,595,160,1
3,val,992,741,10,2665,1884,1
3,val,993,1211,9,538,172,1
3,val,994,258,10,23,2,1
3,val,995,2606,10,151,102,1
3,val,996,2692,9,779,2216,1
3,val,997,518,14,1734,2074,1
3,val,998,150,10,991,1,1
3,val,999,1641,10,458,10,1
3,val,1000,83,10,1551,135,1
3,val,1001,126,10,2680,1,1
3,val,1002,377,9,910,1044,1
3,val,1003,514,11,1032,885,1
3,val,1004,2079,13,2115,884,1
3,val,1005,2688,10,1984,321,1
3,val,1006,221,14,963,1472,1
3,val,1007,2347,9,145,2024,1
3,val,1008,1437,9,1203,1852,1
3,val,1009,1545,13,499,207,1
3,val,1010,834,9,1679,1035,1
3,val,1011,1265,10,51,32,1
3,val,1012,2201,12,664,637,1
3,val,1013,2157,9,2123,833,1
3,val,1014,832,9,217,847,1
3,val,1015,4,10,2514,202,1
3,val,1016,1775,10,1623,5,1
3,val,1017,602,10,595,999,1
3,val,1018,499,13,868,2344,1
3,val,1019,790,10,1225,8,1
3,val,1020,1959,13,1583,2412,1
3,val,1021,634,9,425,1120,1
3,val,1022,62,9,243,2203,1
3,val,1023,875,10,523,13,1
3,val,1024,1930,10,2662,1798,1
3,val,1025,85,10,385,290,1
3,val,1026,858,10,714,1735,1
3,val,1027,95,10,2638,1646,1
3,val,1028,1177,10,1397,4,1
3,val,1029,1814,10,2657,1719,1
3,val,1030,2013,10,1953,14,1
3,val,1031,2036,10,371,9,1
3,val,1032,176,10,2696,877,1
3,val,1033,2260,10,2456,8,1
3,val,1034,1,9,1546,59,1
3,val,1035,1888,12,992,182,1
3,val,1036,2624,10,2122,1552,1
3,val,1037,963,10,222,1,1
3,val,1038,1828,10,875,6,1
3,val,1039,172,10,462,1895,1
3,val,1040,658,10,659,1704,1
3,val,1041,2360,13,646,2488,1
3,val,1042,2184,13,655,30,1
3,val,1043,23,10,829,1,1
3,val,1044,1099,10,2195,360,1
3,val,1045,1299,10,1963,5,1
3,val,1046,45,10,2197,1311,1
3,val,1047,1348,9,2015,1353,1
3,val,1048,1647,10,616,1,1
3,val,1049,2702,10,60,2,1
3,val,1050,930,9,2433,1954,1
3,val,1051,328,9,2014,532,1
3,val,1052,545,10,2673,892,1
3,val,1053,1694,13,1262,2718,1
3,val,1054,2518,9,32,1798,1
3,val,1055,1044,10,1045,1622,1
3,val,1056,138,10,158,5,1
3,val,1057,269,10,2257,1207,1
3,val,1058,1239,9,1388,811,1
3,val,1059,625,9,1898,1324,1
3,val,1060,1196,10,541,9,1
3,val,1061,2301,10,2434,571,1
3,val,1062,2473,10,990,1406,1
3,val,1063,462,10,912,199,1
3,val,1064,2103,10,611,38,1
3,val,1065,1570,10,799,13,1
3,val,1066,1957,9,1757,384,1
3,val,1067,1256,10,898,10,1
3,val,1068,240,9,77,891,1
3,val,1069,1825,10,1717,38,1
3,val,1070,768,10,2418,850,1
3,val,1071,1769,10,952,988,1
3,val,1072,1317,10,1059,7,1
3,val,1073,1444,10,1028,563,1
3,val,1074,1338,10,1689,2369,1
3,val,1075,1157,10,1437,62,1
3,val,1076,4,10,2679,1535,1
3,val,1077,28,10,205,5,1
3,val,1078,1357,9,376,66,1
3,val,1079,789,9,2058,1539,1
3,val,1080,1569,14,1988,8,1
3,val,1081,1578,10,2231,470,1
3,val,1082,1456,9,377,1881,1
3,val,1083,673,10,1060,33,1
3,val,1084,1963,10,1299,482,1
3,val,1085,2620,9,2033,1916,1
3,val,1086,472,10,1590,158,1
3,val,1087,418,10,419,668,1
3,val,1088,2096,10,1193,2000,1
3,val,1089,242,10,1393,1426,1
3,val,1090,1399,10,746,4,1
3,val,1091,863,10,2153,792,1
3,val,1092,2693,14,1176,413,1
3,val,1093,579,10,2119,9,1
3,val,1094,467,10,882,794,1
3,val,1095,1154,9,2646,2626,1
3,val,1096,1899,10,467,2,1
3,val,1097,522,10,523,11,1
3,val,1098,311,10,20,18,1
3,val,1099,210,10,211,3,1
3,val,1100,478,9,2638,2060,1
3,val,1101,2065,14,1640,905,1
3,val,1102,359,14,2389,2374,1
3,val,1103,1213,10,991,31,1
3,val,1104,1902,10,196,6,1
3,val,1105,2073,10,557,92,1
3,val,1106,401,9,980,1217,1
3,val,1107,1975,10,1260,405,1
3,val,1108,2391,9,2074,832,1
3,val,1109,1586,9,509,899,1
3,val,1110,380,10,1236,923,1
3,val,1111,94,9,2573,1356,1
3,val,1112,879,9,1641,1248,1
3,val,1113,2307,10,1293,9,1
3,val,1114,559,10,211,1,1
3,val,1115,1321,10,18,2,1
3,val,1116,1461,9,471,770,1
3,val,1117,69,10,608,209,1
3,val,1118,1050,9,1245,1383,1
3,val,1119,2708,10,97,2,1
3,val,1120,733,9,1931,636,1
3,val,1121,1853,9,1351,2273,1
3,val,1122,242,10,209,14,1
3,val,1123,569,9,2368,137,1
3,val,1124,135,9,984,281,1
3,val,1125,879,9,213,120,1
3,val,1126,21,10,2451,1308,1
3,val,1127,794,9,2553,695,1
3,val,1128,481,10,482,965,1
3,val,1129,2348,12,2202,2591,1
3,val,1130,942,14,1496,51,1
3,val,1131,141,10,2334,1722,1
3,val,1132,1702,10,1703,285,1
3,val,1133,294,10,2024,1147,1
3,val,1134,565,9,2614,206,1
3,val,1135,370,10,230,1,1
3,val,1136,253,10,2324,34,1
3,val,1137,1157,10,378,1625,1
3,val,1138,2084,10,1634,2124,1
3,val,1139,1591,10,2382,2169,1
3,val,1140,513,11,514,180,1
3,val,1141,1171,14,1859,393,1
3,val,1142,1626,10,333,2009,1
3,val,1143,1730,13,1697,1323,1
3,val,1144,597,11,1243,1585,1
3,val,1145,2707,10,18,5,1
3,val,1146,457,9,2179,954,1
3,val,1147,1971,9,2213,1800,1
3,val,1148,1074,10,1418,2302,1
3,val,1149,2380,13,791,43,1
3,val,1150,1032,11,867,852,1
3,val,1151,1202,10,202,7,1
3,val,1152,135,9,1896,316,1
3,val,1153,2214,9,48,418,1
3,val,1154,45,10,2459,1693,1
3,val,1155,2349,9,2452,1639,1
3,val,1156,2116,10,1490,2066,1
3,val,1157,1186,9,2188,47,1
3,val,1158,2495,10,327,218,1
3,val,1159,403,9,2279,1497,1
3,val,1160,1161,10,2420,1773,1
3,val,1161,1087,16,1088,1204,1
3,val,1162,1358,9,2292,769,1
3,val,1163,31,10,1662,1222,1
3,val,1164,725,10,1080,1399,1
3,val,1165,685,10,453,53,1
3,val,1166,844,10,1579,596,1
3,val,1167,1072,10,1501,19,1
3,val,1168,954,10,715,1778,1
3,val,1169,1034,10,2102,9,1
3,val,1170,1436,9,2688,2,1
3,val,1171,438,11,1620,1703,1
3,val,1172,2533,9,222,133,1
3,val,1173,2323,9,2696,1958,1
3,val,1174,1832,10,757,6,1
3,val,1175,810,10,2374,658,1
3,val,1176,1409,13,1291,2712,1
3,val,1177,926,14,1565,1816,1
3,val,1178,1950,9,2670,1532,1
3,val,1179,984,11,79,12,1
3,val,1180,717,14,718,1781,1
3,val,1181,879,9,1356,1124,1
3,val,1182,390,14,427,419,1
3,val,1183,2431,10,12,15,1
3,val,1184,2694,10,1500,1275,1
3,val,1185,621,10,422,250,1
3,val,1186,64,10,912,1,1
3,val,1187,807,14,1373,2052,1
3,val,1188,2153,14,941,860,1
3,val,1189,432,9,1612,2329,1
3,val,1190,1249,10,1544,1305,1
3,val,1191,2088,10,223,87,1
3,val,1192,1552,10,84,2,1
3,val,1193,38,9,2135,1472,1
3,val,1194,2427,11,700,14,1
3,val,1195,2398,10,2655,558,1
3,val,1196,770,11,91,732,1
3,val,1197,1443,10,1444,1301,1
3,val,1198,1880,13,2115,994,1
3,val,1199,174,10,1135,371,1
3,val,1200,2324,10,253,538,1
3,val,1201,452,9,290,1333,1
3,val,1202,1401,14,2673,2,1
3,val,1203,169,10,724,427,1
3,val,1204,18,9,2485,257,1
3,val,1205,2536,10,2221,1980,1
3,val,1206,1380,10,1392,6,1
3,val,1207,1746,10,1830,13,1
3,val,1208,2663,9,2031,513,1
3,val,1209,2612,13,1941,1509,1
3,val,1210,2449,13,2297,1983,1
3,val,1211,662,10,2437,579,1
3,val,1212,2321,10,176,1,1
3,val,1213,2022,13,546,29,1
3,val,1214,943,10,1890,919,1
3,val,1215,791,9,1624,1131,1
3,val,1216,990,10,1991,1,1
3,val,1217,2323,9,361,581,1
3,val,1218,230,9,1248,1276,1
3,val,1219,2451,10,21,2337,1
3,val,1220,240,9,1941,1489,1
3,val,1221,2060,10,629,651,1
3,val,1222,2260,9,1824,1804,1
3,val,1223,813,10,1473,271,1
3,val,1224,222,9,136,2287,1
3,val,1225,1243,11,597,1815,1
3,val,1226,1863,10,708,1879,1
3,val,1227,483,13,42,60,1
3,val,1228,543,10,1593,1,1
3,val,1229,1216,9,696,696,1
3,val,1230,1189,10,1190,1025,1
3,val,1231,983,9,372,1997,1
3,val,1232,829,10,23,1,1
3,val,1233,309,14,8,204,1
3,val,1234,659,10,1424,854,1
3,val,1235,1790,10,2124,1288,1
3,val,1236,1104,10,2222,1388,1
3,val,1237,2588,10,1338,2530,1
3,val,1238,143,10,2335,1418,1
3,val,1239,833,9,1973,1514,1
3,val,1240,764,10,765,2291,1
3,val,1241,1922,9,1383,1755,1
3,val,1242,2015,9,691,122,1
3,val,1243,122,10,910,80,1
3,val,1244,972,10,2267,2066,1
3,val,1245,401,9,1145,1373,1
3,val,1246,983,9,751,302,1
3,val,1247,1837,10,176,59,1
3,val,1248,355,11,815,1510,1
3,val,1249,64,9,983,102,1
3,val,1250,2493,13,999,737,1
3,val,1251,1647,10,2023,611,1
3,val,1252,1214,12,2294,1938,1
3,val,1253,736,10,376,1,1
3,val,1254,174,10,1370,876,1
3,val,1255,963,10,875,1,1
3,val,1256,1859,14,1171,698,1
3,val,1257,1726,10,104,2037,1
3,val,1258,1281,10,2710,1129,1
3,val,1259,1116,10,1132,131,1
3,test,0,509,7,573,7,0
3,test,1,16,1,18,1,0
3,test,2,537,1,316,2,0
3,test,3,125,2,391,177,0
3,test,4,15,1,98,1,0
3,test,5,179,1,761,69,0
3,test,6,829,1,310,27,0
3,test,7,634,1,674,13,0
3,test,8,44,1,52,335,0
3,test,9,771,1,786,397,0
3,test,10,196,1,655,693,0
3,test,11,477,1,51,105,0
3,test,12,42,1,101,119,0
3,test,13,18,1,12,1,0
3,test,14,375,1,374,866,0
3,test,15,354,1,341,1,0
3,test,16,137,1,206,397,0
3,test,17,483,1,19,1,0
3,test,18,816,1,102,2,0
3,test,19,288,1,618,827,0
3,test,20,485,1,106,128,0
3,test,21,12,1,18,496,0
3,test,22,130,1,134,1,0
3,test,23,332,1,208,105,0
3,test,24,136,0,292,761,0
3,test,25,383,1,47,1,0
3,test,26,90,1,89,34,0
3,test,27,744,0,412,222,0
3,test,28,582,0,697,326,0
3,test,29,331,1,878,2,0
3,test,30,151,1,318,243,0
3,test,31,151,1,354,73,0
3,test,32,637,1,747,920,0
3,test,33,652,0,484,253,0
3,test,34,124,1,581,112,0
3,test,35,470,1,817,89,0
3,test,36,765,1,213,18,0
3,test,37,710,1,52,120,0
3,test,38,521,1,226,69,0
3,test,39,553,1,192,836,0
3,test,40,11,1,10,41,0
3,test,41,52,1,295,1,0
3,test,42,31,0,717,838,0
3,test,43,890,1,573,17,0
3,test,44,603,1,203,2,0
3,test,45,375,1,437,354,0
3,test,46,226,1,222,39,0
3,test,47,573,1,890,145,0
3,test,48,24,1,603,4,0
3,test,49,743,1,129,2,0
3,test,50,441,1,836,283,0
3,test,51,395,2,642,33,0
3,test,52,514,0,301,632,0
3,test,53,760,1,759,3,0
3,test,54,552,1,100,1,0
3,test,55,155,1,322,1,0
3,test,56,268,1,601,502,0
3,test,57,310,1,863,181,0
3,test,58,341,0,151,44,0
3,test,59,330,2,104,826,0
3,test,60,180,1,761,543,0
3,test,61,81,1,144,1,0
3,test,62,384,1,628,84,0
3,test,63,195,1,304,33,0
3,test,64,187,1,15,3,0
3,test,65,170,1,712,407,0
3,test,66,815,1,608,87,0
3,test,67,465,1,32,720,0
3,test,68,565,1,277,806,0
3,test,69,665,0,604,304,0
3,test,70,452,2,451,713,0
3,test,71,369,1,897,367,0
3,test,72,161,1,765,911,0
3,test,73,391,2,272,327,0
3,test,74,766,1,183,3,0
3,test,75,270,1,178,44,0
3,test,76,37,1,522,184,0
3,test,77,310,0,6,60,0
3,test,78,178,1,152,126,0
3,test,79,524,1,163,4,0
3,test,80,600,1,296,90,0
3,test,81,744,1,801,810,0
3,test,82,653,1,509,86,0
3,test,83,438,1,158,1,0
3,test,84,292,1,702,16,0
3,test,85,24,1,497,1,0
3,test,86,50,1,185,305,0
3,test,87,477,1,639,22,0
3,test,88,15,1,187,1,0
3,test,89,772,1,735,410,0
3,test,90,831,1,189,3,0
3,test,91,262,0,221,187,0
3,test,92,561,1,329,339,0
3,test,93,904,1,590,7,0
3,test,94,297,2,350,303,0
3,test,95,9,1,51,4,0
3,test,96,15,1,277,826,0
3,test,97,47,2,118,31,0
3,test,98,697,0,38,501,0
3,test,99,650,2,649,526,0
3,test,100,99,1,78,87,0
3,test,101,688,1,687,869,0
3,test,102,203,1,603,2,0
3,test,103,725,1,252,727,0
3,test,104,849,1,562,248,0
3,test,105,685,1,359,1,0
3,test,106,344,0,843,153,0
3,test,107,243,1,538,2,0
3,test,108,250,1,455,915,0
3,test,109,82,1,838,470,0
3,test,110,707,1,456,2,0
3,test,111,23,0,911,146,0
3,test,112,219,1,139,13,0
3,test,113,653,0,861,195,0
3,test,114,917,1,210,6,0
3,test,115,802,1,649,106,0
3,test,116,445,1,597,202,0
3,test,117,129,1,323,62,0
3,test,118,155,1,154,326,0
3,test,119,80,1,66,452,0
3,test,120,78,1,683,111,0
3,test,121,637,1,351,216,0
3,test,122,102,1,291,57,0
3,test,123,799,1,390,1,0
3,test,124,755,1,82,67,0
3,test,125,664,5,339,125,0
3,test,126,725,1,494,920,0
3,test,127,604,1,281,1,0
3,test,128,23,1,496,1,0
3,test,129,369,1,300,653,0
3,test,130,828,1,723,377,0
3,test,131,256,0,546,221,0
3,test,132,755,0,15,9,0
3,test,133,471,1,4,3,0
3,test,134,80,1,115,125,0
3,test,135,850,0,480,669,0
3,test,136,74,1,629,1,0
3,test,137,461,1,338,31,0
3,test,138,692,1,358,19,0
3,test,139,530,1,501,562,0
3,test,140,159,1,686,3,0
3,test,141,483,0,38,540,0
3,test,142,811,1,725,44,0
3,test,143,479,1,151,1,0
3,test,144,267,1,601,197,0
3,test,145,371,1,58,1,0
3,test,146,889,0,227,145,0
3,test,147,854,4,121,23,0
3,test,148,672,1,50,144,0
3,test,149,639,1,477,175,0
3,test,150,117,1,116,1,0
3,test,151,607,1,606,372,0
3,test,152,315,1,369,1,0
3,test,153,900,0,879,206,0
3,test,154,160,1,181,2,0
3,test,155,13,1,508,74,0
3,test,156,339,1,682,2,0
3,test,157,189,1,188,127,0
3,test,158,140,1,139,3,0
3,test,159,205,1,74,1,0
3,test,160,212,0,797,116,0
3,test,161,251,0,613,111,0
3,test,162,344,1,435,4,0
3,test,163,887,1,170,454,0
3,test,164,277,1,884,58,0
3,test,165,329,0,849,521,0
3,test,166,303,1,195,708,0
3,test,167,455,2,406,811,0
3,test,168,296,1,600,313,0
3,test,169,759,1,580,235,0
3,test,170,370,1,83,3,0
3,test,171,710,1,296,50,0
3,test,172,702,1,292,727,0
3,test,173,787,1,22,3,0
3,test,174,89,2,691,251,0
3,test,175,98,0,550,720,0
3,test,176,118,5,57,520,0
3,test,177,4,1,562,63,0
3,test,178,525,0,111,139,0
3,test,179,534,1,313,5,0
3,test,180,143,1,192,341,0
3,test,181,263,1,813,150,0
3,test,182,437,1,673,221,0
3,test,183,701,1,484,21,0
3,test,184,451,1,16,5,0
3,test,185,106,1,485,156,0
3,test,186,529,1,595,468,0
3,test,187,434,1,741,299,0
3,test,188,573,16,509,81,1
3,test,189,18,10,16,11,1
3,test,190,316,10,537,1,1
3,test,191,391,11,125,485,1
3,test,192,98,10,15,1,1
3,test,193,761,10,179,6,1
3,test,194,310,10,829,384,1
3,test,195,674,10,634,327,1
3,test,196,52,10,44,492,1
3,test,197,786,10,771,238,1
3,test,198,655,10,196,358,1
3,test,199,51,10,477,328,1
3,test,200,101,10,42,2,1
3,test,201,12,10,18,826,1
3,test,202,374,10,375,57,1
3,test,203,341,10,354,2,1
3,test,204,206,10,137,705,1
3,test,205,19,10,483,4,1
3,test,206,102,10,816,247,1
3,test,207,618,10,288,474,1
3,test,208,106,10,485,147,1
3,test,209,18,10,12,2,1
3,test,210,134,10,130,1,1
3,test,211,208,10,332,96,1
3,test,212,292,9,136,750,1
3,test,213,47,10,383,1,1
3,test,214,89,10,90,35,1
3,test,215,412,9,744,149,1
3,test,216,697,9,582,526,1
3,test,217,878,10,331,100,1
3,test,218,318,10,151,37,1
3,test,219,354,10,151,96,1
3,test,220,747,10,637,374,1
3,test,221,484,9,652,898,1
3,test,222,581,10,124,517,1
3,test,223,817,10,470,1,1
3,test,224,213,10,765,293,1
3,test,225,52,10,710,26,1
3,test,226,226,10,521,198,1
3,test,227,192,10,553,723,1
3,test,228,10,10,11,525,1
3,test,229,295,10,52,1,1
3,test,230,717,9,31,75,1
3,test,231,573,10,890,143,1
3,test,232,203,10,603,9,1
3,test,233,437,10,375,21,1
3,test,234,222,10,226,72,1
3,test,235,890,10,573,17,1
3,test,236,603,10,24,16,1
3,test,237,129,10,743,232,1
3,test,238,836,10,441,87,1
3,test,239,642,11,395,95,1
3,test,240,301,9,514,496,1
3,test,241,759,10,760,711,1
3,test,242,100,10,552,20,1
3,test,243,322,10,155,144,1
3,test,244,601,10,268,243,1
3,test,245,863,10,310,10,1
3,test,246,151,9,341,63,1
3,test,247,104,11,330,709,1
3,test,248,761,10,180,228,1
3,test,249,144,10,81,1,1
3,test,250,628,10,384,339,1
3,test,251,304,10,195,610,1
3,test,252,15,10,187,7,1
3,test,253,712,10,170,426,1
3,test,254,608,10,815,455,1
3,test,255,32,10,465,473,1
3,test,256,277,10,565,157,1
3,test,257,604,9,665,140,1
3,test,258,451,11,452,116,1
3,test,259,897,10,369,8,1
3,test,260,765,10,161,265,1
3,test,261,272,11,391,167,1
3,test,262,183,10,766,645,1
3,test,263,178,10,270,312,1
3,test,264,522,10,37,11,1
3,test,265,6,9,310,68,1
3,test,266,152,10,178,1,1
3,test,267,163,10,524,1,1
3,test,268,296,10,600,387,1
3,test,269,801,10,744,647,1
3,test,270,509,10,653,368,1
3,test,271,158,10,438,3,1
3,test,272,702,10,292,559,1
3,test,273,497,10,24,1,1
3,test,274,185,10,50,67,1
3,test,275,639,10,477,660,1
3,test,276,187,10,15,3,1
3,test,277,735,10,772,224,1
3,test,278,189,10,831,587,1
3,test,279,221,9,262,804,1
3,test,280,329,10,561,174,1
3,test,281,590,10,904,604,1
3,test,282,350,11,297,338,1
3,test,283,51,10,9,2,1
3,test,284,277,10,15,16,1
3,test,285,118,11,47,24,1
3,test,286,38,9,697,189,1
3,test,287,649,11,650,105,1
3,test,288,78,10,99,198,1
3,test,289,687,10,688,513,1
3,test,290,603,10,203,7,1
3,test,291,252,10,725,112,1
3,test,292,562,10,849,480,1
3,test,293,359,10,685,1,1
3,test,294,843,9,344,177,1
3,test,295,538,10,243,1,1
3,test,296,455,10,250,822,1
3,test,297,838,10,82,34,1
3,test,298,456,10,707,526,1
3,test,299,911,9,23,637,1
3,test,300,139,10,219,36,1
3,test,301,861,9,653,600,1
3,test,302,210,10,917,318,1
3,test,303,649,10,802,479,1
3,test,304,597,10,445,916,1
3,test,305,323,10,129,2,1
3,test,306,154,10,155,557,1
3,test,307,66,10,80,73,1
3,test,308,683,10,78,3,1
3,test,309,351,10,637,22,1
3,test,310,291,10,102,1,1
3,test,311,390,10,799,366,1
3,test,312,82,10,755,317,1
3,test,313,339,14,664,3,1
3,test,314,494,10,725,31,1
3,test,315,281,10,604,1,1
3,test,316,496,10,23,1,1
3,test,317,300,10,369,8,1
3,test,318,723,10,828,639,1
3,test,319,546,9,256,389,1
3,test,320,15,9,755,22,1
3,test,321,4,10,471,3,1
3,test,322,115,10,80,75,1
3,test,323,480,9,850,678,1
3,test,324,629,10,74,1,1
3,test,325,338,10,461,531,1
3,test,326,358,10,692,589,1
3,test,327,501,10,530,534,1
3,test,328,686,10,159,676,1
3,test,329,38,9,483,531,1
3,test,330,725,10,811,595,1
3,test,331,151,10,479,2,1
3,test,332,601,10,267,126,1
3,test,333,58,10,371,1,1
3,test,334,227,9,889,140,1
3,test,335,121,13,854,128,1
3,test,336,50,10,672,440,1
3,test,337,477,10,639,1,1
3,test,338,116,10,117,54,1
3,test,339,606,10,607,507,1
3,test,340,369,10,315,4,1
3,test,341,879,9,900,207,1
3,test,342,181,10,160,4,1
3,test,343,508,10,13,2,1
3,test,344,682,10,339,21,1
3,test,345,188,10,189,7,1
3,test,346,139,10,140,212,1
3,test,347,74,10,205,77,1
3,test,348,797,9,212,336,1
3,test,349,613,9,251,129,1
3,test,350,435,10,344,1,1
3,test,351,170,10,887,238,1
3,test,352,884,10,277,862,1
3,test,353,849,9,329,446,1
3,test,354,195,10,303,489,1
3,test,355,406,11,455,875,1
3,test,356,600,10,296,79,1
3,test,357,580,10,759,359,1
3,test,358,83,10,370,2,1
3,test,359,296,10,710,303,1
3,test,360,292,10,702,2,1
3,test,361,22,10,787,134,1
3,test,362,691,11,89,389,1
3,test,363,550,9,98,747,1
3,test,364,57,14,118,864,1
3,test,365,562,10,4,2,1
3,test,366,111,9,525,410,1
3,test,367,313,10,534,416,1
3,test,368,192,10,143,14,1
3,test,369,813,10,263,44,1
3,test,370,673,10,437,445,1
3,test,371,484,10,701,457,1
3,test,372,16,10,451,96,1
3,test,373,485,10,106,153,1
3,test,374,595,10,529,731,1
3,test,375,741,10,434,6,1
5,val,0,1026,1,2209,1225,0
5,val,1,2313,1,31,1,0
5,val,2,474,4,1958,116,0
5,val,3,1751,1,211,1,0
5,val,4,1136,1,395,2,0
5,val,5,66,2,997,1592,0
5,val,6,1196,1,953,1,0
5,val,7,2025,0,577,318,0
5,val,8,1168,5,86,13,0
5,val,9,2424,1,79,3,0
5,val,10,53,1,34,2,0
5,val,11,810,1,930,3,0
5,val,12,2411,0,810,13,0
5,val,13,2386,6,2625,201,0
5,val,14,140,1,1900,655,0
5,val,15,434,0,2078,582,0
5,val,16,2515,0,2166,575,0
5,val,17,1474,1,676,1,0
5,val,18,918,1,923,1,0
5,val,19,552,1,1098,423,0
5,val,20,2582,1,849,1,0
5,val,21,1397,1,49,5,0
5,val,22,2504,1,662,1,0
5,val,23,2311,1,1389,1,0
5,val,24,381,5,380,46,0
5,val,25,1863,1,1862,64,0
5,val,26,2104,1,1399,1,0
5,val,27,1765,2,2633,76,0
5,val,28,1722,0,11,1798,0
5,val,29,1338,1,2457,369,0
5,val,30,2022,3,42,148,0
5,val,31,312,1,976,1,0
5,val,32,2639,0,1809,181,0
5,val,33,2133,1,23,2,0
5,val,34,396,1,357,1,0
5,val,35,1185,4,1656,273,0
5,val,36,2619,0,1217,10,0
5,val,37,2602,1,1270,1,0
5,val,38,79,2,1830,905,0
5,val,39,952,1,25,1407,0
5,val,40,906,0,519,558,0
5,val,41,79,2,1861,2176,0
5,val,42,93,0,430,193,0
5,val,43,2674,5,918,445,0
5,val,44,1865,0,143,6,0
5,val,45,826,1,1836,10,0
5,val,46,1205,1,2243,156,0
5,val,47,1432,1,1431,21,0
5,val,48,1895,0,1018,215,0
5,val,49,1202,2,1149,241,0
5,val,50,34,1,2300,12,0
5,val,51,1087,1,173,2458,0
5,val,52,285,1,2512,69,0
5,val,53,943,1,1806,2,0
5,val,54,150,1,1068,1,0
5,val,55,1123,0,399,31,0
5,val,56,317,4,2115,477,0
5,val,57,363,1,2013,5,0
5,val,58,1429,0,143,9,0
5,val,59,2497,0,230,17,0
5,val,60,1930,0,256,1645,0
5,val,61,2581,1,620,958,0
5,val,62,751,1,936,3,0
5,val,63,2012,1,583,1,0
5,val,64,2653,1,1771,1164,0
5,val,65,413,0,1600,120,0
5,val,66,12,1,334,20,0
5,val,67,671,5,2132,1565,0
5,val,68,2398,1,2655,244,0
5,val,69,2413,4,1467,2362,0
5,val,70,287,3,249,25,0
5,val,71,1859,1,2054,1,0
5,val,72,1900,1,140,2206,0
5,val,73,327,1,10,31,0
5,val,74,862,1,1806,54,0
5,val,75,2614,1,2273,481,0
5,val,76,1770,1,225,1,0
5,val,77,1975,1,1260,1,0
5,val,78,459,1,409,3,0
5,val,79,1796,0,2516,518,0
5,val,80,54,1,102,1,0
5,val,81,5,0,810,4,0
5,val,82,2561,1,62,3,0
5,val,83,797,1,2142,17,0
5,val,84,2299,0,2154,2673,0
5,val,85,8,1,1722,3,0
5,val,86,173,1,1087,249,0
5,val,87,114,0,803,57,0
5,val,88,848,1,847,51,0
5,val,89,537,1,1538,630,0
5,val,90,871,0,1502,2108,0
5,val,91,1391,0,1790,731,0
5,val,92,329,1,271,1,0
5,val,93,427,1,426,13,0
5,val,94,295,1,665,363,0
5,val,95,1705,1,439,1,0
5,val,96,1860,0,561,372,0
5,val,97,764,2,1765,1502,0
5,val,98,1016,1,2599,1,0
5,val,99,641,1,1075,48,0
5,val,100,139,0,932,519,0
5,val,101,2421,0,12,45,0
5,val,102,452,1,151,1,0
5,val,103,1472,5,1613,541,0
5,val,104,997,2,1621,866,0
5,val,105,1230,1,978,1,0
5,val,106,1280,1,29,1,0
5,val,107,2092,1,1504,133,0
5,val,108,2455,1,1319,362,0
5,val,109,2255,1,211,1,0
5,val,110,77,4,767,1683,0
5,val,111,150,1,1952,1,0
5,val,112,637,1,2187,2,0
5,val,113,35,1,981,1,0
5,val,114,1428,0,1235,30,0
5,val,115,1148,4,928,151,0
5,val,116,1056,1,843,9,0
5,val,117,1230,0,1348,204,0
5,val,118,79,1,879,1,0
5,val,119,2519,1,554,3,0
5,val,120,631,0,283,38,0
5,val,121,564,1,1945,5,0
5,val,122,1137,1,1136,6,0
5,val,123,738,0,1641,1920,0
5,val,124,2472,1,1190,16,0
5,val,125,1245,1,347,1,0
5,val,126,672,1,64,64,0
5,val,127,233,1,1854,209,0
5,val,128,1965,1,1964,301,0
5,val,129,1415,0,1661,12,0
5,val,130,238,1,237,3,0
5,val,131,1999,1,941,278,0
5,val,132,2196,0,969,34,0
5,val,133,2384,1,1488,851,0
5,val,134,462,1,912,459,0
5,val,135,1896,3,957,315,0
5,val,136,1722,1,849,2,0
5,val,137,631,5,798,140,0
5,val,138,2456,1,550,280,0
5,val,139,1286,1,660,1,0
5,val,140,2237,1,1353,1,0
5,val,141,1279,1,2611,457,0
5,val,142,116,2,234,49,0
5,val,143,777,0,328,25,0
5,val,144,2134,1,194,254,0
5,val,145,2013,0,494,1167,0
5,val,146,853,1,1420,20,0
5,val,147,10,1,34,1,0
5,val,148,1710,1,148,1,0
5,val,149,215,1,561,1,0
5,val,150,1986,1,468,15,0
5,val,151,952,0,479,48,0
5,val,152,1859,1,992,7,0
5,val,153,1569,5,1988,27,0
5,val,154,756,0,525,1149,0
5,val,155,140,1,461,536,0
5,val,156,773,1,2001,1,0
5,val,157,1159,0,1722,1215,0
5,val,158,1859,1,773,1,0
5,val,159,1270,0,490,402,0
5,val,160,1498,0,1814,63,0
5,val,161,2260,1,371,1,0
5,val,162,1303,1,315,1,0
5,val,163,1938,1,1319,34,0
5,val,164,531,1,336,247,0
5,val,165,147,0,2535,314,0
5,val,166,841,0,1695,793,0
5,val,167,2030,0,2614,224,0
5,val,168,141,1,394,2,0
5,val,169,2197,0,45,763,0
5,val,170,999,4,2529,89,0
5,val,171,349,1,746,1,0
5,val,172,1658,0,2042,668,0
5,val,173,1176,0,1538,885,0
5,val,174,99,1,71,1,0
5,val,175,1196,1,541,1,0
5,val,176,979,1,1773,69,0
5,val,177,547,0,383,4,0
5,val,178,556,1,2074,1,0
5,val,179,875,1,2364,3,0
5,val,180,2550,0,2687,34,0
5,val,181,148,1,55,4,0
5,val,182,1180,0,1631,246,0
5,val,183,344,1,230,3,0
5,val,184,1099,1,2195,98,0
5,val,185,1035,1,2069,23,0
5,val,186,595,1,2664,113,0
5,val,187,234,1,233,2,0
5,val,188,19,1,662,1,0
5,val,189,1620,2,997,760,0
5,val,190,1794,0,480,248,0
5,val,191,2641,1,454,1,0
5,val,192,2026,1,459,2,0
5,val,193,371,1,1691,4,0
5,val,194,531,1,1671,12,0
5,val,195,1829,1,525,1,0
5,val,196,601,1,221,1,0
5,val,197,1916,1,1161,1,0
5,val,198,618,1,417,8,0
5,val,199,263,0,2226,602,0
5,val,200,938,1,2559,7,0
5,val,201,2412,0,62,6,0
5,val,202,809,1,1005,1,0
5,val,203,1753,0,1174,31,0
5,val,204,277,1,445,1021,0
5,val,205,1432,0,2087,355,0
5,val,206,1994,1,187,1,0
5,val,207,68,4,1601,790,0
5,val,208,2580,0,1074,2706,0
5,val,209,683,1,198,9,0
5,val,210,2434,0,634,1036,0
5,val,211,1756,1,836,1,0
5,val,212,62,4,1624,1964,0
5,val,213,653,1,652,3,0
5,val,214,455,1,454,1,0
5,val,215,1952,1,1494,1,0
5,val,216,832,1,1325,1,0
5,val,217,2589,0,377,1176,0
5,val,218,2419,0,1197,1392,0
5,val,219,1928,1,1533,57,0
5,val,220,1008,1,668,1,0
5,val,221,1755,1,307,419,0
5,val,222,250,1,429,1,0
5,val,223,602,1,595,1191,0
5,val,224,1184,0,1682,652,0
5,val,225,1256,1,54,2,0
5,val,226,480,0,1199,38,0
5,val,227,1171,1,855,1,0
5,val,228,2616,4,456,1443,0
5,val,229,963,0,479,8,0
5,val,230,435,1,1684,1,0
5,val,231,2427,1,32,1,0
5,val,232,2399,1,2543,3,0
5,val,233,2344,1,225,1,0
5,val,234,1449,1,2381,3,0
5,val,235,2284,1,1505,1,0
5,val,236,881,0,110,89,0
5,val,237,330,5,1783,122,0
5,val,238,585,1,2508,193,0
5,val,239,1969,0,51,2178,0
5,val,240,223,5,1306,25,0
5,val,241,2637,0,1724,1007,0
5,val,242,672,1,345,69,0
5,val,243,912,1,1933,7,0
5,val,244,29,1,1485,133,0
5,val,245,699,0,2452,1978,0
5,val,246,791,4,2343,10,0
5,val,247,2444,2,514,2,0
5,val,248,183,0,401,1379,0
5,val,249,380,0,1729,714,0
5,val,250,997,1,1707,3,0
5,val,251,312,0,983,19,0
5,val,252,546,4,620,282,0
5,val,253,1366,1,2507,161,0
5,val,254,371,0,1357,1380,0
5,val,255,390,1,881,1,0
5,val,256,106,1,268,14,0
5,val,257,941,1,2144,911,0
5,val,258,114,0,692,654,0
5,val,259,687,0,2496,404,0
5,val,260,133,1,261,4,0
5,val,261,659,0,143,7,0
5,val,262,783,0,1049,1472,0
5,val,263,612,0,88,1089,0
5,val,264,1705,1,39,1,0
5,val,265,1826,1,962,1,0
5,val,266,25,1,24,1,0
5,val,267,1255,4,2604,151,0
5,val,268,1348,0,1596,848,0
5,val,269,2250,1,2249,1,0
5,val,270,1420,1,853,38,0
5,val,271,2056,1,2220,1356,0
5,val,272,103,0,344,268,0
5,val,273,2231,0,888,67,0
5,val,274,595,0,1347,995,0
5,val,275,39,1,366,2,0
5,val,276,1165,0,1186,64,0
5,val,277,674,1,673,1,0
5,val,278,1402,1,1611,1,0
5,val,279,528,0,1199,37,0
5,val,280,1104,1,1857,26,0
5,val,281,1266,0,545,561,0
5,val,282,2695,0,1,619,0
5,val,283,868,4,2458,171,0
5,val,284,1654,1,158,2,0
5,val,285,940,1,939,5,0
5,val,286,192,1,453,1,0
5,val,287,115,1,336,1,0
5,val,288,450,0,1631,244,0
5,val,289,1367,1,2525,29,0
5,val,290,239,0,2304,1170,0
5,val,291,713,1,83,3,0
5,val,292,569,2,1906,10,0
5,val,293,1191,1,29,1,0
5,val,294,112,0,2256,1691,0
5,val,295,1494,1,1299,3,0
5,val,296,1753,1,583,1,0
5,val,297,2185,1,586,3,0
5,val,298,1281,1,2301,12,0
5,val,299,1259,1,212,4,0
5,val,300,971,1,991,1,0
5,val,301,85,1,469,1,0
5,val,302,2514,0,357,59,0
5,val,303,986,1,1814,1,0
5,val,304,1367,1,971,3,0
5,val,305,401,1,1060,2,0
5,val,306,2549,0,2658,84,0
5,val,307,1621,2,1620,65,0
5,val,308,474,4,2146,867,0
5,val,309,2564,0,371,75,0
5,val,310,2608,0,141,17,0
5,val,311,1609,1,25,1,0
5,val,312,1974,0,1199,41,0
5,val,313,2624,1,2122,1783,0
5,val,314,2338,0,1217,11,0
5,val,315,339,0,383,4,0
5,val,316,2207,1,2013,159,0
5,val,317,116,1,115,2,0
5,val,318,2370,1,2369,3,0
5,val,319,1574,1,328,5,0
5,val,320,717,5,472,968,0
5,val,321,1566,1,960,1,0
5,val,322,807,5,1373,83,0
5,val,323,2220,1,2056,1829,0
5,val,324,2008,1,2489,23,0
5,val,325,1057,1,598,1,0
5,val,326,147,1,146,63,0
5,val,327,2547,0,1732,1298,0
5,val,328,1037,1,189,669,0
5,val,329,1489,1,1708,2,0
5,val,330,826,1,1523,1,0
5,val,331,719,2,81,3,0
5,val,332,1030,1,1029,1,0
5,val,333,1992,1,687,1,0
5,val,334,936,1,2181,3,0
5,val,335,2644,0,1066,1929,0
5,val,336,1939,1,551,48,0
5,val,337,1054,1,2607,19,0
5,val,338,1024,1,1284,1,0
5,val,339,791,4,2223,431,0
5,val,340,1092,1,2132,2,0
5,val,341,598,1,2020,2,0
5,val,342,1065,1,388,1,0
5,val,343,997,2,1620,1810,0
5,val,344,146,1,2401,1360,0
5,val,345,689,5,971,434,0
5,val,346,2388,0,1358,42,0
5,val,347,1328,1,2600,16,0
5,val,348,918,5,2674,312,0
5,val,349,2511,1,1423,2,0
5,val,350,2144,1,2143,270,0
5,val,351,1097,2,891,545,0
5,val,352,2085,2,1834,8,0
5,val,353,1877,0,2056,1383,0
5,val,354,1127,0,2467,232,0
5,val,355,2482,1,2481,1,0
5,val,356,83,1,1551,1,0
5,val,357,666,0,164,17,0
5,val,358,1635,1,1167,1,0
5,val,359,416,1,530,8,0
5,val,360,1294,0,1634,1686,0
5,val,361,595,1,594,7,0
5,val,362,2665,1,741,1,0
5,val,363,538,0,1211,186,0
5,val,364,23,1,258,2,0
5,val,365,151,1,2606,18,0
5,val,366,779,0,2692,183,0
5,val,367,1734,5,518,457,0
5,val,368,991,1,150,1,0
5,val,369,458,1,1641,1,0
5,val,370,1551,1,83,707,0
5,val,371,2680,1,126,3,0
5,val,372,910,0,377,1200,0
5,val,373,1032,2,514,3,0
5,val,374,2115,4,2079,142,0
5,val,375,1984,1,2688,6,0
5,val,376,963,5,221,230,0
5,val,377,145,0,2347,848,0
5,val,378,1203,0,1437,2245,0
5,val,379,499,4,1545,30,0
5,val,380,1679,0,834,7,0
5,val,381,51,1,1265,3,0
5,val,382,664,3,2201,100,0
5,val,383,2123,0,2157,165,0
5,val,384,217,0,832,1096,0
5,val,385,2514,1,4,2,0
5,val,386,1623,1,1775,1,0
5,val,387,595,1,602,1519,0
5,val,388,868,4,499,83,0
5,val,389,1225,1,790,1,0
5,val,390,1583,4,1959,22,0
5,val,391,425,0,634,1047,0
5,val,392,243,0,62,10,0
5,val,393,523,1,875,2,0
5,val,394,2662,1,1930,1,0
5,val,395,385,1,85,21,0
5,val,396,714,1,858,1,0
5,val,397,2638,1,95,1,0
5,val,398,1397,1,1177,8,0
5,val,399,2657,1,1814,109,0
5,val,400,1953,1,2013,808,0
5,val,401,371,1,2036,4,0
5,val,402,2696,1,176,1,0
5,val,403,2456,1,2260,360,0
5,val,404,1546,0,1,633,0
5,val,405,992,3,1888,4,0
5,val,406,2122,1,2624,24,0
5,val,407,222,1,963,3,0
5,val,408,875,1,1828,9,0
5,val,409,462,1,172,158,0
5,val,410,659,1,658,1,0
5,val,411,646,4,2360,8,0
5,val,412,655,4,2184,321,0
5,val,413,829,1,23,2,0
5,val,414,2195,1,1099,1726,0
5,val,415,1963,1,1299,1,0
5,val,416,2197,1,45,1,0
5,val,417,2015,0,1348,189,0
5,val,418,616,1,1647,2,0
5,val,419,60,1,2702,2,0
5,val,420,2433,0,930,382,0
5,val,421,2014,0,328,20,0
5,val,422,2673,1,545,1,0
5,val,423,1262,4,1694,112,0
5,val,424,32,0,2518,753,0
5,val,425,1045,1,1044,1,0
5,val,426,158,1,138,2,0
5,val,427,2257,1,269,1,0
5,val,428,1388,0,1239,76,0
5,val,429,1898,0,625,1355,0
5,val,430,541,1,1196,2,0
5,val,431,2434,1,2301,235,0
5,val,432,990,1,2473,2135,0
5,val,433,912,1,462,1026,0
5,val,434,611,1,2103,1,0
5,val,435,799,1,1570,8,0
5,val,436,1757,0,1957,1553,0
5,val,437,898,1,1256,3,0
5,val,438,77,0,240,2450,0
5,val,439,1717,1,1825,1,0
5,val,440,2418,1,768,1,0
5,val,441,952,1,1769,1269,0
5,val,442,1059,1,1317,1,0
5,val,443,1028,1,1444,546,0
5,val,444,1689,1,1338,1105,0
5,val,445,1437,1,1157,1,0
5,val,446,2679,1,4,1,0
5,val,447,205,1,28,1,0
5,val,448,376,0,1357,1551,0
5,val,449,2058,0,789,1437,0
5,val,450,1988,5,1569,934,0
5,val,451,2231,1,1578,1,0
5,val,452,377,0,1456,44,0
5,val,453,1060,1,673,1,0
5,val,454,1299,1,1963,1,0
5,val,455,2033,0,2620,788,0
5,val,456,1590,1,472,1,0
5,val,457,419,1,418,96,0
5,val,458,1193,1,2096,362,0
5,val,459,1393,1,242,1,0
5,val,460,746,1,1399,1,0
5,val,461,2153,1,863,1,0
5,val,462,1176,5,2693,63,0
5,val,463,2119,1,579,1,0
5,val,464,882,1,467,1,0
5,val,465,2646,0,1154,1643,0
5,val,466,467,1,1899,19,0
5,val,467,523,1,522,2,0
5,val,468,20,1,311,14,0
5,val,469,211,1,210,8,0
5,val,470,2638,0,478,544,0
5,val,471,1640,5,2065,390,0
5,val,472,2389,5,359,792,0
5,val,473,991,1,1213,1,0
5,val,474,196,1,1902,1,0
5,val,475,557,1,2073,3,0
5,val,476,980,0,401,1066,0
5,val,477,1260,1,1975,1,0
5,val,478,2074,0,2391,1777,0
5,val,479,509,0,1586,1828,0
5,val,480,1236,1,380,1,0
5,val,481,2573,0,94,377,0
5,val,482,1641,0,879,672,0
5,val,483,1293,1,2307,4,0
5,val,484,211,1,559,3,0
5,val,485,18,1,1321,26,0
5,val,486,471,0,1461,1038,0
5,val,487,608,1,69,1,0
5,val,488,1245,0,1050,2432,0
5,val,489,97,1,2708,6,0
5,val,490,1931,0,733,1369,0
5,val,491,1351,0,1853,80,0
5,val,492,209,1,242,2,0
5,val,493,2368,0,569,14,0
5,val,494,984,0,135,1113,0
5,val,495,213,0,879,666,0
5,val,496,2451,1,21,2216,0
5,val,497,2553,0,794,1078,0
5,val,498,482,1,481,25,0
5,val,499,2202,3,2348,717,0
5,val,500,1496,5,942,2,0
5,val,501,2334,1,141,1,0
5,val,502,1703,1,1702,2,0
5,val,503,2024,1,294,1,0
5,val,504,2614,0,565,1704,0
5,val,505,230,1,370,2,0
5,val,506,2324,1,253,1,0
5,val,507,378,1,1157,1,0
5,val,508,1634,1,2084,391,0
5,val,509,2382,1,1591,431,0
5,val,510,514,2,513,31,0
5,val,511,1859,5,1171,15,0
5,val,512,333,1,1626,575,0
5,val,513,1697,4,1730,113,0
5,val,514,1243,2,597,997,0
5,val,515,18,1,2707,21,0
5,val,516,2179,0,457,854,0
5,val,517,2213,0,1971,749,0
5,val,518,1418,1,1074,925,0
5,val,519,791,4,2380,304,0
5,val,520,867,2,1032,1523,0
5,val,521,202,1,1202,2,0
5,val,522,1896,0,135,820,0
5,val,523,48,0,2214,380,0
5,val,524,2459,1,45,1,0
5,val,525,2452,0,2349,513,0
5,val,526,1490,1,2116,63,0
5,val,527,2188,0,1186,101,0
5,val,528,327,1,2495,1145,0
5,val,529,2279,0,403,1126,0
5,val,530,2420,1,1161,1,0
5,val,531,1088,7,1087,14,0
5,val,532,2292,0,1358,41,0
5,val,533,1662,1,31,1,0
5,val,534,1080,1,725,7,0
5,val,535,453,1,685,5,0
5,val,536,1579,1,844,1,0
5,val,537,1501,1,1072,1,0
5,val,538,715,1,954,1497,0
5,val,539,2102,1,1034,1,0
5,val,540,2688,0,1436,213,0
5,val,541,1620,2,438,744,0
5,val,542,222,0,2533,1074,0
5,val,543,2696,0,2323,791,0
5,val,544,757,1,1832,19,0
5,val,545,2374,1,810,2,0
5,val,546,1291,4,1409,157,0
5,val,547,1565,5,926,190,0
5,val,548,2670,0,1950,146,0
5,val,549,79,2,984,440,0
5,val,550,718,5,717,1364,0
5,val,551,1356,0,879,594,0
5,val,552,427,5,390,8,0
5,val,553,12,1,2431,12,0
5,val,554,1500,1,2694,12,0
5,val,555,422,1,621,1,0
5,val,556,912,1,64,4,0
5,val,557,1373,5,807,447,0
5,val,558,941,5,2153,41,0
5,val,559,1612,0,432,1436,0
5,val,560,1544,1,1249,1,0
5,val,561,223,1,2088,12,0
5,val,562,84,1,1552,1,0
5,val,563,2135,0,38,745,0
5,val,564,700,2,2427,743,0
5,val,565,2655,1,2398,2351,0
5,val,566,91,2,770,6,0
5,val,567,1444,1,1443,1,0
5,val,568,2115,4,1880,1054,0
5,val,569,1135,1,174,2,0
5,val,570,253,1,2324,1,0
5,val,571,290,0,452,543,0
5,val,572,2673,5,1401,1321,0
5,val,573,724,1,169,2,0
5,val,574,2485,0,18,457,0
5,val,575,2221,1,2536,313,0
5,val,576,1392,1,1380,2,0
5,val,577,1830,1,1746,6,0
5,val,578,2031,0,2663,177,0
5,val,579,1941,4,2612,69,0
5,val,580,2297,4,2449,92,0
5,val,581,2437,1,662,2,0
5,val,582,176,1,2321,11,0
5,val,583,546,4,2022,176,0
5,val,584,1890,1,943,1,0
5,val,585,1624,0,791,14,0
5,val,586,1991,1,990,1,0
5,val,587,361,0,2323,786,0
5,val,588,1248,0,230,22,0
5,val,589,21,1,2451,1487,0
5,val,590,1941,0,240,2319,0
5,val,591,629,1,2060,2,0
5,val,592,1824,0,2260,1202,0
5,val,593,1473,1,813,2,0
5,val,594,136,0,222,126,0
5,val,595,597,2,1243,2211,0
5,val,596,708,1,1863,359,0
5,val,597,42,4,483,32,0
5,val,598,1593,1,543,5,0
5,val,599,696,0,1216,48,0
5,val,600,1190,1,1189,51,0
5,val,601,372,0,983,18,0
5,val,602,23,1,829,2,0
5,val,603,8,5,309,20,0
5,val,604,1424,1,659,6,0
5,val,605,2124,1,1790,1,0
5,val,606,2222,1,1104,1,0
5,val,607,1338,1,2588,88,0
5,val,608,2335,1,143,1,0
5,val,609,1973,0,833,481,0
5,val,610,765,1,764,583,0
5,val,611,1383,0,1922,76,0
5,val,612,691,0,2015,1,0
5,val,613,910,1,122,3,0
5,val,614,2267,1,972,195,0
5,val,615,1145,0,401,1380,0
5,val,616,751,0,983,30,0
5,val,617,176,1,1837,364,0
5,val,618,815,2,355,1735,0
5,val,619,983,0,64,30,0
5,val,620,999,4,2493,91,0
5,val,621,2023,1,1647,2,0
5,val,622,2294,3,1214,2041,0
5,val,623,376,1,736,12,0
5,val,624,1370,1,174,2,0
5,val,625,875,1,963,2,0
5,val,626,1171,5,1859,579,0
5,val,627,104,1,1726,2,0
5,val,628,2710,1,1281,1,0
5,val,629,1132,1,1116,3,0
5,val,630,2209,10,1026,1568,1
5,val,631,31,10,2313,2,1
5,val,632,1958,13,474,75,1
5,val,633,211,10,1751,3,1
5,val,634,395,10,1136,2,1
5,val,635,997,11,66,150,1
5,val,636,953,10,1196,2,1
5,val,637,577,9,2025,1,1
5,val,638,86,14,1168,4,1
5,val,639,79,10,2424,5,1
5,val,640,34,10,53,1,1
5,val,641,930,10,810,1,1
5,val,642,810,9,2411,1,1
5,val,643,2625,15,2386,877,1
5,val,644,1900,10,140,2140,1
5,val,645,2078,9,434,592,1
5,val,646,2166,9,2515,2247,1
5,val,647,676,10,1474,2,1
5,val,648,923,10,918,1,1
5,val,649,1098,10,552,80,1
5,val,650,849,10,2582,7,1
5,val,651,49,10,1397,6,1
5,val,652,662,10,2504,15,1
5,val,653,1389,10,2311,1,1
5,val,654,380,14,381,298,1
5,val,655,1862,10,1863,4,1
5,val,656,1399,10,2104,1,1
5,val,657,2633,11,1765,736,1
5,val,658,11,9,1722,2458,1
5,val,659,2457,10,1338,1943,1
5,val,660,42,12,2022,123,1
5,val,661,976,10,312,4,1
5,val,662,1809,9,2639,77,1
5,val,663,23,10,2133,2,1
5,val,664,357,10,396,2,1
5,val,665,1656,13,1185,1037,1
5,val,666,1217,9,2619,1120,1
5,val,667,1270,10,2602,5,1
5,val,668,1830,11,79,21,1
5,val,669,25,10,952,1674,1
5,val,670,519,9,906,771,1
5,val,671,1861,11,79,17,1
5,val,672,430,9,93,31,1
5,val,673,918,14,2674,300,1
5,val,674,143,9,1865,198,1
5,val,675,1836,10,826,18,1
5,val,676,2243,10,1205,1547,1
5,val,677,1431,10,1432,1,1
5,val,678,1018,9,1895,357,1
5,val,679,1149,11,1202,1007,1
5,val,680,2300,10,34,1,1
5,val,681,173,10,1087,246,1
5,val,682,2512,10,285,2204,1
5,val,683,1806,10,943,1,1
5,val,684,1068,10,150,37,1
5,val,685,399,9,1123,3,1
5,val,686,2115,13,317,643,1
5,val,687,2013,10,363,2,1
5,val,688,143,9,1429,6,1
5,val,689,230,9,2497,1666,1
5,val,690,256,9,1930,937,1
5,val,691,620,10,2581,342,1
5,val,692,936,10,751,2,1
5,val,693,583,10,2012,3,1
5,val,694,1771,10,2653,110,1
5,val,695,1600,9,413,884,1
5,val,696,334,10,12,1,1
5,val,697,2132,14,671,5,1
5,val,698,2655,10,2398,2469,1
5,val,699,1467,13,2413,224,1
5,val,700,249,12,287,215,1
5,val,701,2054,10,1859,1,1
5,val,702,140,10,1900,614,1
5,val,703,10,10,327,2,1
5,val,704,1806,10,862,35,1
5,val,705,2273,10,2614,203,1
5,val,706,225,10,1770,2,1
5,val,707,1260,10,1975,1,1
5,val,708,409,10,459,4,1
5,val,709,2516,9,1796,1746,1
5,val,710,102,10,54,2,1
5,val,711,810,9,5,638,1
5,val,712,62,10,2561,349,1
5,val,713,2142,10,797,1,1
5,val,714,2154,9,2299,1500,1
5,val,715,1722,10,8,2,1
5,val,716,1087,10,173,2439,1
5,val,717,803,9,114,2484,1
5,val,718,847,10,848,1,1
5,val,719,1538,10,537,791,1
5,val,720,1502,9,871,1297,1
5,val,721,1790,9,1391,2144,1
5,val,722,271,10,329,1,1
5,val,723,426,10,427,1,1
5,val,724,665,10,295,137,1
5,val,725,439,10,1705,9,1
5,val,726,561,9,1860,2277,1
5,val,727,1765,11,764,1719,1
5,val,728,2599,10,1016,1,1
5,val,729,1075,10,641,6,1
5,val,730,932,9,139,717,1
5,val,731,12,9,2421,383,1
5,val,732,151,10,452,20,1
5,val,733,1613,14,1472,1214,1
5,val,734,1621,11,997,625,1
5,val,735,978,10,1230,2,1
5,val,736,29,10,1280,13,1
5,val,737,1504,10,2092,118,1
5,val,738,1319,10,2455,443,1
5,val,739,211,10,2255,1,1
5,val,740,767,13,77,179,1
5,val,741,1952,10,150,2,1
5,val,742,2187,10,637,1,1
5,val,743,981,10,35,1,1
5,val,744,1235,9,1428,1879,1
5,val,745,928,13,1148,184,1
5,val,746,843,10,1056,4,1
5,val,747,1348,9,1230,2331,1
5,val,748,879,10,79,2,1
5,val,749,554,10,2519,180,1
5,val,750,283,9,631,46,1
5,val,751,1945,10,564,1,1
5,val,752,1136,10,1137,7,1
5,val,753,1641,9,738,2007,1
5,val,754,1190,10,2472,62,1
5,val,755,347,10,1245,2,1
5,val,756,64,10,672,38,1
5,val,757,1854,10,233,78,1
5,val,758,1964,10,1965,324,1
5,val,759,1661,9,1415,27,1
5,val,760,237,10,238,1,1
5,val,761,941,10,1999,8,1
5,val,762,969,9,2196,1293,1
5,val,763,1488,10,2384,385,1
5,val,764,912,10,462,970,1
5,val,765,957,12,1896,159,1
5,val,766,849,10,1722,1,1
5,val,767,798,14,631,160,1
5,val,768,550,10,2456,19,1
5,val,769,660,10,1286,1,1
5,val,770,1353,10,2237,5,1
5,val,771,2611,10,1279,748,1
5,val,772,234,11,116,61,1
5,val,773,328,9,777,462,1
5,val,774,194,10,2134,391,1
5,val,775,494,9,2013,939,1
5,val,776,1420,10,853,20,1
5,val,777,34,10,10,9,1
5,val,778,148,10,1710,2,1
5,val,779,561,10,215,1,1
5,val,780,468,10,1986,8,1
5,val,781,479,9,952,57,1
5,val,782,992,10,1859,1,1
5,val,783,1988,14,1569,368,1
5,val,784,525,9,756,985,1
5,val,785,461,10,140,953,1
5,val,786,2001,10,773,1,1
5,val,787,1722,9,1159,30,1
5,val,788,773,10,1859,2,1
5,val,789,490,9,1270,1626,1
5,val,790,1814,9,1498,1,1
5,val,791,371,10,2260,1,1
5,val,792,315,10,1303,2,1
5,val,793,1319,10,1938,124,1
5,val,794,336,10,531,369,1
5,val,795,2535,9,147,376,1
5,val,796,1695,9,841,1141,1
5,val,797,2614,9,2030,1839,1
5,val,798,394,10,141,2,1
5,val,799,45,9,2197,6,1
5,val,800,2529,13,999,141,1
5,val,801,746,10,349,1,1
5,val,802,2042,9,1658,851,1
5,val,803,1538,9,1176,636,1
5,val,804,71,10,99,4,1
5,val,805,541,10,1196,2,1
5,val,806,1773,10,979,2,1
5,val,807,383,9,547,71,1
5,val,808,2074,10,556,2,1
5,val,809,2364,10,875,1,1
5,val,810,2687,9,2550,2094,1
5,val,811,55,10,148,1,1
5,val,812,1631,9,1180,618,1
5,val,813,230,10,344,2,1
5,val,814,2195,10,1099,1721,1
5,val,815,2069,10,1035,2,1
5,val,816,2664,10,595,1755,1
5,val,817,233,10,234,1,1
5,val,818,662,10,19,4,1
5,val,819,997,11,1620,1006,1
5,val,820,480,9,1794,2043,1
5,val,821,454,10,2641,2,1
5,val,822,459,10,2026,1,1
5,val,823,1691,10,371,1,1
5,val,824,1671,10,531,1,1
5,val,825,525,10,1829,1,1
5,val,826,221,10,601,2,1
5,val,827,1161,10,1916,32,1
5,val,828,417,10,618,1,1
5,val,829,2226,9,263,127,1
5,val,830,2559,10,938,1,1
5,val,831,62,9,2412,785,1
5,val,832,1005,10,809,35,1
5,val,833,1174,9,1753,1211,1
5,val,834,445,10,277,1351,1
5,val,835,2087,9,1432,970,1
5,val,836,187,10,1994,4,1
5,val,837,1601,13,68,475,1
5,val,838,1074,9,2580,1301,1
5,val,839,198,10,683,1,1
5,val,840,634,9,2434,1766,1
5,val,841,836,10,1756,1,1
5,val,842,1624,13,62,11,1
5,val,843,652,10,653,1,1
5,val,844,454,10,455,2,1
5,val,845,1494,10,1952,1,1
5,val,846,1325,10,832,1,1
5,val,847,377,9,2589,684,1
5,val,848,1197,9,2419,2150,1
5,val,849,1533,10,1928,7,1
5,val,850,668,10,1008,11,1
5,val,851,307,10,1755,31,1
5,val,852,429,10,250,2,1
5,val,853,595,10,602,1486,1
5,val,854,1682,9,1184,31,1
5,val,855,54,10,1256,1,1
5,val,856,1199,9,480,354,1
5,val,857,855,10,1171,39,1
5,val,858,456,13,2616,622,1
5,val,859,479,9,963,2,1
5,val,860,1684,10,435,1,1
5,val,861,32,10,2427,1,1
5,val,862,2543,10,2399,1,1
5,val,863,225,10,2344,5,1
5,val,864,2381,10,1449,1,1
5,val,865,1505,10,2284,1,1
5,val,866,110,9,881,2616,1
5,val,867,1783,14,330,2,1
5,val,868,2508,10,585,31,1
5,val,869,51,9,1969,1598,1
5,val,870,1306,14,223,6,1
5,val,871,1724,9,2637,453,1
5,val,872,345,10,672,3,1
5,val,873,1933,10,912,1,1
5,val,874,1485,10,29,446,1
5,val,875,2452,9,699,2216,1
5,val,876,2343,13,791,2,1
5,val,877,514,11,2444,13,1
5,val,878,401,9,183,969,1
5,val,879,1729,9,380,411,1
5,val,880,1707,10,997,375,1
5,val,881,983,9,312,369,1
5,val,882,620,13,546,12,1
5,val,883,2507,10,1366,902,1
5,val,884,1357,9,371,8,1
5,val,885,881,10,390,2,1
5,val,886,268,10,106,23,1
5,val,887,2144,10,941,1319,1
5,val,888,692,9,114,2356,1
5,val,889,2496,9,687,705,1
5,val,890,261,10,133,1,1
5,val,891,143,9,659,71,1
5,val,892,1049,9,783,1103,1
5,val,893,88,9,612,644,1
5,val,894,39,10,1705,9,1
5,val,895,962,10,1826,16,1
5,val,896,24,10,25,2,1
5,val,897,2604,13,1255,96,1
5,val,898,1596,9,1348,341,1
5,val,899,2249,10,2250,10,1
5,val,900,853,10,1420,12,1
5,val,901,2220,10,2056,1732,1
5,val,902,344,9,103,2062,1
5,val,903,888,9,2231,1874,1
5,val,904,1347,9,595,1841,1
5,val,905,366,10,39,1,1
5,val,906,1186,9,1165,102,1
5,val,907,673,10,674,3,1
5,val,908,1611,10,1402,1,1
5,val,909,1199,9,528,1835,1
5,val,910,1857,10,1104,1,1
5,val,911,545,9,1266,2331,1
5,val,912,1,9,2695,1729,1
5,val,913,2458,13,868,1872,1
5,val,914,158,10,1654,6,1
5,val,915,939,10,940,1,1
5,val,916,453,10,192,2,1
5,val,917,336,10,115,3,1
5,val,918,1631,9,450,1288,1
5,val,919,2525,10,1367,3,1
5,val,920,2304,9,239,2686,1
5,val,921,83,10,713,13,1
5,val,922,1906,11,569,8,1
5,val,923,29,10,1191,1,1
5,val,924,2256,9,112,1316,1
5,val,925,1299,10,1494,10,1
5,val,926,583,10,1753,5,1
5,val,927,586,10,2185,2,1
5,val,928,2301,10,1281,2,1
5,val,929,212,10,1259,1,1
5,val,930,991,10,971,3,1
5,val,931,469,10,85,18,1
5,val,932,357,9,2514,2246,1
5,val,933,1814,10,986,1,1
5,val,934,971,10,1367,1,1
5,val,935,1060,10,401,1,1
5,val,936,2658,9,2549,568,1
5,val,937,1620,11,1621,198,1
5,val,938,2146,13,474,68,1
5,val,939,371,9,2564,1801,1
5,val,940,141,9,2608,2177,1
5,val,941,25,10,1609,1,1
5,val,942,1199,9,1974,2370,1
5,val,943,2122,10,2624,17,1
5,val,944,1217,9,2338,988,1
5,val,945,383,9,339,13,1
5,val,946,2013,10,2207,143,1
5,val,947,115,10,116,39,1
5,val,948,2369,10,2370,8,1
5,val,949,328,10,1574,44,1
5,val,950,472,14,717,1095,1
5,val,951,960,10,1566,1,1
5,val,952,1373,14,807,1871,1
5,val,953,2056,10,2220,1285,1
5,val,954,2489,10,2008,1,1
5,val,955,598,10,1057,2,1
5,val,956,146,10,147,113,1
5,val,957,1732,9,2547,1398,1
5,val,958,189,10,1037,350,1
5,val,959,1708,10,1489,1,1
5,val,960,1523,10,826,9,1
5,val,961,81,11,719,3,1
5,val,962,1029,10,1030,4,1
5,val,963,687,10,1992,3,1
5,val,964,2181,10,936,54,1
5,val,965,1066,9,2644,21,1
5,val,966,551,10,1939,5,1
5,val,967,2607,10,1054,1,1
5,val,968,1284,10,1024,1,1
5,val,969,2223,13,791,2,1
5,val,970,2132,10,1092,2,1
5,val,971,2020,10,598,2,1
5,val,972,388,10,1065,5,1
5,val,973,1620,11,997,1083,1
5,val,974,2401,10,146,890,1
5,val,975,971,14,689,53,1
5,val,976,1358,9,2388,506,1
5,val,977,2600,10,1328,3,1
5,val,978,2674,14,918,441,1
5,val,979,1423,10,2511,1,1
5,val,980,2143,10,2144,81,1
5,val,981,891,11,1097,326,1
5,val,982,1834,11,2085,409,1
5,val,983,2056,9,1877,803,1
5,val,984,2467,9,1127,1205,1
5,val,985,2481,10,2482,3,1
5,val,986,1551,10,83,611,1
5,val,987,164,9,666,2119,1
5,val,988,1167,10,1635,6,1
5,val,989,530,10,416,2,1
5,val,990,1634,9,1294,601,1
5,val,991,594,10,595,2,1
5,val,992,741,10,2665,12,1
5,val,993,1211,9,538,1,1
5,val,994,258,10,23,2,1
5,val,995,2606,10,151,1,1
5,val,996,2692,9,779,2296,1
5,val,997,518,14,1734,138,1
5,val,998,150,10,991,4,1
5,val,999,1641,10,458,1,1
5,val,1000,83,10,1551,1,1
5,val,1001,126,10,2680,1,1
5,val,1002,377,9,910,1445,1
5,val,1003,514,11,1032,282,1
5,val,1004,2079,13,2115,326,1
5,val,1005,2688,10,1984,1,1
5,val,1006,221,14,963,10,1
5,val,1007,2347,9,145,1421,1
5,val,1008,1437,9,1203,2188,1
5,val,1009,1545,13,499,53,1
5,val,1010,834,9,1679,1131,1
5,val,1011,1265,10,51,2,1
5,val,1012,2201,12,664,970,1
5,val,1013,2157,9,2123,496,1
5,val,1014,832,9,217,1271,1
5,val,1015,4,10,2514,3,1
5,val,1016,1775,10,1623,1,1
5,val,1017,602,10,595,1131,1
5,val,1018,499,13,868,1869,1
5,val,1019,790,10,1225,4,1
5,val,1020,1959,13,1583,1668,1
5,val,1021,634,9,425,1255,1
5,val,1022,62,9,243,2567,1
5,val,1023,875,10,523,2,1
5,val,1024,1930,10,2662,16,1
5,val,1025,85,10,385,2,1
5,val,1026,858,10,714,13,1
5,val,1027,95,10,2638,15,1
5,val,1028,1177,10,1397,1,1
5,val,1029,1814,10,2657,11,1
5,val,1030,2013,10,1953,4,1
5,val,1031,2036,10,371,9,1
5,val,1032,176,10,2696,3,1
5,val,1033,2260,10,2456,1,1
5,val,1034,1,9,1546,97,1
5,val,1035,1888,12,992,67,1
5,val,1036,2624,10,2122,1780,1
5,val,1037,963,10,222,1,1
5,val,1038,1828,10,875,2,1
5,val,1039,172,10,462,112,1
5,val,1040,658,10,659,2,1
5,val,1041,2360,13,646,2038,1
5,val,1042,2184,13,655,11,1
5,val,1043,23,10,829,2,1
5,val,1044,1099,10,2195,113,1
5,val,1045,1299,10,1963,1,1
5,val,1046,45,10,2197,10,1
5,val,1047,1348,9,2015,1869,1
5,val,1048,1647,10,616,1,1
5,val,1049,2702,10,60,1,1
5,val,1050,930,9,2433,2300,1
5,val,1051,328,9,2014,380,1
5,val,1052,545,10,2673,11,1
5,val,1053,1694,13,1262,2421,1
5,val,1054,2518,9,32,1977,1
5,val,1055,1044,10,1045,31,1
5,val,1056,138,10,158,1,1
5,val,1057,269,10,2257,4,1
5,val,1058,1239,9,1388,1330,1
5,val,1059,625,9,1898,1321,1
5,val,1060,1196,10,541,1,1
5,val,1061,2301,10,2434,10,1
5,val,1062,2473,10,990,1629,1
5,val,1063,462,10,912,463,1
5,val,1064,2103,10,611,1,1
5,val,1065,1570,10,799,1,1
5,val,1066,1957,9,1757,726,1
5,val,1067,1256,10,898,4,1
5,val,1068,240,9,77,253,1
5,val,1069,1825,10,1717,1,1
5,val,1070,768,10,2418,6,1
5,val,1071,1769,10,952,1656,1
5,val,1072,1317,10,1059,1,1
5,val,1073,1444,10,1028,137,1
5,val,1074,1338,10,1689,377,1
5,val,1075,1157,10,1437,3,1
5,val,1076,4,10,2679,7,1
5,val,1077,28,10,205,2,1
5,val,1078,1357,9,376,266,1
5,val,1079,789,9,2058,13,1
5,val,1080,1569,14,1988,2,1
5,val,1081,1578,10,2231,1,1
5,val,1082,1456,9,377,1613,1
5,val,1083,673,10,1060,1,1
5,val,1084,1963,10,1299,1,1
5,val,1085,2620,9,2033,1454,1
5,val,1086,472,10,1590,2,1
5,val,1087,418,10,419,2,1
5,val,1088,2096,10,1193,382,1
5,val,1089,242,10,1393,7,1
5,val,1090,1399,10,746,1,1
5,val,1091,863,10,2153,5,1
5,val,1092,2693,14,1176,599,1
5,val,1093,579,10,2119,1,1
5,val,1094,467,10,882,10,1
5,val,1095,1154,9,2646,2388,1
5,val,1096,1899,10,467,1,1
5,val,1097,522,10,523,1,1
5,val,1098,311,10,20,1,1
5,val,1099,210,10,211,1,1
5,val,1100,478,9,2638,1531,1
5,val,1101,2065,14,1640,177,1
5,val,1102,359,14,2389,26,1
5,val,1103,1213,10,991,1,1
5,val,1104,1902,10,196,2,1
5,val,1105,2073,10,557,2,1
5,val,1106,401,9,980,742,1
5,val,1107,1975,10,1260,2,1
5,val,1108,2391,9,2074,1400,1
5,val,1109,1586,9,509,1052,1
5,val,1110,380,10,1236,11,1
5,val,1111,94,9,2573,1714,1
5,val,1112,879,9,1641,1631,1
5,val,1113,2307,10,1293,1,1
5,val,1114,559,10,211,2,1
5,val,1115,1321,10,18,1,1
5,val,1116,1461,9,471,1107,1
5,val,1117,69,10,608,1,1
5,val,1118,1050,9,1245,1566,1
5,val,1119,2708,10,97,2,1
5,val,1120,733,9,1931,646,1
5,val,1121,1853,9,1351,2363,1
5,val,1122,242,10,209,1,1
5,val,1123,569,9,2368,2,1
5,val,1124,135,9,984,507,1
5,val,1125,879,9,213,300,1
5,val,1126,21,10,2451,1459,1
5,val,1127,794,9,2553,372,1
5,val,1128,481,10,482,7,1
5,val,1129,2348,12,2202,2500,1
5,val,1130,942,14,1496,2,1
5,val,1131,141,10,2334,51,1
5,val,1132,1702,10,1703,2,1
5,val,1133,294,10,2024,6,1
5,val,1134,565,9,2614,226,1
5,val,1135,370,10,230,2,1
5,val,1136,253,10,2324,1,1
5,val,1137,1157,10,378,12,1
5,val,1138,2084,10,1634,434,1
5,val,1139,1591,10,2382,549,1
5,val,1140,513,11,514,70,1
5,val,1141,1171,14,1859,1152,1
5,val,1142,1626,10,333,369,1
5,val,1143,1730,13,1697,1047,1
5,val,1144,597,11,1243,906,1
5,val,1145,2707,10,18,1,1
5,val,1146,457,9,2179,1015,1
5,val,1147,1971,9,2213,1961,1
5,val,1148,1074,10,1418,319,1
5,val,1149,2380,13,791,7,1
5,val,1150,1032,11,867,851,1
5,val,1151,1202,10,202,3,1
5,val,1152,135,9,1896,42,1
5,val,1153,2214,9,48,272,1
5,val,1154,45,10,2459,14,1
5,val,1155,2349,9,2452,2056,1
5,val,1156,2116,10,1490,2391,1
5,val,1157,1186,9,2188,13,1
5,val,1158,2495,10,327,617,1
5,val,1159,403,9,2279,1591,1
5,val,1160,1161,10,2420,7,1
5,val,1161,1087,16,1088,204,1
5,val,1162,1358,9,2292,525,1
5,val,1163,31,10,1662,2,1
5,val,1164,725,10,1080,2,1
5,val,1165,685,10,453,3,1
5,val,1166,844,10,1579,1,1
5,val,1167,1072,10,1501,1,1
5,val,1168,954,10,715,1223,1
5,val,1169,1034,10,2102,2,1
5,val,1170,1436,9,2688,1,1
5,val,1171,438,11,1620,1759,1
5,val,1172,2533,9,222,193,1
5,val,1173,2323,9,2696,1408,1
5,val,1174,1832,10,757,1,1
5,val,1175,810,10,2374,3,1
5,val,1176,1409,13,1291,2540,1
5,val,1177,926,14,1565,12,1
5,val,1178,1950,9,2670,1599,1
5,val,1179,984,11,79,15,1
5,val,1180,717,14,718,535,1
5,val,1181,879,9,1356,155,1
5,val,1182,390,14,427,16,1
5,val,1183,2431,10,12,1,1
5,val,1184,2694,10,1500,64,1
5,val,1185,621,10,422,4,1
5,val,1186,64,10,912,2,1
5,val,1187,807,14,1373,29,1
5,val,1188,2153,14,941,16,1
5,val,1189,432,9,1612,2171,1
5,val,1190,1249,10,1544,7,1
5,val,1191,2088,10,223,2,1
5,val,1192,1552,10,84,1,1
5,val,1193,38,9,2135,1934,1
5,val,1194,2427,11,700,44,1
5,val,1195,2398,10,2655,233,1
5,val,1196,770,11,91,48,1
5,val,1197,1443,10,1444,3,1
5,val,1198,1880,13,2115,374,1
5,val,1199,174,10,1135,6,1
5,val,1200,2324,10,253,1,1
5,val,1201,452,9,290,1394,1
5,val,1202,1401,14,2673,1,1
5,val,1203,169,10,724,4,1
5,val,1204,18,9,2485,8,1
5,val,1205,2536,10,2221,422,1
5,val,1206,1380,10,1392,3,1
5,val,1207,1746,10,1830,1,1
5,val,1208,2663,9,2031,375,1
5,val,1209,2612,13,1941,451,1
5,val,1210,2449,13,2297,1642,1
5,val,1211,662,10,2437,9,1
5,val,1212,2321,10,176,1,1
5,val,1213,2022,13,546,11,1
5,val,1214,943,10,1890,14,1
5,val,1215,791,9,1624,1325,1
5,val,1216,990,10,1991,1,1
5,val,1217,2323,9,361,445,1
5,val,1218,230,9,1248,1211,1
5,val,1219,2451,10,21,2270,1
5,val,1220,240,9,1941,463,1
5,val,1221,2060,10,629,1,1
5,val,1222,2260,9,1824,1917,1
5,val,1223,813,10,1473,2,1
5,val,1224,222,9,136,2285,1
5,val,1225,1243,11,597,1113,1
5,val,1226,1863,10,708,1408,1
5,val,1227,483,13,42,107,1
5,val,1228,543,10,1593,1,1
5,val,1229,1216,9,696,1092,1
5,val,1230,1189,10,1190,38,1
5,val,1231,983,9,372,1598,1
5,val,1232,829,10,23,2,1
5,val,1233,309,14,8,19,1
5,val,1234,659,10,1424,3,1
5,val,1235,1790,10,2124,11,1
5,val,1236,1104,10,2222,5,1
5,val,1237,2588,10,1338,1944,1
5,val,1238,143,10,2335,26,1
5,val,1239,833,9,1973,1489,1
5,val,1240,764,10,765,506,1
5,val,1241,1922,9,1383,1713,1
5,val,1242,2015,9,691,1,1
5,val,1243,122,10,910,4,1
5,val,1244,972,10,2267,265,1
5,val,1245,401,9,1145,1642,1
5,val,1246,983,9,751,824,1
5,val,1247,1837,10,176,64,1
5,val,1248,355,11,815,1636,1
5,val,1249,64,9,983,56,1
5,val,1250,2493,13,999,140,1
5,val,1251,1647,10,2023,12,1
5,val,1252,1214,12,2294,1673,1
5,val,1253,736,10,376,1,1
5,val,1254,174,10,1370,12,1
5,val,1255,963,10,875,1,1
5,val,1256,1859,14,1171,47,1
5,val,1257,1726,10,104,2,1
5,val,1258,1281,10,2710,3,1
5,val,1259,1116,10,1132,2,1
5,test,0,509,7,573,15,0
5,test,1,16,1,18,1,0
5,test,2,537,1,316,1,0
5,test,3,125,2,391,15,0
5,test,4,15,1,98,3,0
5,test,5,179,1,761,3,0
5,test,6,829,1,310,1,0
5,test,7,634,1,674,1,0
5,test,8,44,1,52,4,0
5,test,9,771,1,786,8,0
5,test,10,196,1,655,23,0
5,test,11,477,1,51,1,0
5,test,12,42,1,101,3,0
5,test,13,18,1,12,2,0
5,test,14,375,1,374,16,0
5,test,15,354,1,341,1,0
5,test,16,137,1,206,124,0
5,test,17,483,1,19,1,0
5,test,18,816,1,102,1,0
5,test,19,288,1,618,16,0
5,test,20,485,1,106,198,0
5,test,21,12,1,18,3,0
5,test,22,130,1,134,1,0
5,test,23,332,1,208,4,0
5,test,24,136,0,292,680,0
5,test,25,383,1,47,1,0
5,test,26,90,1,89,3,0
5,test,27,744,0,412,93,0
5,test,28,582,0,697,447,0
5,test,29,331,1,878,4,0
5,test,30,151,1,318,4,0
5,test,31,151,1,354,11,0
5,test,32,637,1,747,9,0
5,test,33,652,0,484,376,0
5,test,34,124,1,581,1,0
5,test,35,470,1,817,2,0
5,test,36,765,1,213,1,0
5,test,37,710,1,52,1,0
5,test,38,521,1,226,1,0
5,test,39,553,1,192,42,0
5,test,40,11,1,10,1,0
5,test,41,52,1,295,1,0
5,test,42,31,0,717,134,0
5,test,43,890,1,573,5,0
5,test,44,603,1,203,2,0
5,test,45,375,1,437,2,0
5,test,46,226,1,222,2,0
5,test,47,573,1,890,48,0
5,test,48,24,1,603,1,0
5,test,49,743,1,129,1,0
5,test,50,441,1,836,117,0
5,test,51,395,2,642,2,0
5,test,52,514,0,301,358,0
5,test,53,760,1,759,1,0
5,test,54,552,1,100,1,0
5,test,55,155,1,322,1,0
5,test,56,268,1,601,10,0
5,test,57,310,1,863,7,0
5,test,58,341,0,151,9,0
5,test,59,330,2,104,86,0
5,test,60,180,1,761,2,0
5,test,61,81,1,144,1,0
5,test,62,384,1,628,34,0
5,test,63,195,1,304,62,0
5,test,64,187,1,15,3,0
5,test,65,170,1,712,200,0
5,test,66,815,1,608,1,0
5,test,67,465,1,32,586,0
5,test,68,565,1,277,10,0
5,test,69,665,0,604,426,0
5,test,70,452,2,451,298,0
5,test,71,369,1,897,7,0
5,test,72,161,1,765,232,0
5,test,73,391,2,272,86,0
5,test,74,766,1,183,1,0
5,test,75,270,1,178,92,0
5,test,76,37,1,522,10,0
5,test,77,310,0,6,12,0
5,test,78,178,1,152,10,0
5,test,79,524,1,163,1,0
5,test,80,600,1,296,7,0
5,test,81,744,1,801,108,0
5,test,82,653,1,509,2,0
5,test,83,438,1,158,1,0
5,test,84,292,1,702,4,0
5,test,85,24,1,497,1,0
5,test,86,50,1,185,4,0
5,test,87,477,1,639,4,0
5,test,88,15,1,187,2,0
5,test,89,772,1,735,2,0
5,test,90,831,1,189,1,0
5,test,91,262,0,221,127,0
5,test,92,561,1,329,76,0
5,test,93,904,1,590,1,0
5,test,94,297,2,350,8,0
5,test,95,9,1,51,1,0
5,test,96,15,1,277,911,0
5,test,97,47,2,118,11,0
5,test,98,697,0,38,542,0
5,test,99,650,2,649,126,0
5,test,100,99,1,78,1,0
5,test,101,688,1,687,267,0
5,test,102,203,1,603,1,0
5,test,103,725,1,252,19,0
5,test,104,849,1,562,2,0
5,test,105,685,1,359,1,0
5,test,106,344,0,843,50,0
5,test,107,243,1,538,1,0
5,test,108,250,1,455,272,0
5,test,109,82,1,838,14,0
5,test,110,707,1,456,1,0
5,test,111,23,0,911,42,0
5,test,112,219,1,139,2,0
5,test,113,653,0,861,112,0
5,test,114,917,1,210,1,0
5,test,115,802,1,649,35,0
5,test,116,445,1,597,282,0
5,test,117,129,1,323,7,0
5,test,118,155,1,154,7,0
5,test,119,80,1,66,11,0
5,test,120,78,1,683,3,0
5,test,121,637,1,351,1,0
5,test,122,102,1,291,6,0
5,test,123,799,1,390,1,0
5,test,124,755,1,82,2,0
5,test,125,664,5,339,10,0
5,test,126,725,1,494,20,0
5,test,127,604,1,281,1,0
5,test,128,23,1,496,1,0
5,test,129,369,1,300,14,0
5,test,130,828,1,723,1,0
5,test,131,256,0,546,62,0
5,test,132,755,0,15,31,0
5,test,133,471,1,4,1,0
5,test,134,80,1,115,9,0
5,test,135,850,0,480,595,0
5,test,136,74,1,629,1,0
5,test,137,461,1,338,1,0
5,test,138,692,1,358,1,0
5,test,139,530,1,501,418,0
5,test,140,159,1,686,1,0
5,test,141,483,0,38,585,0
5,test,142,811,1,725,11,0
5,test,143,479,1,151,1,0
5,test,144,267,1,601,4,0
5,test,145,371,1,58,1,0
5,test,146,889,0,227,49,0
5,test,147,854,4,121,13,0
5,test,148,672,1,50,1,0
5,test,149,639,1,477,133,0
5,test,150,117,1,116,1,0
5,test,151,607,1,606,1,0
5,test,152,315,1,369,1,0
5,test,153,900,0,879,134,0
5,test,154,160,1,181,1,0
5,test,155,13,1,508,3,0
5,test,156,339,1,682,1,0
5,test,157,189,1,188,1,0
5,test,158,140,1,139,3,0
5,test,159,205,1,74,1,0
5,test,160,212,0,797,68,0
5,test,161,251,0,613,29,0
5,test,162,344,1,435,1,0
5,test,163,887,1,170,335,0
5,test,164,277,1,884,38,0
5,test,165,329,0,849,379,0
5,test,166,303,1,195,5,0
5,test,167,455,2,406,97,0
5,test,168,296,1,600,8,0
5,test,169,759,1,580,86,0
5,test,170,370,1,83,2,0
5,test,171,710,1,296,1,0
5,test,172,702,1,292,13,0
5,test,173,787,1,22,1,0
5,test,174,89,2,691,19,0
5,test,175,98,0,550,736,0
5,test,176,118,5,57,96,0
5,test,177,4,1,562,2,0
5,test,178,525,0,111,54,0
5,test,179,534,1,313,1,0
5,test,180,143,1,192,1,0
5,test,181,263,1,813,52,0
5,test,182,437,1,673,11,0
5,test,183,701,1,484,1,0
5,test,184,451,1,16,2,0
5,test,185,106,1,485,57,0
5,test,186,529,1,595,11,0
5,test,187,434,1,741,1,0
5,test,188,573,16,509,102,1
5,test,189,18,10,16,1,1
5,test,190,316,10,537,1,1
5,test,191,391,11,125,179,1
5,test,192,98,10,15,1,1
5,test,193,761,10,179,1,1
5,test,194,310,10,829,6,1
5,test,195,674,10,634,4,1
5,test,196,52,10,44,14,1
5,test,197,786,10,771,2,1
5,test,198,655,10,196,8,1
5,test,199,51,10,477,9,1
5,test,200,101,10,42,1,1
5,test,201,12,10,18,3,1
5,test,202,374,10,375,2,1
5,test,203,341,10,354,1,1
5,test,204,206,10,137,86,1
5,test,205,19,10,483,2,1
5,test,206,102,10,816,5,1
5,test,207,618,10,288,23,1
5,test,208,106,10,485,59,1
5,test,209,18,10,12,4,1
5,test,210,134,10,130,1,1
5,test,211,208,10,332,4,1
5,test,212,292,9,136,530,1
5,test,213,47,10,383,1,1
5,test,214,89,10,90,1,1
5,test,215,412,9,744,213,1
5,test,216,697,9,582,389,1
5,test,217,878,10,331,6,1
5,test,218,318,10,151,1,1
5,test,219,354,10,151,3,1
5,test,220,747,10,637,5,1
5,test,221,484,9,652,898,1
5,test,222,581,10,124,5,1
5,test,223,817,10,470,1,1
5,test,224,213,10,765,4,1
5,test,225,52,10,710,2,1
5,test,226,226,10,521,4,1
5,test,227,192,10,553,64,1
5,test,228,10,10,11,8,1
5,test,229,295,10,52,1,1
5,test,230,717,9,31,3,1
5,test,231,573,10,890,54,1
5,test,232,203,10,603,1,1
5,test,233,437,10,375,1,1
5,test,234,222,10,226,1,1
5,test,235,890,10,573,6,1
5,test,236,603,10,24,1,1
5,test,237,129,10,743,6,1
5,test,238,836,10,441,125,1
5,test,239,642,11,395,3,1
5,test,240,301,9,514,173,1
5,test,241,759,10,760,7,1
5,test,242,100,10,552,2,1
5,test,243,322,10,155,2,1
5,test,244,601,10,268,3,1
5,test,245,863,10,310,1,1
5,test,246,151,9,341,5,1
5,test,247,104,11,330,320,1
5,test,248,761,10,180,2,1
5,test,249,144,10,81,1,1
5,test,250,628,10,384,406,1
5,test,251,304,10,195,14,1
5,test,252,15,10,187,2,1
5,test,253,712,10,170,495,1
5,test,254,608,10,815,6,1
5,test,255,32,10,465,551,1
5,test,256,277,10,565,4,1
5,test,257,604,9,665,63,1
5,test,258,451,11,452,15,1
5,test,259,897,10,369,1,1
5,test,260,765,10,161,13,1
5,test,261,272,11,391,22,1
5,test,262,183,10,766,10,1
5,test,263,178,10,270,409,1
5,test,264,522,10,37,1,1
5,test,265,6,9,310,23,1
5,test,266,152,10,178,1,1
5,test,267,163,10,524,2,1
5,test,268,296,10,600,8,1
5,test,269,801,10,744,86,1
5,test,270,509,10,653,7,1
5,test,271,158,10,438,1,1
5,test,272,702,10,292,6,1
5,test,273,497,10,24,1,1
5,test,274,185,10,50,2,1
5,test,275,639,10,477,295,1
5,test,276,187,10,15,3,1
5,test,277,735,10,772,1,1
5,test,278,189,10,831,7,1
5,test,279,221,9,262,781,1
5,test,280,329,10,561,6,1
5,test,281,590,10,904,5,1
5,test,282,350,11,297,112,1
5,test,283,51,10,9,1,1
5,test,284,277,10,15,78,1
5,test,285,118,11,47,8,1
5,test,286,38,9,697,29,1
5,test,287,649,11,650,9,1
5,test,288,78,10,99,4,1
5,test,289,687,10,688,13,1
5,test,290,603,10,203,1,1
5,test,291,252,10,725,2,1
5,test,292,562,10,849,3,1
5,test,293,359,10,685,1,1
5,test,294,843,9,344,296,1
5,test,295,538,10,243,4,1
5,test,296,455,10,250,10,1
5,test,297,838,10,82,3,1
5,test,298,456,10,707,5,1
5,test,299,911,9,23,710,1
5,test,300,139,10,219,1,1
5,test,301,861,9,653,439,1
5,test,302,210,10,917,2,1
5,test,303,649,10,802,383,1
5,test,304,597,10,445,889,1
5,test,305,323,10,129,1,1
5,test,306,154,10,155,8,1
5,test,307,66,10,80,2,1
5,test,308,683,10,78,2,1
5,test,309,351,10,637,2,1
5,test,310,291,10,102,1,1
5,test,311,390,10,799,5,1
5,test,312,82,10,755,7,1
5,test,313,339,14,664,1,1
5,test,314,494,10,725,2,1
5,test,315,281,10,604,1,1
5,test,316,496,10,23,2,1
5,test,317,300,10,369,1,1
5,test,318,723,10,828,8,1
5,test,319,546,9,256,562,1
5,test,320,15,9,755,5,1
5,test,321,4,10,471,2,1
5,test,322,115,10,80,1,1
5,test,323,480,9,850,617,1
5,test,324,629,10,74,1,1
5,test,325,338,10,461,8,1
5,test,326,358,10,692,10,1
5,test,327,501,10,530,708,1
5,test,328,686,10,159,46,1
5,test,329,38,9,483,653,1
5,test,330,725,10,811,18,1
5,test,331,151,10,479,1,1
5,test,332,601,10,267,7,1
5,test,333,58,10,371,2,1
5,test,334,227,9,889,121,1
5,test,335,121,13,854,92,1
5,test,336,50,10,672,11,1
5,test,337,477,10,639,2,1
5,test,338,116,10,117,2,1
5,test,339,606,10,607,7,1
5,test,340,369,10,315,1,1
5,test,341,879,9,900,107,1
5,test,342,181,10,160,1,1
5,test,343,508,10,13,1,1
5,test,344,682,10,339,2,1
5,test,345,188,10,189,1,1
5,test,346,139,10,140,1,1
5,test,347,74,10,205,6,1
5,test,348,797,9,212,298,1
5,test,349,613,9,251,489,1
5,test,350,435,10,344,1,1
5,test,351,170,10,887,15,1
5,test,352,884,10,277,909,1
5,test,353,849,9,329,300,1
5,test,354,195,10,303,7,1
5,test,355,406,11,455,517,1
5,test,356,600,10,296,5,1
5,test,357,580,10,759,167,1
5,test,358,83,10,370,1,1
5,test,359,296,10,710,9,1
5,test,360,292,10,702,3,1
5,test,361,22,10,787,2,1
5,test,362,691,11,89,270,1
5,test,363,550,9,98,883,1
5,test,364,57,14,118,314,1
5,test,365,562,10,4,1,1
5,test,366,111,9,525,405,1
5,test,367,313,10,534,2,1
5,test,368,192,10,143,2,1
5,test,369,813,10,263,84,1
5,test,370,673,10,437,8,1
5,test,371,484,10,701,8,1
5,test,372,16,10,451,2,1
5,test,373,485,10,106,221,1
5,test,374,595,10,529,26,1
5,test,375,741,10,434,1,1
6,val,0,1026,1,2209,1199,0
6,val,1,2313,1,31,1,0
6,val,2,474,4,1958,89,0
6,val,3,1751,1,211,1,0
6,val,4,1136,1,395,2,0
6,val,5,66,2,997,1260,0
6,val,6,1196,1,953,2,0
6,val,7,2025,0,577,63,0
6,val,8,1168,5,86,1,0
6,val,9,2424,1,79,3,0
6,val,10,53,1,34,2,0
6,val,11,810,1,930,5,0
6,val,12,2411,0,810,2,0
6,val,13,2386,6,2625,193,0
6,val,14,140,1,1900,706,0
6,val,15,434,0,2078,612,0
6,val,16,2515,0,2166,487,0
6,val,17,1474,1,676,2,0
6,val,18,918,1,923,1,0
6,val,19,552,1,1098,115,0
6,val,20,2582,1,849,1,0
6,val,21,1397,1,49,8,0
6,val,22,2504,1,662,1,0
6,val,23,2311,1,1389,1,0
6,val,24,381,5,380,5,0
6,val,25,1863,1,1862,2,0
6,val,26,2104,1,1399,1,0
6,val,27,1765,2,2633,32,0
6,val,28,1722,0,11,1445,0
6,val,29,1338,1,2457,344,0
6,val,30,2022,3,42,157,0
6,val,31,312,1,976,1,0
6,val,32,2639,0,1809,172,0
6,val,33,2133,1,23,5,0
6,val,34,396,1,357,1,0
6,val,35,1185,4,1656,218,0
6,val,36,2619,0,1217,13,0
6,val,37,2602,1,1270,1,0
6,val,38,79,2,1830,758,0
6,val,39,952,1,25,1075,0
6,val,40,906,0,519,485,0
6,val,41,79,2,1861,1940,0
6,val,42,93,0,430,47,0
6,val,43,2674,5,918,316,0
6,val,44,1865,0,143,8,0
6,val,45,826,1,1836,6,0
6,val,46,1205,1,2243,9,0
6,val,47,1432,1,1431,1,0
6,val,48,1895,0,1018,182,0
6,val,49,1202,2,1149,233,0
6,val,50,34,1,2300,15,0
6,val,51,1087,1,173,2322,0
6,val,52,285,1,2512,55,0
6,val,53,943,1,1806,3,0
6,val,54,150,1,1068,2,0
6,val,55,1123,0,399,3,0
6,val,56,317,4,2115,467,0
6,val,57,363,1,2013,4,0
6,val,58,1429,0,143,14,0
6,val,59,2497,0,230,22,0
6,val,60,1930,0,256,1362,0
6,val,61,2581,1,620,467,0
6,val,62,751,1,936,2,0
6,val,63,2012,1,583,2,0
6,val,64,2653,1,1771,1159,0
6,val,65,413,0,1600,80,0
6,val,66,12,1,334,8,0
6,val,67,671,5,2132,664,0
6,val,68,2398,1,2655,231,0
6,val,69,2413,4,1467,2516,0
6,val,70,287,3,249,42,0
6,val,71,1859,1,2054,2,0
6,val,72,1900,1,140,2520,0
6,val,73,327,1,10,31,0
6,val,74,862,1,1806,6,0
6,val,75,2614,1,2273,381,0
6,val,76,1770,1,225,1,0
6,val,77,1975,1,1260,1,0
6,val,78,459,1,409,2,0
6,val,79,1796,0,2516,505,0
6,val,80,54,1,102,1,0
6,val,81,5,0,810,4,0
6,val,82,2561,1,62,4,0
6,val,83,797,1,2142,12,0
6,val,84,2299,0,2154,2467,0
6,val,85,8,1,1722,2,0
6,val,86,173,1,1087,323,0
6,val,87,114,0,803,60,0
6,val,88,848,1,847,10,0
6,val,89,537,1,1538,424,0
6,val,90,871,0,1502,1814,0
6,val,91,1391,0,1790,611,0
6,val,92,329,1,271,1,0
6,val,93,427,1,426,11,0
6,val,94,295,1,665,75,0
6,val,95,1705,1,439,2,0
6,val,96,1860,0,561,277,0
6,val,97,764,2,1765,1420,0
6,val,98,1016,1,2599,1,0
6,val,99,641,1,1075,30,0
6,val,100,139,0,932,381,0
6,val,101,2421,0,12,43,0
6,val,102,452,1,151,1,0
6,val,103,1472,5,1613,113,0
6,val,104,997,2,1621,521,0
6,val,105,1230,1,978,1,0
6,val,106,1280,1,29,2,0
6,val,107,2092,1,1504,19,0
6,val,108,2455,1,1319,257,0
6,val,109,2255,1,211,1,0
6,val,110,77,4,767,1869,0
6,val,111,150,1,1952,2,0
6,val,112,637,1,2187,2,0
6,val,113,35,1,981,2,0
6,val,114,1428,0,1235,27,0
6,val,115,1148,4,928,93,0
6,val,116,1056,1,843,3,0
6,val,117,1230,0,1348,158,0
6,val,118,79,1,879,1,0
6,val,119,2519,1,554,1,0
6,val,120,631,0,283,36,0
6,val,121,564,1,1945,3,0
6,val,122,1137,1,1136,5,0
6,val,123,738,0,1641,1783,0
6,val,124,2472,1,1190,4,0
6,val,125,1245,1,347,1,0
6,val,126,672,1,64,83,0
6,val,127,233,1,1854,25,0
6,val,128,1965,1,1964,171,0
6,val,129,1415,0,1661,5,0
6,val,130,238,1,237,3,0
6,val,131,1999,1,941,87,0
6,val,132,2196,0,969,33,0
6,val,133,2384,1,1488,480,0
6,val,134,462,1,912,357,0
6,val,135,1896,3,957,481,0
6,val,136,1722,1,849,2,0
6,val,137,631,5,798,1,0
6,val,138,2456,1,550,9,0
6,val,139,1286,1,660,1,0
6,val,140,2237,1,1353,1,0
6,val,141,1279,1,2611,105,0
6,val,142,116,2,234,9,0
6,val,143,777,0,328,24,0
6,val,144,2134,1,194,27,0
6,val,145,2013,0,494,883,0
6,val,146,853,1,1420,10,0
6,val,147,10,1,34,1,0
6,val,148,1710,1,148,1,0
6,val,149,215,1,561,1,0
6,val,150,1986,1,468,1,0
6,val,151,952,0,479,46,0
6,val,152,1859,1,992,8,0
6,val,153,1569,5,1988,10,0
6,val,154,756,0,525,866,0
6,val,155,140,1,461,167,0
6,val,156,773,1,2001,1,0
6,val,157,1159,0,1722,477,0
6,val,158,1859,1,773,1,0
6,val,159,1270,0,490,346,0
6,val,160,1498,0,1814,8,0
6,val,161,2260,1,371,1,0
6,val,162,1303,1,315,1,0
6,val,163,1938,1,1319,9,0
6,val,164,531,1,336,140,0
6,val,165,147,0,2535,355,0
6,val,166,841,0,1695,805,0
6,val,167,2030,0,2614,307,0
6,val,168,141,1,394,2,0
6,val,169,2197,0,45,473,0
6,val,170,999,4,2529,60,0
6,val,171,349,1,746,1,0
6,val,172,1658,0,2042,704,0
6,val,173,1176,0,1538,643,0
6,val,174,99,1,71,1,0
6,val,175,1196,1,541,1,0
6,val,176,979,1,1773,13,0
6,val,177,547,0,383,7,0
6,val,178,556,1,2074,1,0
6,val,179,875,1,2364,3,0
6,val,180,2550,0,2687,37,0
6,val,181,148,1,55,4,0
6,val,182,1180,0,1631,164,0
6,val,183,344,1,230,4,0
6,val,184,1099,1,2195,84,0
6,val,185,1035,1,2069,18,0
6,val,186,595,1,2664,69,0
6,val,187,234,1,233,2,0
6,val,188,19,1,662,2,0
6,val,189,1620,2,997,664,0
6,val,190,1794,0,480,178,0
6,val,191,2641,1,454,1,0
6,val,192,2026,1,459,2,0
6,val,193,371,1,1691,5,0
6,val,194,531,1,1671,4,0
6,val,195,1829,1,525,1,0
6,val,196,601,1,221,1,0
6,val,197,1916,1,1161,2,0
6,val,198,618,1,417,7,0
6,val,199,263,0,2226,551,0
6,val,200,938,1,2559,14,0
6,val,201,2412,0,62,4,0
6,val,202,809,1,1005,1,0
6,val,203,1753,0,1174,26,0
6,val,204,277,1,445,924,0
6,val,205,1432,0,2087,361,0
6,val,206,1994,1,187,1,0
6,val,207,68,4,1601,803,0
6,val,208,2580,0,1074,2600,0
6,val,209,683,1,198,8,0
6,val,210,2434,0,634,1257,0
6,val,211,1756,1,836,1,0
6,val,212,62,4,1624,1598,0
6,val,213,653,1,652,3,0
6,val,214,455,1,454,1,0
6,val,215,1952,1,1494,1,0
6,val,216,832,1,1325,1,0
6,val,217,2589,0,377,907,0
6,val,218,2419,0,1197,1112,0
6,val,219,1928,1,1533,22,0
6,val,220,1008,1,668,1,0
6,val,221,1755,1,307,322,0
6,val,222,250,1,429,1,0
6,val,223,602,1,595,769,0
6,val,224,1184,0,1682,591,0
6,val,225,1256,1,54,3,0
6,val,226,480,0,1199,32,0
6,val,227,1171,1,855,1,0
6,val,228,2616,4,456,1603,0
6,val,229,963,0,479,8,0
6,val,230,435,1,1684,1,0
6,val,231,2427,1,32,2,0
6,val,232,2399,1,2543,2,0
6,val,233,2344,1,225,1,0
6,val,234,1449,1,2381,4,0
6,val,235,2284,1,1505,1,0
6,val,236,881,0,110,82,0
6,val,237,330,5,1783,2,0
6,val,238,585,1,2508,124,0
6,val,239,1969,0,51,2016,0
6,val,240,223,5,1306,1,0
6,val,241,2637,0,1724,1146,0
6,val,242,672,1,345,77,0
6,val,243,912,1,1933,6,0
6,val,244,29,1,1485,99,0
6,val,245,699,0,2452,1655,0
6,val,246,791,4,2343,4,0
6,val,247,2444,2,514,1,0
6,val,248,183,0,401,1291,0
6,val,249,380,0,1729,876,0
6,val,250,997,1,1707,3,0
6,val,251,312,0,983,16,0
6,val,252,546,4,620,232,0
6,val,253,1366,1,2507,123,0
6,val,254,371,0,1357,1130,0
6,val,255,390,1,881,1,0
6,val,256,106,1,268,4,0
6,val,257,941,1,2144,947,0
6,val,258,114,0,692,744,0
6,val,259,687,0,2496,418,0
6,val,260,133,1,261,4,0
6,val,261,659,0,143,11,0
6,val,262,783,0,1049,1136,0
6,val,263,612,0,88,1121,0
6,val,264,1705,1,39,1,0
6,val,265,1826,1,962,1,0
6,val,266,25,1,24,1,0
6,val,267,1255,4,2604,107,0
6,val,268,1348,0,1596,788,0
6,val,269,2250,1,2249,1,0
6,val,270,1420,1,853,5,0
6,val,271,2056,1,2220,1170,0
6,val,272,103,0,344,174,0
6,val,273,2231,0,888,72,0
6,val,274,595,0,1347,1095,0
6,val,275,39,1,366,2,0
6,val,276,1165,0,1186,44,0
6,val,277,674,1,673,1,0
6,val,278,1402,1,1611,1,0
6,val,279,528,0,1199,33,0
6,val,280,1104,1,1857,6,0
6,val,281,1266,0,545,494,0
6,val,282,2695,0,1,716,0
6,val,283,868,4,2458,139,0
6,val,284,1654,1,158,2,0
6,val,285,940,1,939,5,0
6,val,286,192,1,453,1,0
6,val,287,115,1,336,5,0
6,val,288,450,0,1631,160,0
6,val,289,1367,1,2525,27,0
6,val,290,239,0,2304,1251,0
6,val,291,713,1,83,2,0
6,val,292,569,2,1906,10,0
6,val,293,1191,1,29,1,0
6,val,294,112,0,2256,1642,0
6,val,295,1494,1,1299,3,0
6,val,296,1753,1,583,1,0
6,val,297,2185,1,586,2,0
6,val,298,1281,1,2301,3,0
6,val,299,1259,1,212,4,0
6,val,300,971,1,991,3,0
6,val,301,85,1,469,1,0
6,val,302,2514,0,357,78,0
6,val,303,986,1,1814,2,0
6,val,304,1367,1,971,2,0
6,val,305,401,1,1060,2,0
6,val,306,2549,0,2658,98,0
6,val,307,1621,2,1620,10,0
6,val,308,474,4,2146,827,0
6,val,309,2564,0,371,79,0
6,val,310,2608,0,141,37,0
6,val,311,1609,1,25,1,0
6,val,312,1974,0,1199,35,0
6,val,313,2624,1,2122,1350,0
6,val,314,2338,0,1217,13,0
6,val,315,339,0,383,5,0
6,val,316,2207,1,2013,9,0
6,val,317,116,1,115,1,0
6,val,318,2370,1,2369,2,0
6,val,319,1574,1,328,3,0
6,val,320,717,5,472,554,0
6,val,321,1566,1,960,1,0
6,val,322,807,5,1373,5,0
6,val,323,2220,1,2056,2192,0
6,val,324,2008,1,2489,4,0
6,val,325,1057,1,598,3,0
6,val,326,147,1,146,3,0
6,val,327,2547,0,1732,1250,0
6,val,328,1037,1,189,284,0
6,val,329,1489,1,1708,2,0
6,val,330,826,1,1523,1,0
6,val,331,719,2,81,3,0
6,val,332,1030,1,1029,1,0
6,val,333,1992,1,687,1,0
6,val,334,936,1,2181,3,0
6,val,335,2644,0,1066,1617,0
6,val,336,1939,1,551,10,0
6,val,337,1054,1,2607,7,0
6,val,338,1024,1,1284,2,0
6,val,339,791,4,2223,377,0
6,val,340,1092,1,2132,2,0
6,val,341,598,1,2020,2,0
6,val,342,1065,1,388,1,0
6,val,343,997,2,1620,1603,0
6,val,344,146,1,2401,1335,0
6,val,345,689,5,971,134,0
6,val,346,2388,0,1358,43,0
6,val,347,1328,1,2600,8,0
6,val,348,918,5,2674,270,0
6,val,349,2511,1,1423,1,0
6,val,350,2144,1,2143,38,0
6,val,351,1097,2,891,221,0
6,val,352,2085,2,1834,1,0
6,val,353,1877,0,2056,1538,0
6,val,354,1127,0,2467,233,0
6,val,355,2482,1,2481,1,0
6,val,356,83,1,1551,1,0
6,val,357,666,0,164,14,0
6,val,358,1635,1,1167,2,0
6,val,359,416,1,530,8,0
6,val,360,1294,0,1634,1707,0
6,val,361,595,1,594,5,0
6,val,362,2665,1,741,1,0
6,val,363,538,0,1211,119,0
6,val,364,23,1,258,2,0
6,val,365,151,1,2606,19,0
6,val,366,779,0,2692,175,0
6,val,367,1734,5,518,582,0
6,val,368,991,1,150,3,0
6,val,369,458,1,1641,2,0
6,val,370,1551,1,83,289,0
6,val,371,2680,1,126,3,0
6,val,372,910,0,377,934,0
6,val,373,1032,2,514,3,0
6,val,374,2115,4,2079,87,0
6,val,375,1984,1,2688,4,0
6,val,376,963,5,221,12,0
6,val,377,145,0,2347,996,0
6,val,378,1203,0,1437,1958,0
6,val,379,499,4,1545,55,0
6,val,380,1679,0,834,7,0
6,val,381,51,1,1265,3,0
6,val,382,664,3,2201,80,0
6,val,383,2123,0,2157,132,0
6,val,384,217,0,832,898,0
6,val,385,2514,1,4,2,0
6,val,386,1623,1,1775,1,0
6,val,387,595,1,602,1889,0
6,val,388,868,4,499,93,0
6,val,389,1225,1,790,1,0
6,val,390,1583,4,1959,21,0
6,val,391,425,0,634,1266,0
6,val,392,243,0,62,9,0
6,val,393,523,1,875,3,0
6,val,394,2662,1,1930,1,0
6,val,395,385,1,85,9,0
6,val,396,714,1,858,1,0
6,val,397,2638,1,95,1,0
6,val,398,1397,1,1177,9,0
6,val,399,2657,1,1814,2,0
6,val,400,1953,1,2013,595,0
6,val,401,371,1,2036,3,0
6,val,402,2696,1,176,1,0
6,val,403,2456,1,2260,158,0
6,val,404,1546,0,1,723,0
6,val,405,992,3,1888,4,0
6,val,406,2122,1,2624,15,0
6,val,407,222,1,963,3,0
6,val,408,875,1,1828,8,0
6,val,409,462,1,172,8,0
6,val,410,659,1,658,1,0
6,val,411,646,4,2360,3,0
6,val,412,655,4,2184,241,0
6,val,413,829,1,23,2,0
6,val,414,2195,1,1099,1303,0
6,val,415,1963,1,1299,1,0
6,val,416,2197,1,45,1,0
6,val,417,2015,0,1348,139,0
6,val,418,616,1,1647,2,0
6,val,419,60,1,2702,2,0
6,val,420,2433,0,930,589,0
6,val,421,2014,0,328,20,0
6,val,422,2673,1,545,1,0
6,val,423,1262,4,1694,85,0
6,val,424,32,0,2518,879,0
6,val,425,1045,1,1044,1,0
6,val,426,158,1,138,2,0
6,val,427,2257,1,269,1,0
6,val,428,1388,0,1239,60,0
6,val,429,1898,0,625,1105,0
6,val,430,541,1,1196,2,0
6,val,431,2434,1,2301,79,0
6,val,432,990,1,2473,1841,0
6,val,433,912,1,462,1156,0
6,val,434,611,1,2103,1,0
6,val,435,799,1,1570,7,0
6,val,436,1757,0,1957,1880,0
6,val,437,898,1,1256,3,0
6,val,438,77,0,240,2560,0
6,val,439,1717,1,1825,1,0
6,val,440,2418,1,768,1,0
6,val,441,952,1,1769,1501,0
6,val,442,1059,1,1317,2,0
6,val,443,1028,1,1444,544,0
6,val,444,1689,1,1338,530,0
6,val,445,1437,1,1157,1,0
6,val,446,2679,1,4,1,0
6,val,447,205,1,28,1,0
6,val,448,376,0,1357,1268,0
6,val,449,2058,0,789,907,0
6,val,450,1988,5,1569,874,0
6,val,451,2231,1,1578,1,0
6,val,452,377,0,1456,44,0
6,val,453,1060,1,673,1,0
6,val,454,1299,1,1963,1,0
6,val,455,2033,0,2620,968,0
6,val,456,1590,1,472,1,0
6,val,457,419,1,418,14,0
6,val,458,1193,1,2096,140,0
6,val,459,1393,1,242,1,0
6,val,460,746,1,1399,2,0
6,val,461,2153,1,863,2,0
6,val,462,1176,5,2693,65,0
6,val,463,2119,1,579,2,0
6,val,464,882,1,467,1,0
6,val,465,2646,0,1154,1141,0
6,val,466,467,1,1899,14,0
6,val,467,523,1,522,3,0
6,val,468,20,1,311,10,0
6,val,469,211,1,210,8,0
6,val,470,2638,0,478,458,0
6,val,471,1640,5,2065,138,0
6,val,472,2389,5,359,247,0
6,val,473,991,1,1213,2,0
6,val,474,196,1,1902,1,0
6,val,475,557,1,2073,2,0
6,val,476,980,0,401,1000,0
6,val,477,1260,1,1975,1,0
6,val,478,2074,0,2391,2060,0
6,val,479,509,0,1586,1860,0
6,val,480,1236,1,380,1,0
6,val,481,2573,0,94,284,0
6,val,482,1641,0,879,575,0
6,val,483,1293,1,2307,4,0
6,val,484,211,1,559,5,0
6,val,485,18,1,1321,32,0
6,val,486,471,0,1461,1101,0
6,val,487,608,1,69,1,0
6,val,488,1245,0,1050,2428,0
6,val,489,97,1,2708,6,0
6,val,490,1931,0,733,1380,0
6,val,491,1351,0,1853,76,0
6,val,492,209,1,242,2,0
6,val,493,2368,0,569,18,0
6,val,494,984,0,135,924,0
6,val,495,213,0,879,566,0
6,val,496,2451,1,21,1892,0
6,val,497,2553,0,794,1007,0
6,val,498,482,1,481,4,0
6,val,499,2202,3,2348,755,0
6,val,500,1496,5,942,1,0
6,val,501,2334,1,141,1,0
6,val,502,1703,1,1702,2,0
6,val,503,2024,1,294,1,0
6,val,504,2614,0,565,1190,0
6,val,505,230,1,370,2,0
6,val,506,2324,1,253,1,0
6,val,507,378,1,1157,1,0
6,val,508,1634,1,2084,80,0
6,val,509,2382,1,1591,133,0
6,val,510,514,2,513,8,0
6,val,511,1859,5,1171,4,0
6,val,512,333,1,1626,250,0
6,val,513,1697,4,1730,93,0
6,val,514,1243,2,597,811,0
6,val,515,18,1,2707,26,0
6,val,516,2179,0,457,724,0
6,val,517,2213,0,1971,585,0
6,val,518,1418,1,1074,528,0
6,val,519,791,4,2380,257,0
6,val,520,867,2,1032,1376,0
6,val,521,202,1,1202,1,0
6,val,522,1896,0,135,655,0
6,val,523,48,0,2214,394,0
6,val,524,2459,1,45,1,0
6,val,525,2452,0,2349,436,0
6,val,526,1490,1,2116,53,0
6,val,527,2188,0,1186,62,0
6,val,528,327,1,2495,1000,0
6,val,529,2279,0,403,741,0
6,val,530,2420,1,1161,1,0
6,val,531,1088,7,1087,11,0
6,val,532,2292,0,1358,41,0
6,val,533,1662,1,31,1,0
6,val,534,1080,1,725,7,0
6,val,535,453,1,685,2,0
6,val,536,1579,1,844,1,0
6,val,537,1501,1,1072,1,0
6,val,538,715,1,954,1576,0
6,val,539,2102,1,1034,1,0
6,val,540,2688,0,1436,83,0
6,val,541,1620,2,438,819,0
6,val,542,222,0,2533,1098,0
6,val,543,2696,0,2323,934,0
6,val,544,757,1,1832,16,0
6,val,545,2374,1,810,2,0
6,val,546,1291,4,1409,121,0
6,val,547,1565,5,926,5,0
6,val,548,2670,0,1950,133,0
6,val,549,79,2,984,525,0
6,val,550,718,5,717,1386,0
6,val,551,1356,0,879,457,0
6,val,552,427,5,390,2,0
6,val,553,12,1,2431,7,0
6,val,554,1500,1,2694,12,0
6,val,555,422,1,621,2,0
6,val,556,912,1,64,8,0
6,val,557,1373,5,807,435,0
6,val,558,941,5,2153,7,0
6,val,559,1612,0,432,1458,0
6,val,560,1544,1,1249,2,0
6,val,561,223,1,2088,13,0
6,val,562,84,1,1552,1,0
6,val,563,2135,0,38,661,0
6,val,564,700,2,2427,490,0
6,val,565,2655,1,2398,2528,0
6,val,566,91,2,770,1,0
6,val,567,1444,1,1443,1,0
6,val,568,2115,4,1880,837,0
6,val,569,1135,1,174,2,0
6,val,570,253,1,2324,1,0
6,val,571,290,0,452,421,0
6,val,572,2673,5,1401,825,0
6,val,573,724,1,169,2,0
6,val,574,2485,0,18,317,0
6,val,575,2221,1,2536,60,0
6,val,576,1392,1,1380,2,0
6,val,577,1830,1,1746,6,0
6,val,578,2031,0,2663,161,0
6,val,579,1941,4,2612,56,0
6,val,580,2297,4,2449,68,0
6,val,581,2437,1,662,2,0
6,val,582,176,1,2321,8,0
6,val,583,546,4,2022,151,0
6,val,584,1890,1,943,1,0
6,val,585,1624,0,791,20,0
6,val,586,1991,1,990,2,0
6,val,587,361,0,2323,939,0
6,val,588,1248,0,230,25,0
6,val,589,21,1,2451,1276,0
6,val,590,1941,0,240,2467,0
6,val,591,629,1,2060,2,0
6,val,592,1824,0,2260,905,0
6,val,593,1473,1,813,3,0
6,val,594,136,0,222,111,0
6,val,595,597,2,1243,2156,0
6,val,596,708,1,1863,375,0
6,val,597,42,4,483,38,0
6,val,598,1593,1,543,5,0
6,val,599,696,0,1216,51,0
6,val,600,1190,1,1189,7,0
6,val,601,372,0,983,17,0
6,val,602,23,1,829,2,0
6,val,603,8,5,309,2,0
6,val,604,1424,1,659,5,0
6,val,605,2124,1,1790,1,0
6,val,606,2222,1,1104,1,0
6,val,607,1338,1,2588,69,0
6,val,608,2335,1,143,2,0
6,val,609,1973,0,833,598,0
6,val,610,765,1,764,182,0
6,val,611,1383,0,1922,74,0
6,val,612,691,0,2015,1,0
6,val,613,910,1,122,3,0
6,val,614,2267,1,972,130,0
6,val,615,1145,0,401,1291,0
6,val,616,751,0,983,31,0
6,val,617,176,1,1837,290,0
6,val,618,815,2,355,2112,0
6,val,619,983,0,64,30,0
6,val,620,999,4,2493,81,0
6,val,621,2023,1,1647,2,0
6,val,622,2294,3,1214,2176,0
6,val,623,376,1,736,9,0
6,val,624,1370,1,174,3,0
6,val,625,875,1,963,3,0
6,val,626,1171,5,1859,488,0
6,val,627,104,1,1726,2,0
6,val,628,2710,1,1281,1,0
6,val,629,1132,1,1116,3,0
6,val,630,2209,10,1026,1905,1
6,val,631,31,10,2313,2,1
6,val,632,1958,13,474,67,1
6,val,633,211,10,1751,5,1
6,val,634,395,10,1136,2,1
6,val,635,997,11,66,70,1
6,val,636,953,10,1196,2,1
6,val,637,577,9,2025,1,1
6,val,638,86,14,1168,3,1
6,val,639,79,10,2424,7,1
6,val,640,34,10,53,1,1
6,val,641,930,10,810,2,1
6,val,642,810,9,2411,1,1
6,val,643,2625,15,2386,866,1
6,val,644,1900,10,140,2498,1
6,val,645,2078,9,434,638,1
6,val,646,2166,9,2515,2149,1
6,val,647,676,10,1474,3,1
6,val,648,923,10,918,1,1
6,val,649,1098,10,552,52,1
6,val,650,849,10,2582,7,1
6,val,651,49,10,1397,7,1
6,val,652,662,10,2504,16,1
6,val,653,1389,10,2311,1,1
6,val,654,380,14,381,57,1
6,val,655,1862,10,1863,1,1
6,val,656,1399,10,2104,1,1
6,val,657,2633,11,1765,497,1
6,val,658,11,9,1722,2086,1
6,val,659,2457,10,1338,2085,1
6,val,660,42,12,2022,128,1
6,val,661,976,10,312,1,1
6,val,662,1809,9,2639,84,1
6,val,663,23,10,2133,2,1
6,val,664,357,10,396,3,1
6,val,665,1656,13,1185,1181,1
6,val,666,1217,9,2619,1205,1
6,val,667,1270,10,2602,5,1
6,val,668,1830,11,79,19,1
6,val,669,25,10,952,1333,1
6,val,670,519,9,906,659,1
6,val,671,1861,11,79,20,1
6,val,672,430,9,93,15,1
6,val,673,918,14,2674,266,1
6,val,674,143,9,1865,270,1
6,val,675,1836,10,826,20,1
6,val,676,2243,10,1205,1736,1
6,val,677,1431,10,1432,1,1
6,val,678,1018,9,1895,328,1
6,val,679,1149,11,1202,822,1
6,val,680,2300,10,34,1,1
6,val,681,173,10,1087,316,1
6,val,682,2512,10,285,2209,1
6,val,683,1806,10,943,1,1
6,val,684,1068,10,150,14,1
6,val,685,399,9,1123,1,1
6,val,686,2115,13,317,714,1
6,val,687,2013,10,363,2,1
6,val,688,143,9,1429,3,1
6,val,689,230,9,2497,1678,1
6,val,690,256,9,1930,900,1
6,val,691,620,10,2581,79,1
6,val,692,936,10,751,2,1
6,val,693,583,10,2012,4,1
6,val,694,1771,10,2653,98,1
6,val,695,1600,9,413,914,1
6,val,696,334,10,12,1,1
6,val,697,2132,14,671,6,1
6,val,698,2655,10,2398,2584,1
6,val,699,1467,13,2413,181,1
6,val,700,249,12,287,92,1
6,val,701,2054,10,1859,2,1
6,val,702,140,10,1900,661,1
6,val,703,10,10,327,2,1
6,val,704,1806,10,862,3,1
6,val,705,2273,10,2614,35,1
6,val,706,225,10,1770,2,1
6,val,707,1260,10,1975,1,1
6,val,708,409,10,459,5,1
6,val,709,2516,9,1796,1738,1
6,val,710,102,10,54,3,1
6,val,711,810,9,5,365,1
6,val,712,62,10,2561,85,1
6,val,713,2142,10,797,1,1
6,val,714,2154,9,2299,1337,1
6,val,715,1722,10,8,2,1
6,val,716,1087,10,173,2323,1
6,val,717,803,9,114,2295,1
6,val,718,847,10,848,1,1
6,val,719,1538,10,537,518,1
6,val,720,1502,9,871,1029,1
6,val,721,1790,9,1391,1850,1
6,val,722,271,10,329,1,1
6,val,723,426,10,427,2,1
6,val,724,665,10,295,48,1
6,val,725,439,10,1705,7,1
6,val,726,561,9,1860,2274,1
6,val,727,1765,11,764,2161,1
6,val,728,2599,10,1016,1,1
6,val,729,1075,10,641,4,1
6,val,730,932,9,139,756,1
6,val,731,12,9,2421,104,1
6,val,732,151,10,452,23,1
6,val,733,1613,14,1472,1377,1
6,val,734,1621,11,997,436,1
6,val,735,978,10,1230,2,1
6,val,736,29,10,1280,13,1
6,val,737,1504,10,2092,6,1
6,val,738,1319,10,2455,560,1
6,val,739,211,10,2255,1,1
6,val,740,767,13,77,128,1
6,val,741,1952,10,150,3,1
6,val,742,2187,10,637,1,1
6,val,743,981,10,35,3,1
6,val,744,1235,9,1428,1685,1
6,val,745,928,13,1148,182,1
6,val,746,843,10,1056,4,1
6,val,747,1348,9,1230,1928,1
6,val,748,879,10,79,2,1
6,val,749,554,10,2519,15,1
6,val,750,283,9,631,24,1
6,val,751,1945,10,564,1,1
6,val,752,1136,10,1137,6,1
6,val,753,1641,9,738,1634,1
6,val,754,1190,10,2472,7,1
6,val,755,347,10,1245,2,1
6,val,756,64,10,672,42,1
6,val,757,1854,10,233,18,1
6,val,758,1964,10,1965,78,1
6,val,759,1661,9,1415,7,1
6,val,760,237,10,238,1,1
6,val,761,941,10,1999,7,1
6,val,762,969,9,2196,1433,1
6,val,763,1488,10,2384,119,1
6,val,764,912,10,462,1083,1
6,val,765,957,12,1896,199,1
6,val,766,849,10,1722,1,1
6,val,767,798,14,631,17,1
6,val,768,550,10,2456,9,1
6,val,769,660,10,1286,1,1
6,val,770,1353,10,2237,3,1
6,val,771,2611,10,1279,482,1
6,val,772,234,11,116,34,1
6,val,773,328,9,777,447,1
6,val,774,194,10,2134,110,1
6,val,775,494,9,2013,1245,1
6,val,776,1420,10,853,5,1
6,val,777,34,10,10,12,1
6,val,778,148,10,1710,2,1
6,val,779,561,10,215,1,1
6,val,780,468,10,1986,7,1
6,val,781,479,9,952,21,1
6,val,782,992,10,1859,1,1
6,val,783,1988,14,1569,335,1
6,val,784,525,9,756,820,1
6,val,785,461,10,140,494,1
6,val,786,2001,10,773,1,1
6,val,787,1722,9,1159,18,1
6,val,788,773,10,1859,2,1
6,val,789,490,9,1270,1266,1
6,val,790,1814,9,1498,1,1
6,val,791,371,10,2260,1,1
6,val,792,315,10,1303,2,1
6,val,793,1319,10,1938,7,1
6,val,794,336,10,531,247,1
6,val,795,2535,9,147,447,1
6,val,796,1695,9,841,1150,1
6,val,797,2614,9,2030,1625,1
6,val,798,394,10,141,2,1
6,val,799,45,9,2197,7,1
6,val,800,2529,13,999,131,1
6,val,801,746,10,349,1,1
6,val,802,2042,9,1658,890,1
6,val,803,1538,9,1176,492,1
6,val,804,71,10,99,4,1
6,val,805,541,10,1196,2,1
6,val,806,1773,10,979,2,1
6,val,807,383,9,547,72,1
6,val,808,2074,10,556,2,1
6,val,809,2364,10,875,1,1
6,val,810,2687,9,2550,2039,1
6,val,811,55,10,148,1,1
6,val,812,1631,9,1180,789,1
6,val,813,230,10,344,3,1
6,val,814,2195,10,1099,1318,1
6,val,815,2069,10,1035,2,1
6,val,816,2664,10,595,1361,1
6,val,817,233,10,234,1,1
6,val,818,662,10,19,5,1
6,val,819,997,11,1620,974,1
6,val,820,480,9,1794,1660,1
6,val,821,454,10,2641,2,1
6,val,822,459,10,2026,1,1
6,val,823,1691,10,371,1,1
6,val,824,1671,10,531,1,1
6,val,825,525,10,1829,2,1
6,val,826,221,10,601,2,1
6,val,827,1161,10,1916,3,1
6,val,828,417,10,618,1,1
6,val,829,2226,9,263,69,1
6,val,830,2559,10,938,1,1
6,val,831,62,9,2412,846,1
6,val,832,1005,10,809,9,1
6,val,833,1174,9,1753,1222,1
6,val,834,445,10,277,1703,1
6,val,835,2087,9,1432,782,1
6,val,836,187,10,1994,5,1
6,val,837,1601,13,68,451,1
6,val,838,1074,9,2580,1319,1
6,val,839,198,10,683,2,1
6,val,840,634,9,2434,1692,1
6,val,841,836,10,1756,1,1
6,val,842,1624,13,62,12,1
6,val,843,652,10,653,1,1
6,val,844,454,10,455,2,1
6,val,845,1494,10,1952,1,1
6,val,846,1325,10,832,1,1
6,val,847,377,9,2589,714,1
6,val,848,1197,9,2419,2216,1
6,val,849,1533,10,1928,4,1
6,val,850,668,10,1008,6,1
6,val,851,307,10,1755,35,1
6,val,852,429,10,250,3,1
6,val,853,595,10,602,1861,1
6,val,854,1682,9,1184,9,1
6,val,855,54,10,1256,3,1
6,val,856,1199,9,480,288,1
6,val,857,855,10,1171,6,1
6,val,858,456,13,2616,640,1
6,val,859,479,9,963,3,1
6,val,860,1684,10,435,2,1
6,val,861,32,10,2427,1,1
6,val,862,2543,10,2399,1,1
6,val,863,225,10,2344,4,1
6,val,864,2381,10,1449,1,1
6,val,865,1505,10,2284,2,1
6,val,866,110,9,881,2397,1
6,val,867,1783,14,330,2,1
6,val,868,2508,10,585,5,1
6,val,869,51,9,1969,1255,1
6,val,870,1306,14,223,6,1
6,val,871,1724,9,2637,499,1
6,val,872,345,10,672,3,1
6,val,873,1933,10,912,1,1
6,val,874,1485,10,29,352,1
6,val,875,2452,9,699,2224,1
6,val,876,2343,13,791,2,1
6,val,877,514,11,2444,7,1
6,val,878,401,9,183,988,1
6,val,879,1729,9,380,320,1
6,val,880,1707,10,997,218,1
6,val,881,983,9,312,329,1
6,val,882,620,13,546,8,1
6,val,883,2507,10,1366,654,1
6,val,884,1357,9,371,9,1
6,val,885,881,10,390,2,1
6,val,886,268,10,106,16,1
6,val,887,2144,10,941,1071,1
6,val,888,692,9,114,2163,1
6,val,889,2496,9,687,486,1
6,val,890,261,10,133,1,1
6,val,891,143,9,659,25,1
6,val,892,1049,9,783,798,1
6,val,893,88,9,612,658,1
6,val,894,39,10,1705,10,1
6,val,895,962,10,1826,5,1
6,val,896,24,10,25,2,1
6,val,897,2604,13,1255,51,1
6,val,898,1596,9,1348,318,1
6,val,899,2249,10,2250,10,1
6,val,900,853,10,1420,10,1
6,val,901,2220,10,2056,2133,1
6,val,902,344,9,103,2126,1
6,val,903,888,9,2231,1912,1
6,val,904,1347,9,595,1552,1
6,val,905,366,10,39,1,1
6,val,906,1186,9,1165,92,1
6,val,907,673,10,674,2,1
6,val,908,1611,10,1402,1,1
6,val,909,1199,9,528,1979,1
6,val,910,1857,10,1104,1,1
6,val,911,545,9,1266,2243,1
6,val,912,1,9,2695,1830,1
6,val,913,2458,13,868,2022,1
6,val,914,158,10,1654,5,1
6,val,915,939,10,940,1,1
6,val,916,453,10,192,4,1
6,val,917,336,10,115,3,1
6,val,918,1631,9,450,1349,1
6,val,919,2525,10,1367,3,1
6,val,920,2304,9,239,2696,1
6,val,921,83,10,713,2,1
6,val,922,1906,11,569,4,1
6,val,923,29,10,1191,1,1
6,val,924,2256,9,112,1013,1
6,val,925,1299,10,1494,10,1
6,val,926,583,10,1753,5,1
6,val,927,586,10,2185,2,1
6,val,928,2301,10,1281,2,1
6,val,929,212,10,1259,1,1
6,val,930,991,10,971,6,1
6,val,931,469,10,85,4,1
6,val,932,357,9,2514,1999,1
6,val,933,1814,10,986,1,1
6,val,934,971,10,1367,3,1
6,val,935,1060,10,401,1,1
6,val,936,2658,9,2549,617,1
6,val,937,1620,11,1621,96,1
6,val,938,2146,13,474,67,1
6,val,939,371,9,2564,1813,1
6,val,940,141,9,2608,2029,1
6,val,941,25,10,1609,1,1
6,val,942,1199,9,1974,2313,1
6,val,943,2122,10,2624,12,1
6,val,944,1217,9,2338,992,1
6,val,945,383,9,339,17,1
6,val,946,2013,10,2207,14,1
6,val,947,115,10,116,21,1
6,val,948,2369,10,2370,9,1
6,val,949,328,10,1574,15,1
6,val,950,472,14,717,1211,1
6,val,951,960,10,1566,1,1
6,val,952,1373,14,807,1622,1
6,val,953,2056,10,2220,1127,1
6,val,954,2489,10,2008,1,1
6,val,955,598,10,1057,3,1
6,val,956,146,10,147,8,1
6,val,957,1732,9,2547,1420,1
6,val,958,189,10,1037,71,1
6,val,959,1708,10,1489,1,1
6,val,960,1523,10,826,10,1
6,val,961,81,11,719,4,1
6,val,962,1029,10,1030,4,1
6,val,963,687,10,1992,1,1
6,val,964,2181,10,936,8,1
6,val,965,1066,9,2644,22,1
6,val,966,551,10,1939,4,1
6,val,967,2607,10,1054,1,1
6,val,968,1284,10,1024,1,1
6,val,969,2223,13,791,3,1
6,val,970,2132,10,1092,2,1
6,val,971,2020,10,598,2,1
6,val,972,388,10,1065,6,1
6,val,973,1620,11,997,975,1
6,val,974,2401,10,146,791,1
6,val,975,971,14,689,17,1
6,val,976,1358,9,2388,401,1
6,val,977,2600,10,1328,2,1
6,val,978,2674,14,918,315,1
6,val,979,1423,10,2511,1,1
6,val,980,2143,10,2144,3,1
6,val,981,891,11,1097,226,1
6,val,982,1834,11,2085,232,1
6,val,983,2056,9,1877,813,1
6,val,984,2467,9,1127,1194,1
6,val,985,2481,10,2482,2,1
6,val,986,1551,10,83,217,1
6,val,987,164,9,666,1866,1
6,val,988,1167,10,1635,5,1
6,val,989,530,10,416,2,1
6,val,990,1634,9,1294,593,1
6,val,991,594,10,595,2,1
6,val,992,741,10,2665,3,1
6,val,993,1211,9,538,1,1
6,val,994,258,10,23,2,1
6,val,995,2606,10,151,1,1
6,val,996,2692,9,779,2347,1
6,val,997,518,14,1734,14,1
6,val,998,150,10,991,5,1
6,val,999,1641,10,458,1,1
6,val,1000,83,10,1551,1,1
6,val,1001,126,10,2680,1,1
6,val,1002,377,9,910,1098,1
6,val,1003,514,11,1032,95,1
6,val,1004,2079,13,2115,292,1
6,val,1005,2688,10,1984,1,1
6,val,1006,221,14,963,10,1
6,val,1007,2347,9,145,1322,1
6,val,1008,1437,9,1203,2083,1
6,val,1009,1545,13,499,53,1
6,val,1010,834,9,1679,1182,1
6,val,1011,1265,10,51,2,1
6,val,1012,2201,12,664,826,1
6,val,1013,2157,9,2123,478,1
6,val,1014,832,9,217,1261,1
6,val,1015,4,10,2514,3,1
6,val,1016,1775,10,1623,1,1
6,val,1017,602,10,595,755,1
6,val,1018,499,13,868,2024,1
6,val,1019,790,10,1225,4,1
6,val,1020,1959,13,1583,1643,1
6,val,1021,634,9,425,996,1
6,val,1022,62,9,243,2436,1
6,val,1023,875,10,523,2,1
6,val,1024,1930,10,2662,2,1
6,val,1025,85,10,385,1,1
6,val,1026,858,10,714,7,1
6,val,1027,95,10,2638,17,1
6,val,1028,1177,10,1397,1,1
6,val,1029,1814,10,2657,11,1
6,val,1030,2013,10,1953,4,1
6,val,1031,2036,10,371,6,1
6,val,1032,176,10,2696,3,1
6,val,1033,2260,10,2456,1,1
6,val,1034,1,9,1546,110,1
6,val,1035,1888,12,992,81,1
6,val,1036,2624,10,2122,1342,1
6,val,1037,963,10,222,1,1
6,val,1038,1828,10,875,2,1
6,val,1039,172,10,462,20,1
6,val,1040,658,10,659,1,1
6,val,1041,2360,13,646,2126,1
6,val,1042,2184,13,655,10,1
6,val,1043,23,10,829,2,1
6,val,1044,1099,10,2195,98,1
6,val,1045,1299,10,1963,1,1
6,val,1046,45,10,2197,9,1
6,val,1047,1348,9,2015,1591,1
6,val,1048,1647,10,616,2,1
6,val,1049,2702,10,60,1,1
6,val,1050,930,9,2433,2331,1
6,val,1051,328,9,2014,370,1
6,val,1052,545,10,2673,11,1
6,val,1053,1694,13,1262,2524,1
6,val,1054,2518,9,32,1680,1
6,val,1055,1044,10,1045,3,1
6,val,1056,138,10,158,1,1
6,val,1057,269,10,2257,4,1
6,val,1058,1239,9,1388,1883,1
6,val,1059,625,9,1898,1252,1
6,val,1060,1196,10,541,1,1
6,val,1061,2301,10,2434,7,1
6,val,1062,2473,10,990,1239,1
6,val,1063,462,10,912,373,1
6,val,1064,2103,10,611,2,1
6,val,1065,1570,10,799,1,1
6,val,1066,1957,9,1757,1015,1
6,val,1067,1256,10,898,4,1
6,val,1068,240,9,77,225,1
6,val,1069,1825,10,1717,1,1
6,val,1070,768,10,2418,10,1
6,val,1071,1769,10,952,1335,1
6,val,1072,1317,10,1059,1,1
6,val,1073,1444,10,1028,332,1
6,val,1074,1338,10,1689,102,1
6,val,1075,1157,10,1437,3,1
6,val,1076,4,10,2679,7,1
6,val,1077,28,10,205,2,1
6,val,1078,1357,9,376,218,1
6,val,1079,789,9,2058,8,1
6,val,1080,1569,14,1988,2,1
6,val,1081,1578,10,2231,1,1
6,val,1082,1456,9,377,1405,1
6,val,1083,673,10,1060,1,1
6,val,1084,1963,10,1299,1,1
6,val,1085,2620,9,2033,1412,1
6,val,1086,472,10,1590,3,1
6,val,1087,418,10,419,2,1
6,val,1088,2096,10,1193,140,1
6,val,1089,242,10,1393,8,1
6,val,1090,1399,10,746,1,1
6,val,1091,863,10,2153,5,1
6,val,1092,2693,14,1176,461,1
6,val,1093,579,10,2119,2,1
6,val,1094,467,10,882,10,1
6,val,1095,1154,9,2646,2185,1
6,val,1096,1899,10,467,1,1
6,val,1097,522,10,523,2,1
6,val,1098,311,10,20,1,1
6,val,1099,210,10,211,2,1
6,val,1100,478,9,2638,1564,1
6,val,1101,2065,14,1640,52,1
6,val,1102,359,14,2389,18,1
6,val,1103,1213,10,991,1,1
6,val,1104,1902,10,196,2,1
6,val,1105,2073,10,557,2,1
6,val,1106,401,9,980,363,1
6,val,1107,1975,10,1260,1,1
6,val,1108,2391,9,2074,1595,1
6,val,1109,1586,9,509,913,1
6,val,1110,380,10,1236,12,1
6,val,1111,94,9,2573,1742,1
6,val,1112,879,9,1641,1468,1
6,val,1113,2307,10,1293,5,1
6,val,1114,559,10,211,3,1
6,val,1115,1321,10,18,1,1
6,val,1116,1461,9,471,852,1
6,val,1117,69,10,608,1,1
6,val,1118,1050,9,1245,1209,1
6,val,1119,2708,10,97,3,1
6,val,1120,733,9,1931,618,1
6,val,1121,1853,9,1351,2396,1
6,val,1122,242,10,209,1,1
6,val,1123,569,9,2368,1,1
6,val,1124,135,9,984,595,1
6,val,1125,879,9,213,234,1
6,val,1126,21,10,2451,1244,1
6,val,1127,794,9,2553,401,1
6,val,1128,481,10,482,4,1
6,val,1129,2348,12,2202,2639,1
6,val,1130,942,14,1496,3,1
6,val,1131,141,10,2334,20,1
6,val,1132,1702,10,1703,2,1
6,val,1133,294,10,2024,6,1
6,val,1134,565,9,2614,260,1
6,val,1135,370,10,230,3,1
6,val,1136,253,10,2324,1,1
6,val,1137,1157,10,378,8,1
6,val,1138,2084,10,1634,168,1
6,val,1139,1591,10,2382,260,1
6,val,1140,513,11,514,9,1
6,val,1141,1171,14,1859,870,1
6,val,1142,1626,10,333,139,1
6,val,1143,1730,13,1697,1224,1
6,val,1144,597,11,1243,920,1
6,val,1145,2707,10,18,1,1
6,val,1146,457,9,2179,1061,1
6,val,1147,1971,9,2213,2076,1
6,val,1148,1074,10,1418,59,1
6,val,1149,2380,13,791,7,1
6,val,1150,1032,11,867,1037,1
6,val,1151,1202,10,202,4,1
6,val,1152,135,9,1896,22,1
6,val,1153,2214,9,48,280,1
6,val,1154,45,10,2459,10,1
6,val,1155,2349,9,2452,1783,1
6,val,1156,2116,10,1490,2443,1
6,val,1157,1186,9,2188,6,1
6,val,1158,2495,10,327,458,1
6,val,1159,403,9,2279,1508,1
6,val,1160,1161,10,2420,2,1
6,val,1161,1087,16,1088,105,1
6,val,1162,1358,9,2292,415,1
6,val,1163,31,10,1662,2,1
6,val,1164,725,10,1080,4,1
6,val,1165,685,10,453,3,1
6,val,1166,844,10,1579,2,1
6,val,1167,1072,10,1501,1,1
6,val,1168,954,10,715,1064,1
6,val,1169,1034,10,2102,2,1
6,val,1170,1436,9,2688,1,1
6,val,1171,438,11,1620,1795,1
6,val,1172,2533,9,222,203,1
6,val,1173,2323,9,2696,1397,1
6,val,1174,1832,10,757,1,1
6,val,1175,810,10,2374,5,1
6,val,1176,1409,13,1291,2400,1
6,val,1177,926,14,1565,12,1
6,val,1178,1950,9,2670,1669,1
6,val,1179,984,11,79,13,1
6,val,1180,717,14,718,461,1
6,val,1181,879,9,1356,32,1
6,val,1182,390,14,427,15,1
6,val,1183,2431,10,12,1,1
6,val,1184,2694,10,1500,3,1
6,val,1185,621,10,422,3,1
6,val,1186,64,10,912,2,1
6,val,1187,807,14,1373,4,1
6,val,1188,2153,14,941,7,1
6,val,1189,432,9,1612,2092,1
6,val,1190,1249,10,1544,4,1
6,val,1191,2088,10,223,2,1
6,val,1192,1552,10,84,1,1
6,val,1193,38,9,2135,1719,1
6,val,1194,2427,11,700,38,1
6,val,1195,2398,10,2655,216,1
6,val,1196,770,11,91,14,1
6,val,1197,1443,10,1444,1,1
6,val,1198,1880,13,2115,325,1
6,val,1199,174,10,1135,7,1
6,val,1200,2324,10,253,1,1
6,val,1201,452,9,290,1211,1
6,val,1202,1401,14,2673,1,1
6,val,1203,169,10,724,5,1
6,val,1204,18,9,2485,5,1
6,val,1205,2536,10,2221,246,1
6,val,1206,1380,10,1392,3,1
6,val,1207,1746,10,1830,1,1
6,val,1208,2663,9,2031,368,1
6,val,1209,2612,13,1941,337,1
6,val,1210,2449,13,2297,1774,1
6,val,1211,662,10,2437,9,1
6,val,1212,2321,10,176,1,1
6,val,1213,2022,13,546,10,1
6,val,1214,943,10,1890,13,1
6,val,1215,791,9,1624,1024,1
6,val,1216,990,10,1991,2,1
6,val,1217,2323,9,361,470,1
6,val,1218,230,9,1248,995,1
6,val,1219,2451,10,21,1950,1
6,val,1220,240,9,1941,381,1
6,val,1221,2060,10,629,1,1
6,val,1222,2260,9,1824,1768,1
6,val,1223,813,10,1473,3,1
6,val,1224,222,9,136,2288,1
6,val,1225,1243,11,597,945,1
6,val,1226,1863,10,708,1425,1
6,val,1227,483,13,42,106,1
6,val,1228,543,10,1593,1,1
6,val,1229,1216,9,696,869,1
6,val,1230,1189,10,1190,4,1
6,val,1231,983,9,372,1706,1
6,val,1232,829,10,23,2,1
6,val,1233,309,14,8,6,1
6,val,1234,659,10,1424,3,1
6,val,1235,1790,10,2124,9,1
6,val,1236,1104,10,2222,4,1
6,val,1237,2588,10,1338,2088,1
6,val,1238,143,10,2335,22,1
6,val,1239,833,9,1973,1519,1
6,val,1240,764,10,765,234,1
6,val,1241,1922,9,1383,1625,1
6,val,1242,2015,9,691,2,1
6,val,1243,122,10,910,4,1
6,val,1244,972,10,2267,46,1
6,val,1245,401,9,1145,1412,1
6,val,1246,983,9,751,694,1
6,val,1247,1837,10,176,18,1
6,val,1248,355,11,815,1165,1
6,val,1249,64,9,983,60,1
6,val,1250,2493,13,999,128,1
6,val,1251,1647,10,2023,13,1
6,val,1252,1214,12,2294,1628,1
6,val,1253,736,10,376,1,1
6,val,1254,174,10,1370,14,1
6,val,1255,963,10,875,1,1
6,val,1256,1859,14,1171,19,1
6,val,1257,1726,10,104,2,1
6,val,1258,1281,10,2710,2,1
6,val,1259,1116,10,1132,2,1
6,test,0,509,7,573,16,0
6,test,1,16,1,18,1,0
6,test,2,537,1,316,2,0
6,test,3,125,2,391,9,0
6,test,4,15,1,98,3,0
6,test,5,179,1,761,2,0
6,test,6,829,1,310,1,0
6,test,7,634,1,674,2,0
6,test,8,44,1,52,1,0
6,test,9,771,1,786,7,0
6,test,10,196,1,655,14,0
6,test,11,477,1,51,1,0
6,test,12,42,1,101,5,0
6,test,13,18,1,12,3,0
6,test,14,375,1,374,11,0
6,test,15,354,1,341,1,0
6,test,16,137,1,206,118,0
6,test,17,483,1,19,1,0
6,test,18,816,1,102,1,0
6,test,19,288,1,618,4,0
6,test,20,485,1,106,142,0
6,test,21,12,1,18,3,0
6,test,22,130,1,134,1,0
6,test,23,332,1,208,4,0
6,test,24,136,0,292,567,0
6,test,25,383,1,47,4,0
6,test,26,90,1,89,3,0
6,test,27,744,0,412,83,0
6,test,28,582,0,697,494,0
6,test,29,331,1,878,2,0
6,test,30,151,1,318,4,0
6,test,31,151,1,354,11,0
6,test,32,637,1,747,3,0
6,test,33,652,0,484,332,0
6,test,34,124,1,581,1,0
6,test,35,470,1,817,4,0
6,test,36,765,1,213,2,0
6,test,37,710,1,52,1,0
6,test,38,521,1,226,1,0
6,test,39,553,1,192,6,0
6,test,40,11,1,10,1,0
6,test,41,52,1,295,1,0
6,test,42,31,0,717,14,0
6,test,43,890,1,573,5,0
6,test,44,603,1,203,2,0
6,test,45,375,1,437,5,0
6,test,46,226,1,222,2,0
6,test,47,573,1,890,35,0
6,test,48,24,1,603,1,0
6,test,49,743,1,129,1,0
6,test,50,441,1,836,110,0
6,test,51,395,2,642,2,0
6,test,52,514,0,301,334,0
6,test,53,760,1,759,1,0
6,test,54,552,1,100,1,0
6,test,55,155,1,322,2,0
6,test,56,268,1,601,6,0
6,test,57,310,1,863,9,0
6,test,58,341,0,151,6,0
6,test,59,330,2,104,31,0
6,test,60,180,1,761,2,0
6,test,61,81,1,144,2,0
6,test,62,384,1,628,33,0
6,test,63,195,1,304,32,0
6,test,64,187,1,15,3,0
6,test,65,170,1,712,179,0
6,test,66,815,1,608,1,0
6,test,67,465,1,32,685,0
6,test,68,565,1,277,5,0
6,test,69,665,0,604,348,0
6,test,70,452,2,451,247,0
6,test,71,369,1,897,6,0
6,test,72,161,1,765,36,0
6,test,73,391,2,272,42,0
6,test,74,766,1,183,1,0
6,test,75,270,1,178,64,0
6,test,76,37,1,522,10,0
6,test,77,310,0,6,11,0
6,test,78,178,1,152,9,0
6,test,79,524,1,163,1,0
6,test,80,600,1,296,7,0
6,test,81,744,1,801,15,0
6,test,82,653,1,509,2,0
6,test,83,438,1,158,2,0
6,test,84,292,1,702,4,0
6,test,85,24,1,497,1,0
6,test,86,50,1,185,4,0
6,test,87,477,1,639,4,0
6,test,88,15,1,187,2,0
6,test,89,772,1,735,1,0
6,test,90,831,1,189,1,0
6,test,91,262,0,221,130,0
6,test,92,561,1,329,17,0
6,test,93,904,1,590,1,0
6,test,94,297,2,350,4,0
6,test,95,9,1,51,1,0
6,test,96,15,1,277,898,0
6,test,97,47,2,118,11,0
6,test,98,697,0,38,433,0
6,test,99,650,2,649,71,0
6,test,100,99,1,78,1,0
6,test,101,688,1,687,80,0
6,test,102,203,1,603,1,0
6,test,103,725,1,252,10,0
6,test,104,849,1,562,2,0
6,test,105,685,1,359,2,0
6,test,106,344,0,843,40,0
6,test,107,243,1,538,1,0
6,test,108,250,1,455,142,0
6,test,109,82,1,838,13,0
6,test,110,707,1,456,1,0
6,test,111,23,0,911,38,0
6,test,112,219,1,139,2,0
6,test,113,653,0,861,115,0
6,test,114,917,1,210,1,0
6,test,115,802,1,649,37,0
6,test,116,445,1,597,312,0
6,test,117,129,1,323,9,0
6,test,118,155,1,154,7,0
6,test,119,80,1,66,10,0
6,test,120,78,1,683,4,0
6,test,121,637,1,351,1,0
6,test,122,102,1,291,5,0
6,test,123,799,1,390,2,0
6,test,124,755,1,82,2,0
6,test,125,664,5,339,1,0
6,test,126,725,1,494,4,0
6,test,127,604,1,281,3,0
6,test,128,23,1,496,1,0
6,test,129,369,1,300,13,0
6,test,130,828,1,723,1,0
6,test,131,256,0,546,56,0
6,test,132,755,0,15,18,0
6,test,133,471,1,4,2,0
6,test,134,80,1,115,10,0
6,test,135,850,0,480,561,0
6,test,136,74,1,629,1,0
6,test,137,461,1,338,1,0
6,test,138,692,1,358,1,0
6,test,139,530,1,501,421,0
6,test,140,159,1,686,2,0
6,test,141,483,0,38,492,0
6,test,142,811,1,725,9,0
6,test,143,479,1,151,1,0
6,test,144,267,1,601,1,0
6,test,145,371,1,58,1,0
6,test,146,889,0,227,39,0
6,test,147,854,4,121,18,0
6,test,148,672,1,50,1,0
6,test,149,639,1,477,114,0
6,test,150,117,1,116,1,0
6,test,151,607,1,606,1,0
6,test,152,315,1,369,1,0
6,test,153,900,0,879,136,0
6,test,154,160,1,181,1,0
6,test,155,13,1,508,3,0
6,test,156,339,1,682,1,0
6,test,157,189,1,188,1,0
6,test,158,140,1,139,3,0
6,test,159,205,1,74,1,0
6,test,160,212,0,797,91,0
6,test,161,251,0,613,26,0
6,test,162,344,1,435,1,0
6,test,163,887,1,170,163,0
6,test,164,277,1,884,35,0
6,test,165,329,0,849,313,0
6,test,166,303,1,195,3,0
6,test,167,455,2,406,26,0
6,test,168,296,1,600,4,0
6,test,169,759,1,580,74,0
6,test,170,370,1,83,2,0
6,test,171,710,1,296,1,0
6,test,172,702,1,292,3,0
6,test,173,787,1,22,1,0
6,test,174,89,2,691,10,0
6,test,175,98,0,550,753,0
6,test,176,118,5,57,37,0
6,test,177,4,1,562,2,0
6,test,178,525,0,111,51,0
6,test,179,534,1,313,1,0
6,test,180,143,1,192,1,0
6,test,181,263,1,813,41,0
6,test,182,437,1,673,12,0
6,test,183,701,1,484,1,0
6,test,184,451,1,16,3,0
6,test,185,106,1,485,43,0
6,test,186,529,1,595,8,0
6,test,187,434,1,741,1,0
6,test,188,573,16,509,41,1
6,test,189,18,10,16,3,1
6,test,190,316,10,537,3,1
6,test,191,391,11,125,60,1
6,test,192,98,10,15,2,1
6,test,193,761,10,179,1,1
6,test,194,310,10,829,9,1
6,test,195,674,10,634,4,1
6,test,196,52,10,44,12,1
6,test,197,786,10,771,2,1
6,test,198,655,10,196,5,1
6,test,199,51,10,477,10,1
6,test,200,101,10,42,2,1
6,test,201,12,10,18,3,1
6,test,202,374,10,375,2,1
6,test,203,341,10,354,1,1
6,test,204,206,10,137,20,1
6,test,205,19,10,483,3,1
6,test,206,102,10,816,5,1
6,test,207,618,10,288,20,1
6,test,208,106,10,485,42,1
6,test,209,18,10,12,4,1
6,test,210,134,10,130,1,1
6,test,211,208,10,332,5,1
6,test,212,292,9,136,383,1
6,test,213,47,10,383,1,1
6,test,214,89,10,90,1,1
6,test,215,412,9,744,258,1
6,test,216,697,9,582,453,1
6,test,217,878,10,331,2,1
6,test,218,318,10,151,1,1
6,test,219,354,10,151,3,1
6,test,220,747,10,637,2,1
6,test,221,484,9,652,886,1
6,test,222,581,10,124,2,1
6,test,223,817,10,470,1,1
6,test,224,213,10,765,5,1
6,test,225,52,10,710,3,1
6,test,226,226,10,521,5,1
6,test,227,192,10,553,9,1
6,test,228,10,10,11,7,1
6,test,229,295,10,52,1,1
6,test,230,717,9,31,3,1
6,test,231,573,10,890,35,1
6,test,232,203,10,603,1,1
6,test,233,437,10,375,1,1
6,test,234,222,10,226,1,1
6,test,235,890,10,573,6,1
6,test,236,603,10,24,1,1
6,test,237,129,10,743,10,1
6,test,238,836,10,441,87,1
6,test,239,642,11,395,3,1
6,test,240,301,9,514,96,1
6,test,241,759,10,760,2,1
6,test,242,100,10,552,2,1
6,test,243,322,10,155,3,1
6,test,244,601,10,268,3,1
6,test,245,863,10,310,2,1
6,test,246,151,9,341,4,1
6,test,247,104,11,330,229,1
6,test,248,761,10,180,2,1
6,test,249,144,10,81,1,1
6,test,250,628,10,384,596,1
6,test,251,304,10,195,10,1
6,test,252,15,10,187,2,1
6,test,253,712,10,170,432,1
6,test,254,608,10,815,3,1
6,test,255,32,10,465,649,1
6,test,256,277,10,565,4,1
6,test,257,604,9,665,60,1
6,test,258,451,11,452,12,1
6,test,259,897,10,369,1,1
6,test,260,765,10,161,11,1
6,test,261,272,11,391,11,1
6,test,262,183,10,766,7,1
6,test,263,178,10,270,347,1
6,test,264,522,10,37,1,1
6,test,265,6,9,310,17,1
6,test,266,152,10,178,1,1
6,test,267,163,10,524,2,1
6,test,268,296,10,600,5,1
6,test,269,801,10,744,15,1
6,test,270,509,10,653,7,1
6,test,271,158,10,438,1,1
6,test,272,702,10,292,2,1
6,test,273,497,10,24,1,1
6,test,274,185,10,50,2,1
6,test,275,639,10,477,194,1
6,test,276,187,10,15,3,1
6,test,277,735,10,772,1,1
6,test,278,189,10,831,2,1
6,test,279,221,9,262,772,1
6,test,280,329,10,561,4,1
6,test,281,590,10,904,1,1
6,test,282,350,11,297,42,1
6,test,283,51,10,9,1,1
6,test,284,277,10,15,60,1
6,test,285,118,11,47,4,1
6,test,286,38,9,697,27,1
6,test,287,649,11,650,5,1
6,test,288,78,10,99,5,1
6,test,289,687,10,688,8,1
6,test,290,603,10,203,1,1
6,test,291,252,10,725,1,1
6,test,292,562,10,849,3,1
6,test,293,359,10,685,1,1
6,test,294,843,9,344,264,1
6,test,295,538,10,243,4,1
6,test,296,455,10,250,5,1
6,test,297,838,10,82,2,1
6,test,298,456,10,707,1,1
6,test,299,911,9,23,592,1
6,test,300,139,10,219,1,1
6,test,301,861,9,653,443,1
6,test,302,210,10,917,3,1
6,test,303,649,10,802,436,1
6,test,304,597,10,445,855,1
6,test,305,323,10,129,1,1
6,test,306,154,10,155,7,1
6,test,307,66,10,80,2,1
6,test,308,683,10,78,2,1
6,test,309,351,10,637,1,1
6,test,310,291,10,102,1,1
6,test,311,390,10,799,5,1
6,test,312,82,10,755,7,1
6,test,313,339,14,664,1,1
6,test,314,494,10,725,3,1
6,test,315,281,10,604,1,1
6,test,316,496,10,23,2,1
6,test,317,300,10,369,1,1
6,test,318,723,10,828,6,1
6,test,319,546,9,256,494,1
6,test,320,15,9,755,2,1
6,test,321,4,10,471,2,1
6,test,322,115,10,80,1,1
6,test,323,480,9,850,576,1
6,test,324,629,10,74,1,1
6,test,325,338,10,461,6,1
6,test,326,358,10,692,5,1
6,test,327,501,10,530,614,1
6,test,328,686,10,159,5,1
6,test,329,38,9,483,588,1
6,test,330,725,10,811,6,1
6,test,331,151,10,479,1,1
6,test,332,601,10,267,4,1
6,test,333,58,10,371,2,1
6,test,334,227,9,889,138,1
6,test,335,121,13,854,93,1
6,test,336,50,10,672,12,1
6,test,337,477,10,639,2,1
6,test,338,116,10,117,2,1
6,test,339,606,10,607,6,1
6,test,340,369,10,315,1,1
6,test,341,879,9,900,100,1
6,test,342,181,10,160,1,1
6,test,343,508,10,13,1,1
6,test,344,682,10,339,2,1
6,test,345,188,10,189,1,1
6,test,346,139,10,140,1,1
6,test,347,74,10,205,6,1
6,test,348,797,9,212,299,1
6,test,349,613,9,251,578,1
6,test,350,435,10,344,1,1
6,test,351,170,10,887,10,1
6,test,352,884,10,277,873,1
6,test,353,849,9,329,186,1
6,test,354,195,10,303,2,1
6,test,355,406,11,455,470,1
6,test,356,600,10,296,5,1
6,test,357,580,10,759,120,1
6,test,358,83,10,370,1,1
6,test,359,296,10,710,12,1
6,test,360,292,10,702,3,1
6,test,361,22,10,787,3,1
6,test,362,691,11,89,184,1
6,test,363,550,9,98,879,1
6,test,364,57,14,118,252,1
6,test,365,562,10,4,3,1
6,test,366,111,9,525,346,1
6,test,367,313,10,534,2,1
6,test,368,192,10,143,2,1
6,test,369,813,10,263,61,1
6,test,370,673,10,437,5,1
6,test,371,484,10,701,5,1
6,test,372,16,10,451,4,1
6,test,373,485,10,106,155,1
6,test,374,595,10,529,4,1
6,test,375,741,10,434,1,1
10,val,0,1026,1,2209,746,0
10,val,1,2313,1,31,1,0
10,val,2,474,4,1958,38,0
10,val,3,1751,1,211,2,0
10,val,4,1136,1,395,3,0
10,val,5,66,2,997,214,0
10,val,6,1196,1,953,3,0
10,val,7,2025,0,577,16,0
10,val,8,1168,5,86,1,0
10,val,9,2424,1,79,4,0
10,val,10,53,1,34,4,0
10,val,11,810,1,930,4,0
10,val,12,2411,0,810,2,0
10,val,13,2386,6,2625,103,0
10,val,14,140,1,1900,1047,0
10,val,15,434,0,2078,321,0
10,val,16,2515,0,2166,222,0
10,val,17,1474,1,676,2,0
10,val,18,918,1,923,2,0
10,val,19,552,1,1098,5,0
10,val,20,2582,1,849,3,0
10,val,21,1397,1,49,11,0
10,val,22,2504,1,662,1,0
10,val,23,2311,1,1389,1,0
10,val,24,381,5,380,1,0
10,val,25,1863,1,1862,1,0
10,val,26,2104,1,1399,2,0
10,val,27,1765,2,2633,4,0
10,val,28,1722,0,11,593,0
10,val,29,1338,1,2457,92,0
10,val,30,2022,3,42,173,0
10,val,31,312,1,976,1,0
10,val,32,2639,0,1809,165,0
10,val,33,2133,1,23,7,0
10,val,34,396,1,357,2,0
10,val,35,1185,4,1656,118,0
10,val,36,2619,0,1217,20,0
10,val,37,2602,1,1270,1,0
10,val,38,79,2,1830,493,0
10,val,39,952,1,25,948,0
10,val,40,906,0,519,389,0
10,val,41,79,2,1861,2051,0
10,val,42,93,0,430,33,0
10,val,43,2674,5,918,215,0
10,val,44,1865,0,143,23,0
10,val,45,826,1,1836,5,0
10,val,46,1205,1,2243,11,0
10,val,47,1432,1,1431,1,0
10,val,48,1895,0,1018,153,0
10,val,49,1202,2,1149,116,0
10,val,50,34,1,2300,13,0
10,val,51,1087,1,173,2400,0
10,val,52,285,1,2512,21,0
10,val,53,943,1,1806,4,0
10,val,54,150,1,1068,2,0
10,val,55,1123,0,399,2,0
10,val,56,317,4,2115,234,0
10,val,57,363,1,2013,5,0
10,val,58,1429,0,143,17,0
10,val,59,2497,0,230,39,0
10,val,60,1930,0,256,1425,0
10,val,61,2581,1,620,5,0
10,val,62,751,1,936,2,0
10,val,63,2012,1,583,1,0
10,val,64,2653,1,1771,1206,0
10,val,65,413,0,1600,45,0
10,val,66,12,1,334,5,0
10,val,67,671,5,2132,6,0
10,val,68,2398,1,2655,128,0
10,val,69,2413,4,1467,2250,0
10,val,70,287,3,249,110,0
10,val,71,1859,1,2054,7,0
10,val,72,1900,1,140,2504,0
10,val,73,327,1,10,17,0
10,val,74,862,1,1806,3,0
10,val,75,2614,1,2273,65,0
10,val,76,1770,1,225,2,0
10,val,77,1975,1,1260,1,0
10,val,78,459,1,409,2,0
10,val,79,1796,0,2516,408,0
10,val,80,54,1,102,5,0
10,val,81,5,0,810,1,0
10,val,82,2561,1,62,5,0
10,val,83,797,1,2142,10,0
10,val,84,2299,0,2154,1426,0
10,val,85,8,1,1722,5,0
10,val,86,173,1,1087,450,0
10,val,87,114,0,803,220,0
10,val,88,848,1,847,3,0
10,val,89,537,1,1538,331,0
10,val,90,871,0,1502,864,0
10,val,91,1391,0,1790,648,0
10,val,92,329,1,271,1,0
10,val,93,427,1,426,6,0
10,val,94,295,1,665,1,0
10,val,95,1705,1,439,4,0
10,val,96,1860,0,561,372,0
10,val,97,764,2,1765,564,0
10,val,98,1016,1,2599,3,0
10,val,99,641,1,1075,18,0
10,val,100,139,0,932,145,0
10,val,101,2421,0,12,45,0
10,val,102,452,1,151,3,0
10,val,103,1472,5,1613,2,0
10,val,104,997,2,1621,14,0
10,val,105,1230,1,978,1,0
10,val,106,1280,1,29,4,0
10,val,107,2092,1,1504,2,0
10,val,108,2455,1,1319,73,0
10,val,109,2255,1,211,1,0
10,val,110,77,4,767,1789,0
10,val,111,150,1,1952,5,0
10,val,112,637,1,2187,2,0
10,val,113,35,1,981,4,0
10,val,114,1428,0,1235,13,0
10,val,115,1148,4,928,26,0
10,val,116,1056,1,843,3,0
10,val,117,1230,0,1348,50,0
10,val,118,79,1,879,4,0
10,val,119,2519,1,554,1,0
10,val,120,631,0,283,52,0
10,val,121,564,1,1945,3,0
10,val,122,1137,1,1136,5,0
10,val,123,738,0,1641,1508,0
10,val,124,2472,1,1190,2,0
10,val,125,1245,1,347,5,0
10,val,126,672,1,64,161,0
10,val,127,233,1,1854,4,0
10,val,128,1965,1,1964,2,0
10,val,129,1415,0,1661,4,0
10,val,130,238,1,237,3,0
10,val,131,1999,1,941,26,0
10,val,132,2196,0,969,17,0
10,val,133,2384,1,1488,8,0
10,val,134,462,1,912,279,0
10,val,135,1896,3,957,983,0
10,val,136,1722,1,849,6,0
10,val,137,631,5,798,1,0
10,val,138,2456,1,550,2,0
10,val,139,1286,1,660,4,0
10,val,140,2237,1,1353,2,0
10,val,141,1279,1,2611,4,0
10,val,142,116,2,234,1,0
10,val,143,777,0,328,26,0
10,val,144,2134,1,194,7,0
10,val,145,2013,0,494,264,0
10,val,146,853,1,1420,14,0
10,val,147,10,1,34,4,0
10,val,148,1710,1,148,2,0
10,val,149,215,1,561,1,0
10,val,150,1986,1,468,1,0
10,val,151,952,0,479,45,0
10,val,152,1859,1,992,10,0
10,val,153,1569,5,1988,2,0
10,val,154,756,0,525,878,0
10,val,155,140,1,461,3,0
10,val,156,773,1,2001,3,0
10,val,157,1159,0,1722,92,0
10,val,158,1859,1,773,4,0
10,val,159,1270,0,490,267,0
10,val,160,1498,0,1814,3,0
10,val,161,2260,1,371,4,0
10,val,162,1303,1,315,2,0
10,val,163,1938,1,1319,2,0
10,val,164,531,1,336,119,0
10,val,165,147,0,2535,335,0
10,val,166,841,0,1695,213,0
10,val,167,2030,0,2614,826,0
10,val,168,141,1,394,4,0
10,val,169,2197,0,45,237,0
10,val,170,999,4,2529,11,0
10,val,171,349,1,746,4,0
10,val,172,1658,0,2042,225,0
10,val,173,1176,0,1538,455,0
10,val,174,99,1,71,3,0
10,val,175,1196,1,541,2,0
10,val,176,979,1,1773,6,0
10,val,177,547,0,383,6,0
10,val,178,556,1,2074,1,0
10,val,179,875,1,2364,4,0
10,val,180,2550,0,2687,93,0
10,val,181,148,1,55,4,0
10,val,182,1180,0,1631,93,0
10,val,183,344,1,230,6,0
10,val,184,1099,1,2195,44,0
10,val,185,1035,1,2069,11,0
10,val,186,595,1,2664,9,0
10,val,187,234,1,233,2,0
10,val,188,19,1,662,5,0
10,val,189,1620,2,997,163,0
10,val,190,1794,0,480,77,0
10,val,191,2641,1,454,1,0
10,val,192,2026,1,459,4,0
10,val,193,371,1,1691,3,0
10,val,194,531,1,1671,1,0
10,val,195,1829,1,525,1,0
10,val,196,601,1,221,2,0
10,val,197,1916,1,1161,5,0
10,val,198,618,1,417,6,0
10,val,199,263,0,2226,105,0
10,val,200,938,1,2559,16,0
10,val,201,2412,0,62,4,0
10,val,202,809,1,1005,3,0
10,val,203,1753,0,1174,13,0
10,val,204,277,1,445,398,0
10,val,205,1432,0,2087,356,0
10,val,206,1994,1,187,3,0
10,val,207,68,4,1601,534,0
10,val,208,2580,0,1074,1018,0
10,val,209,683,1,198,8,0
10,val,210,2434,0,634,1161,0
10,val,211,1756,1,836,1,0
10,val,212,62,4,1624,791,0
10,val,213,653,1,652,4,0
10,val,214,455,1,454,1,0
10,val,215,1952,1,1494,2,0
10,val,216,832,1,1325,1,0
10,val,217,2589,0,377,225,0
10,val,218,2419,0,1197,1252,0
10,val,219,1928,1,1533,9,0
10,val,220,1008,1,668,2,0
10,val,221,1755,1,307,191,0
10,val,222,250,1,429,2,0
10,val,223,602,1,595,414,0
10,val,224,1184,0,1682,362,0
10,val,225,1256,1,54,8,0
10,val,226,480,0,1199,17,0
10,val,227,1171,1,855,2,0
10,val,228,2616,4,456,1275,0
10,val,229,963,0,479,6,0
10,val,230,435,1,1684,2,0
10,val,231,2427,1,32,4,0
10,val,232,2399,1,2543,3,0
10,val,233,2344,1,225,1,0
10,val,234,1449,1,2381,3,0
10,val,235,2284,1,1505,1,0
10,val,236,881,0,110,41,0
10,val,237,330,5,1783,1,0
10,val,238,585,1,2508,7,0
10,val,239,1969,0,51,1876,0
10,val,240,223,5,1306,3,0
10,val,241,2637,0,1724,707,0
10,val,242,672,1,345,69,0
10,val,243,912,1,1933,6,0
10,val,244,29,1,1485,29,0
10,val,245,699,0,2452,1323,0
10,val,246,791,4,2343,11,0
10,val,247,2444,2,514,1,0
10,val,248,183,0,401,1245,0
10,val,249,380,0,1729,588,0
10,val,250,997,1,1707,3,0
10,val,251,312,0,983,10,0
10,val,252,546,4,620,106,0
10,val,253,1366,1,2507,54,0
10,val,254,371,0,1357,538,0
10,val,255,390,1,881,5,0
10,val,256,106,1,268,2,0
10,val,257,941,1,2144,539,0
10,val,258,114,0,692,584,0
10,val,259,687,0,2496,514,0
10,val,260,133,1,261,5,0
10,val,261,659,0,143,20,0
10,val,262,783,0,1049,526,0
10,val,263,612,0,88,411,0
10,val,264,1705,1,39,1,0
10,val,265,1826,1,962,1,0
10,val,266,25,1,24,4,0
10,val,267,1255,4,2604,21,0
10,val,268,1348,0,1596,118,0
10,val,269,2250,1,2249,2,0
10,val,270,1420,1,853,4,0
10,val,271,2056,1,2220,581,0
10,val,272,103,0,344,65,0
10,val,273,2231,0,888,318,0
10,val,274,595,0,1347,766,0
10,val,275,39,1,366,6,0
10,val,276,1165,0,1186,12,0
10,val,277,674,1,673,2,0
10,val,278,1402,1,1611,1,0
10,val,279,528,0,1199,20,0
10,val,280,1104,1,1857,2,0
10,val,281,1266,0,545,470,0
10,val,282,2695,0,1,527,0
10,val,283,868,4,2458,79,0
10,val,284,1654,1,158,2,0
10,val,285,940,1,939,6,0
10,val,286,192,1,453,2,0
10,val,287,115,1,336,13,0
10,val,288,450,0,1631,90,0
10,val,289,1367,1,2525,18,0
10,val,290,239,0,2304,753,0
10,val,291,713,1,83,2,0
10,val,292,569,2,1906,14,0
10,val,293,1191,1,29,4,0
10,val,294,112,0,2256,1527,0
10,val,295,1494,1,1299,4,0
10,val,296,1753,1,583,1,0
10,val,297,2185,1,586,5,0
10,val,298,1281,1,2301,5,0
10,val,299,1259,1,212,6,0
10,val,300,971,1,991,11,0
10,val,301,85,1,469,1,0
10,val,302,2514,0,357,116,0
10,val,303,986,1,1814,3,0
10,val,304,1367,1,971,3,0
10,val,305,401,1,1060,3,0
10,val,306,2549,0,2658,518,0
10,val,307,1621,2,1620,2,0
10,val,308,474,4,2146,302,0
10,val,309,2564,0,371,107,0
10,val,310,2608,0,141,121,0
10,val,311,1609,1,25,2,0
10,val,312,1974,0,1199,23,0
10,val,313,2624,1,2122,818,0
10,val,314,2338,0,1217,18,0
10,val,315,339,0,383,7,0
10,val,316,2207,1,2013,1,0
10,val,317,116,1,115,1,0
10,val,318,2370,1,2369,4,0
10,val,319,1574,1,328,2,0
10,val,320,717,5,472,62,0
10,val,321,1566,1,960,1,0
10,val,322,807,5,1373,1,0
10,val,323,2220,1,2056,2350,0
10,val,324,2008,1,2489,2,0
10,val,325,1057,1,598,6,0
10,val,326,147,1,146,1,0
10,val,327,2547,0,1732,394,0
10,val,328,1037,1,189,3,0
10,val,329,1489,1,1708,3,0
10,val,330,826,1,1523,2,0
10,val,331,719,2,81,1,0
10,val,332,1030,1,1029,2,0
10,val,333,1992,1,687,1,0
10,val,334,936,1,2181,3,0
10,val,335,2644,0,1066,1364,0
10,val,336,1939,1,551,4,0
10,val,337,1054,1,2607,3,0
10,val,338,1024,1,1284,6,0
10,val,339,791,4,2223,251,0
10,val,340,1092,1,2132,2,0
10,val,341,598,1,2020,6,0
10,val,342,1065,1,388,1,0
10,val,343,997,2,1620,513,0
10,val,344,146,1,2401,919,0
10,val,345,689,5,971,7,0
10,val,346,2388,0,1358,24,0
10,val,347,1328,1,2600,8,0
10,val,348,918,5,2674,105,0
10,val,349,2511,1,1423,2,0
10,val,350,2144,1,2143,1,0
10,val,351,1097,2,891,2,0
10,val,352,2085,2,1834,1,0
10,val,353,1877,0,2056,860,0
10,val,354,1127,0,2467,341,0
10,val,355,2482,1,2481,1,0
10,val,356,83,1,1551,1,0
10,val,357,666,0,164,8,0
10,val,358,1635,1,1167,3,0
10,val,359,416,1,530,5,0
10,val,360,1294,0,1634,1006,0
10,val,361,595,1,594,2,0
10,val,362,2665,1,741,2,0
10,val,363,538,0,1211,15,0
10,val,364,23,1,258,3,0
10,val,365,151,1,2606,17,0
10,val,366,779,0,2692,234,0
10,val,367,1734,5,518,25,0
10,val,368,991,1,150,13,0
10,val,369,458,1,1641,3,0
10,val,370,1551,1,83,2,0
10,val,371,2680,1,126,2,0
10,val,372,910,0,377,244,0
10,val,373,1032,2,514,2,0
10,val,374,2115,4,2079,20,0
10,val,375,1984,1,2688,3,0
10,val,376,963,5,221,4,0
10,val,377,145,0,2347,634,0
10,val,378,1203,0,1437,1867,0
10,val,379,499,4,1545,223,0
10,val,380,1679,0,834,7,0
10,val,381,51,1,1265,3,0
10,val,382,664,3,2201,42,0
10,val,383,2123,0,2157,120,0
10,val,384,217,0,832,638,0
10,val,385,2514,1,4,2,0
10,val,386,1623,1,1775,1,0
10,val,387,595,1,602,1602,0
10,val,388,868,4,499,94,0
10,val,389,1225,1,790,2,0
10,val,390,1583,4,1959,28,0
10,val,391,425,0,634,1181,0
10,val,392,243,0,62,8,0
10,val,393,523,1,875,5,0
10,val,394,2662,1,1930,1,0
10,val,395,385,1,85,9,0
10,val,396,714,1,858,1,0
10,val,397,2638,1,95,2,0
10,val,398,1397,1,1177,12,0
10,val,399,2657,1,1814,3,0
10,val,400,1953,1,2013,129,0
10,val,401,371,1,2036,1,0
10,val,402,2696,1,176,2,0
10,val,403,2456,1,2260,22,0
10,val,404,1546,0,1,480,0
10,val,405,992,3,1888,6,0
10,val,406,2122,1,2624,9,0
10,val,407,222,1,963,1,0
10,val,408,875,1,1828,10,0
10,val,409,462,1,172,1,0
10,val,410,659,1,658,4,0
10,val,411,646,4,2360,1,0
10,val,412,655,4,2184,103,0
10,val,413,829,1,23,3,0
10,val,414,2195,1,1099,676,0
10,val,415,1963,1,1299,1,0
10,val,416,2197,1,45,1,0
10,val,417,2015,0,1348,45,0
10,val,418,616,1,1647,3,0
10,val,419,60,1,2702,3,0
10,val,420,2433,0,930,1701,0
10,val,421,2014,0,328,22,0
10,val,422,2673,1,545,1,0
10,val,423,1262,4,1694,42,0
10,val,424,32,0,2518,724,0
10,val,425,1045,1,1044,1,0
10,val,426,158,1,138,3,0
10,val,427,2257,1,269,2,0
10,val,428,1388,0,1239,40,0
10,val,429,1898,0,625,635,0
10,val,430,541,1,1196,2,0
10,val,431,2434,1,2301,8,0
10,val,432,990,1,2473,695,0
10,val,433,912,1,462,1325,0
10,val,434,611,1,2103,5,0
10,val,435,799,1,1570,7,0
10,val,436,1757,0,1957,2159,0
10,val,437,898,1,1256,7,0
10,val,438,77,0,240,1809,0
10,val,439,1717,1,1825,1,0
10,val,440,2418,1,768,2,0
10,val,441,952,1,1769,1354,0
10,val,442,1059,1,1317,5,0
10,val,443,1028,1,1444,684,0
10,val,444,1689,1,1338,3,0
10,val,445,1437,1,1157,5,0
10,val,446,2679,1,4,1,0
10,val,447,205,1,28,3,0
10,val,448,376,0,1357,832,0
10,val,449,2058,0,789,282,0
10,val,450,1988,5,1569,310,0
10,val,451,2231,1,1578,2,0
10,val,452,377,0,1456,25,0
10,val,453,1060,1,673,1,0
10,val,454,1299,1,1963,5,0
10,val,455,2033,0,2620,800,0
10,val,456,1590,1,472,1,0
10,val,457,419,1,418,5,0
10,val,458,1193,1,2096,3,0
10,val,459,1393,1,242,1,0
10,val,460,746,1,1399,5,0
10,val,461,2153,1,863,7,0
10,val,462,1176,5,2693,79,0
10,val,463,2119,1,579,4,0
10,val,464,882,1,467,3,0
10,val,465,2646,0,1154,768,0
10,val,466,467,1,1899,8,0
10,val,467,523,1,522,4,0
10,val,468,20,1,311,5,0
10,val,469,211,1,210,14,0
10,val,470,2638,0,478,138,0
10,val,471,1640,5,2065,7,0
10,val,472,2389,5,359,2,0
10,val,473,991,1,1213,7,0
10,val,474,196,1,1902,4,0
10,val,475,557,1,2073,3,0
10,val,476,980,0,401,829,0
10,val,477,1260,1,1975,1,0
10,val,478,2074,0,2391,2052,0
10,val,479,509,0,1586,1104,0
10,val,480,1236,1,380,2,0
10,val,481,2573,0,94,419,0
10,val,482,1641,0,879,291,0
10,val,483,1293,1,2307,3,0
10,val,484,211,1,559,12,0
10,val,485,18,1,1321,21,0
10,val,486,471,0,1461,764,0
10,val,487,608,1,69,1,0
10,val,488,1245,0,1050,2202,0
10,val,489,97,1,2708,5,0
10,val,490,1931,0,733,1186,0
10,val,491,1351,0,1853,116,0
10,val,492,209,1,242,6,0
10,val,493,2368,0,569,34,0
10,val,494,984,0,135,503,0
10,val,495,213,0,879,280,0
10,val,496,2451,1,21,1364,0
10,val,497,2553,0,794,332,0
10,val,498,482,1,481,3,0
10,val,499,2202,3,2348,415,0
10,val,500,1496,5,942,1,0
10,val,501,2334,1,141,3,0
10,val,502,1703,1,1702,1,0
10,val,503,2024,1,294,1,0
10,val,504,2614,0,565,406,0
10,val,505,230,1,370,5,0
10,val,506,2324,1,253,1,0
10,val,507,378,1,1157,4,0
10,val,508,1634,1,2084,1,0
10,val,509,2382,1,1591,7,0
10,val,510,514,2,513,7,0
10,val,511,1859,5,1171,2,0
10,val,512,333,1,1626,4,0
10,val,513,1697,4,1730,55,0
10,val,514,1243,2,597,288,0
10,val,515,18,1,2707,18,0
10,val,516,2179,0,457,89,0
10,val,517,2213,0,1971,110,0
10,val,518,1418,1,1074,14,0
10,val,519,791,4,2380,63,0
10,val,520,867,2,1032,620,0
10,val,521,202,1,1202,3,0
10,val,522,1896,0,135,179,0
10,val,523,48,0,2214,323,0
10,val,524,2459,1,45,1,0
10,val,525,2452,0,2349,85,0
10,val,526,1490,1,2116,38,0
10,val,527,2188,0,1186,13,0
10,val,528,327,1,2495,268,0
10,val,529,2279,0,403,209,0
10,val,530,2420,1,1161,1,0
10,val,531,1088,7,1087,6,0
10,val,532,2292,0,1358,24,0
10,val,533,1662,1,31,1,0
10,val,534,1080,1,725,10,0
10,val,535,453,1,685,10,0
10,val,536,1579,1,844,4,0
10,val,537,1501,1,1072,1,0
10,val,538,715,1,954,1123,0
10,val,539,2102,1,1034,1,0
10,val,540,2688,0,1436,56,0
10,val,541,1620,2,438,434,0
10,val,542,222,0,2533,592,0
10,val,543,2696,0,2323,837,0
10,val,544,757,1,1832,12,0
10,val,545,2374,1,810,3,0
10,val,546,1291,4,1409,63,0
10,val,547,1565,5,926,1,0
10,val,548,2670,0,1950,174,0
10,val,549,79,2,984,335,0
10,val,550,718,5,717,1787,0
10,val,551,1356,0,879,188,0
10,val,552,427,5,390,1,0
10,val,553,12,1,2431,5,0
10,val,554,1500,1,2694,6,0
10,val,555,422,1,621,4,0
10,val,556,912,1,64,9,0
10,val,557,1373,5,807,6,0
10,val,558,941,5,2153,6,0
10,val,559,1612,0,432,1545,0
10,val,560,1544,1,1249,3,0
10,val,561,223,1,2088,10,0
10,val,562,84,1,1552,2,0
10,val,563,2135,0,38,368,0
10,val,564,700,2,2427,299,0
10,val,565,2655,1,2398,2571,0
10,val,566,91,2,770,1,0
10,val,567,1444,1,1443,1,0
10,val,568,2115,4,1880,602,0
10,val,569,1135,1,174,5,0
10,val,570,253,1,2324,1,0
10,val,571,290,0,452,117,0
10,val,572,2673,5,1401,2,0
10,val,573,724,1,169,3,0
10,val,574,2485,0,18,284,0
10,val,575,2221,1,2536,3,0
10,val,576,1392,1,1380,3,0
10,val,577,1830,1,1746,6,0
10,val,578,2031,0,2663,162,0
10,val,579,1941,4,2612,30,0
10,val,580,2297,4,2449,66,0
10,val,581,2437,1,662,2,0
10,val,582,176,1,2321,5,0
10,val,583,546,4,2022,50,0
10,val,584,1890,1,943,2,0
10,val,585,1624,0,791,82,0
10,val,586,1991,1,990,4,0
10,val,587,361,0,2323,826,0
10,val,588,1248,0,230,45,0
10,val,589,21,1,2451,798,0
10,val,590,1941,0,240,1737,0
10,val,591,629,1,2060,2,0
10,val,592,1824,0,2260,514,0
10,val,593,1473,1,813,10,0
10,val,594,136,0,222,84,0
10,val,595,597,2,1243,2103,0
10,val,596,708,1,1863,402,0
10,val,597,42,4,483,103,0
10,val,598,1593,1,543,2,0
10,val,599,696,0,1216,152,0
10,val,600,1190,1,1189,3,0
10,val,601,372,0,983,9,0
10,val,602,23,1,829,3,0
10,val,603,8,5,309,2,0
10,val,604,1424,1,659,4,0
10,val,605,2124,1,1790,5,0
10,val,606,2222,1,1104,1,0
10,val,607,1338,1,2588,7,0
10,val,608,2335,1,143,3,0
10,val,609,1973,0,833,1448,0
10,val,610,765,1,764,5,0
10,val,611,1383,0,1922,130,0
10,val,612,691,0,2015,1,0
10,val,613,910,1,122,6,0
10,val,614,2267,1,972,9,0
10,val,615,1145,0,401,1244,0
10,val,616,751,0,983,22,0
10,val,617,176,1,1837,37,0
10,val,618,815,2,355,2207,0
10,val,619,983,0,64,26,0
10,val,620,999,4,2493,67,0
10,val,621,2023,1,1647,2,0
10,val,622,2294,3,1214,1410,0
10,val,623,376,1,736,6,0
10,val,624,1370,1,174,4,0
10,val,625,875,1,963,2,0
10,val,626,1171,5,1859,93,0
10,val,627,104,1,1726,1,0
10,val,628,2710,1,1281,1,0
10,val,629,1132,1,1116,3,0
10,val,630,2209,10,1026,1781,1
10,val,631,31,10,2313,2,1
10,val,632,1958,13,474,14,1
10,val,633,211,10,1751,14,1
10,val,634,395,10,1136,2,1
10,val,635,997,11,66,7,1
10,val,636,953,10,1196,3,1
10,val,637,577,9,2025,1,1
10,val,638,86,14,1168,1,1
10,val,639,79,10,2424,18,1
10,val,640,34,10,53,7,1
10,val,641,930,10,810,2,1
10,val,642,810,9,2411,1,1
10,val,643,2625,15,2386,749,1
10,val,644,1900,10,140,2520,1
10,val,645,2078,9,434,656,1
10,val,646,2166,9,2515,1753,1
10,val,647,676,10,1474,3,1
10,val,648,923,10,918,6,1
10,val,649,1098,10,552,5,1
10,val,650,849,10,2582,5,1
10,val,651,49,10,1397,12,1
10,val,652,662,10,2504,16,1
10,val,653,1389,10,2311,2,1
10,val,654,380,14,381,9,1
10,val,655,1862,10,1863,1,1
10,val,656,1399,10,2104,3,1
10,val,657,2633,11,1765,81,1
10,val,658,11,9,1722,1701,1
10,val,659,2457,10,1338,1251,1
10,val,660,42,12,2022,164,1
10,val,661,976,10,312,1,1
10,val,662,1809,9,2639,357,1
10,val,663,23,10,2133,2,1
10,val,664,357,10,396,3,1
10,val,665,1656,13,1185,312,1
10,val,666,1217,9,2619,1405,1
10,val,667,1270,10,2602,6,1
10,val,668,1830,11,79,18,1
10,val,669,25,10,952,987,1
10,val,670,519,9,906,412,1
10,val,671,1861,11,79,17,1
10,val,672,430,9,93,16,1
10,val,673,918,14,2674,118,1
10,val,674,143,9,1865,419,1
10,val,675,1836,10,826,17,1
10,val,676,2243,10,1205,1334,1
10,val,677,1431,10,1432,2,1
10,val,678,1018,9,1895,93,1
10,val,679,1149,11,1202,735,1
10,val,680,2300,10,34,2,1
10,val,681,173,10,1087,490,1
10,val,682,2512,10,285,2130,1
10,val,683,1806,10,943,1,1
10,val,684,1068,10,150,6,1
10,val,685,399,9,1123,1,1
10,val,686,2115,13,317,156,1
10,val,687,2013,10,363,2,1
10,val,688,143,9,1429,3,1
10,val,689,230,9,2497,1279,1
10,val,690,256,9,1930,718,1
10,val,691,620,10,2581,2,1
10,val,692,936,10,751,5,1
10,val,693,583,10,2012,5,1
10,val,694,1771,10,2653,98,1
10,val,695,1600,9,413,552,1
10,val,696,334,10,12,1,1
10,val,697,2132,14,671,6,1
10,val,698,2655,10,2398,2613,1
10,val,699,1467,13,2413,90,1
10,val,700,249,12,287,6,1
10,val,701,2054,10,1859,2,1
10,val,702,140,10,1900,1032,1
10,val,703,10,10,327,5,1
10,val,704,1806,10,862,2,1
10,val,705,2273,10,2614,19,1
10,val,706,225,10,1770,2,1
10,val,707,1260,10,1975,1,1
10,val,708,409,10,459,12,1
10,val,709,2516,9,1796,1678,1
10,val,710,102,10,54,5,1
10,val,711,810,9,5,47,1
10,val,712,62,10,2561,34,1
10,val,713,2142,10,797,1,1
10,val,714,2154,9,2299,930,1
10,val,715,1722,10,8,7,1
10,val,716,1087,10,173,2395,1
10,val,717,803,9,114,2231,1
10,val,718,847,10,848,1,1
10,val,719,1538,10,537,222,1
10,val,720,1502,9,871,958,1
10,val,721,1790,9,1391,1594,1
10,val,722,271,10,329,4,1
10,val,723,426,10,427,2,1
10,val,724,665,10,295,3,1
10,val,725,439,10,1705,5,1
10,val,726,561,9,1860,2340,1
10,val,727,1765,11,764,2383,1
10,val,728,2599,10,1016,1,1
10,val,729,1075,10,641,2,1
10,val,730,932,9,139,690,1
10,val,731,12,9,2421,53,1
10,val,732,151,10,452,17,1
10,val,733,1613,14,1472,159,1
10,val,734,1621,11,997,16,1
10,val,735,978,10,1230,3,1
10,val,736,29,10,1280,9,1
10,val,737,1504,10,2092,4,1
10,val,738,1319,10,2455,1203,1
10,val,739,211,10,2255,3,1
10,val,740,767,13,77,33,1
10,val,741,1952,10,150,9,1
10,val,742,2187,10,637,1,1
10,val,743,981,10,35,4,1
10,val,744,1235,9,1428,1624,1
10,val,745,928,13,1148,37,1
10,val,746,843,10,1056,4,1
10,val,747,1348,9,1230,1212,1
10,val,748,879,10,79,4,1
10,val,749,554,10,2519,3,1
10,val,750,283,9,631,16,1
10,val,751,1945,10,564,2,1
10,val,752,1136,10,1137,4,1
10,val,753,1641,9,738,1200,1
10,val,754,1190,10,2472,3,1
10,val,755,347,10,1245,6,1
10,val,756,64,10,672,45,1
10,val,757,1854,10,233,3,1
10,val,758,1964,10,1965,7,1
10,val,759,1661,9,1415,4,1
10,val,760,237,10,238,2,1
10,val,761,941,10,1999,11,1
10,val,762,969,9,2196,1768,1
10,val,763,1488,10,2384,3,1
10,val,764,912,10,462,1389,1
10,val,765,957,12,1896,596,1
10,val,766,849,10,1722,2,1
10,val,767,798,14,631,5,1
10,val,768,550,10,2456,8,1
10,val,769,660,10,1286,1,1
10,val,770,1353,10,2237,4,1
10,val,771,2611,10,1279,45,1
10,val,772,234,11,116,8,1
10,val,773,328,9,777,532,1
10,val,774,194,10,2134,5,1
10,val,775,494,9,2013,1966,1
10,val,776,1420,10,853,4,1
10,val,777,34,10,10,14,1
10,val,778,148,10,1710,3,1
10,val,779,561,10,215,3,1
10,val,780,468,10,1986,6,1
10,val,781,479,9,952,15,1
10,val,782,992,10,1859,3,1
10,val,783,1988,14,1569,100,1
10,val,784,525,9,756,718,1
10,val,785,461,10,140,30,1
10,val,786,2001,10,773,3,1
10,val,787,1722,9,1159,12,1
10,val,788,773,10,1859,6,1
10,val,789,490,9,1270,913,1
10,val,790,1814,9,1498,1,1
10,val,791,371,10,2260,2,1
10,val,792,315,10,1303,3,1
10,val,793,1319,10,1938,1,1
10,val,794,336,10,531,67,1
10,val,795,2535,9,147,901,1
10,val,796,1695,9,841,917,1
10,val,797,2614,9,2030,839,1
10,val,798,394,10,141,3,1
10,val,799,45,9,2197,8,1
10,val,800,2529,13,999,17,1
10,val,801,746,10,349,4,1
10,val,802,2042,9,1658,418,1
10,val,803,1538,9,1176,242,1
10,val,804,71,10,99,5,1
10,val,805,541,10,1196,2,1
10,val,806,1773,10,979,2,1
10,val,807,383,9,547,49,1
10,val,808,2074,10,556,2,1
10,val,809,2364,10,875,1,1
10,val,810,2687,9,2550,1512,1
10,val,811,55,10,148,2,1
10,val,812,1631,9,1180,1692,1
10,val,813,230,10,344,8,1
10,val,814,2195,10,1099,704,1
10,val,815,2069,10,1035,3,1
10,val,816,2664,10,595,1024,1
10,val,817,233,10,234,1,1
10,val,818,662,10,19,6,1
10,val,819,997,11,1620,370,1
10,val,820,480,9,1794,954,1
10,val,821,454,10,2641,1,1
10,val,822,459,10,2026,2,1
10,val,823,1691,10,371,4,1
10,val,824,1671,10,531,1,1
10,val,825,525,10,1829,6,1
10,val,826,221,10,601,5,1
10,val,827,1161,10,1916,1,1
10,val,828,417,10,618,6,1
10,val,829,2226,9,263,43,1
10,val,830,2559,10,938,1,1
10,val,831,62,9,2412,854,1
10,val,832,1005,10,809,5,1
10,val,833,1174,9,1753,1174,1
10,val,834,445,10,277,1536,1
10,val,835,2087,9,1432,476,1
10,val,836,187,10,1994,7,1
10,val,837,1601,13,68,74,1
10,val,838,1074,9,2580,1240,1
10,val,839,198,10,683,3,1
10,val,840,634,9,2434,1689,1
10,val,841,836,10,1756,3,1
10,val,842,1624,13,62,98,1
10,val,843,652,10,653,2,1
10,val,844,454,10,455,1,1
10,val,845,1494,10,1952,2,1
10,val,846,1325,10,832,2,1
10,val,847,377,9,2589,788,1
10,val,848,1197,9,2419,2249,1
10,val,849,1533,10,1928,5,1
10,val,850,668,10,1008,6,1
10,val,851,307,10,1755,27,1
10,val,852,429,10,250,5,1
10,val,853,595,10,602,1532,1
10,val,854,1682,9,1184,7,1
10,val,855,54,10,1256,10,1
10,val,856,1199,9,480,139,1
10,val,857,855,10,1171,3,1
10,val,858,456,13,2616,267,1
10,val,859,479,9,963,1,1
10,val,860,1684,10,435,2,1
10,val,861,32,10,2427,2,1
10,val,862,2543,10,2399,2,1
10,val,863,225,10,2344,3,1
10,val,864,2381,10,1449,3,1
10,val,865,1505,10,2284,2,1
10,val,866,110,9,881,1832,1
10,val,867,1783,14,330,1,1
10,val,868,2508,10,585,2,1
10,val,869,51,9,1969,802,1
10,val,870,1306,14,223,5,1
10,val,871,1724,9,2637,417,1
10,val,872,345,10,672,6,1
10,val,873,1933,10,912,2,1
10,val,874,1485,10,29,230,1
10,val,875,2452,9,699,2076,1
10,val,876,2343,13,791,7,1
10,val,877,514,11,2444,6,1
10,val,878,401,9,183,1342,1
10,val,879,1729,9,380,361,1
10,val,880,1707,10,997,4,1
10,val,881,983,9,312,133,1
10,val,882,620,13,546,4,1
10,val,883,2507,10,1366,515,1
10,val,884,1357,9,371,11,1
10,val,885,881,10,390,5,1
10,val,886,268,10,106,13,1
10,val,887,2144,10,941,673,1
10,val,888,692,9,114,2094,1
10,val,889,2496,9,687,187,1
10,val,890,261,10,133,1,1
10,val,891,143,9,659,20,1
10,val,892,1049,9,783,341,1
10,val,893,88,9,612,617,1
10,val,894,39,10,1705,10,1
10,val,895,962,10,1826,6,1
10,val,896,24,10,25,5,1
10,val,897,2604,13,1255,3,1
10,val,898,1596,9,1348,108,1
10,val,899,2249,10,2250,5,1
10,val,900,853,10,1420,14,1
10,val,901,2220,10,2056,2319,1
10,val,902,344,9,103,2115,1
10,val,903,888,9,2231,2045,1
10,val,904,1347,9,595,1341,1
10,val,905,366,10,39,1,1
10,val,906,1186,9,1165,56,1
10,val,907,673,10,674,2,1
10,val,908,1611,10,1402,2,1
10,val,909,1199,9,528,2221,1
10,val,910,1857,10,1104,1,1
10,val,911,545,9,1266,2180,1
10,val,912,1,9,2695,1890,1
10,val,913,2458,13,868,931,1
10,val,914,158,10,1654,2,1
10,val,915,939,10,940,1,1
10,val,916,453,10,192,13,1
10,val,917,336,10,115,3,1
10,val,918,1631,9,450,938,1
10,val,919,2525,10,1367,2,1
10,val,920,2304,9,239,2463,1
10,val,921,83,10,713,2,1
10,val,922,1906,11,569,2,1
10,val,923,29,10,1191,4,1
10,val,924,2256,9,112,781,1
10,val,925,1299,10,1494,13,1
10,val,926,583,10,1753,5,1
10,val,927,586,10,2185,3,1
10,val,928,2301,10,1281,2,1
10,val,929,212,10,1259,3,1
10,val,930,991,10,971,6,1
10,val,931,469,10,85,3,1
10,val,932,357,9,2514,1360,1
10,val,933,1814,10,986,5,1
10,val,934,971,10,1367,9,1
10,val,935,1060,10,401,1,1
10,val,936,2658,9,2549,867,1
10,val,937,1620,11,1621,6,1
10,val,938,2146,13,474,14,1
10,val,939,371,9,2564,1804,1
10,val,940,141,9,2608,991,1
10,val,941,25,10,1609,4,1
10,val,942,1199,9,1974,2099,1
10,val,943,2122,10,2624,11,1
10,val,944,1217,9,2338,826,1
10,val,945,383,9,339,16,1
10,val,946,2013,10,2207,4,1
10,val,947,115,10,116,19,1
10,val,948,2369,10,2370,4,1
10,val,949,328,10,1574,12,1
10,val,950,472,14,717,554,1
10,val,951,960,10,1566,3,1
10,val,952,1373,14,807,32,1
10,val,953,2056,10,2220,596,1
10,val,954,2489,10,2008,1,1
10,val,955,598,10,1057,4,1
10,val,956,146,10,147,4,1
10,val,957,1732,9,2547,1455,1
10,val,958,189,10,1037,2,1
10,val,959,1708,10,1489,2,1
10,val,960,1523,10,826,13,1
10,val,961,81,11,719,2,1
10,val,962,1029,10,1030,3,1
10,val,963,687,10,1992,2,1
10,val,964,2181,10,936,4,1
10,val,965,1066,9,2644,54,1
10,val,966,551,10,1939,5,1
10,val,967,2607,10,1054,2,1
10,val,968,1284,10,1024,4,1
10,val,969,2223,13,791,10,1
10,val,970,2132,10,1092,5,1
10,val,971,2020,10,598,4,1
10,val,972,388,10,1065,11,1
10,val,973,1620,11,997,290,1
10,val,974,2401,10,146,554,1
10,val,975,971,14,689,10,1
10,val,976,1358,9,2388,61,1
10,val,977,2600,10,1328,2,1
10,val,978,2674,14,918,203,1
10,val,979,1423,10,2511,1,1
10,val,980,2143,10,2144,1,1
10,val,981,891,11,1097,17,1
10,val,982,1834,11,2085,4,1
10,val,983,2056,9,1877,859,1
10,val,984,2467,9,1127,445,1
10,val,985,2481,10,2482,2,1
10,val,986,1551,10,83,3,1
10,val,987,164,9,666,920,1
10,val,988,1167,10,1635,3,1
10,val,989,530,10,416,9,1
10,val,990,1634,9,1294,349,1
10,val,991,594,10,595,3,1
10,val,992,741,10,2665,4,1
10,val,993,1211,9,538,1,1
10,val,994,258,10,23,8,1
10,val,995,2606,10,151,2,1
10,val,996,2692,9,779,2357,1
10,val,997,518,14,1734,4,1
10,val,998,150,10,991,10,1
10,val,999,1641,10,458,2,1
10,val,1000,83,10,1551,1,1
10,val,1001,126,10,2680,2,1
10,val,1002,377,9,910,880,1
10,val,1003,514,11,1032,8,1
10,val,1004,2079,13,2115,66,1
10,val,1005,2688,10,1984,2,1
10,val,1006,221,14,963,10,1
10,val,1007,2347,9,145,602,1
10,val,1008,1437,9,1203,1588,1
10,val,1009,1545,13,499,30,1
10,val,1010,834,9,1679,1244,1
10,val,1011,1265,10,51,4,1
10,val,1012,2201,12,664,999,1
10,val,1013,2157,9,2123,404,1
10,val,1014,832,9,217,1507,1
10,val,1015,4,10,2514,3,1
10,val,1016,1775,10,1623,1,1
10,val,1017,602,10,595,416,1
10,val,1018,499,13,868,938,1
10,val,1019,790,10,1225,5,1
10,val,1020,1959,13,1583,535,1
10,val,1021,634,9,425,664,1
10,val,1022,62,9,243,2287,1
10,val,1023,875,10,523,2,1
10,val,1024,1930,10,2662,1,1
10,val,1025,85,10,385,3,1
10,val,1026,858,10,714,5,1
10,val,1027,95,10,2638,13,1
10,val,1028,1177,10,1397,3,1
10,val,1029,1814,10,2657,7,1
10,val,1030,2013,10,1953,2,1
10,val,1031,2036,10,371,4,1
10,val,1032,176,10,2696,3,1
10,val,1033,2260,10,2456,1,1
10,val,1034,1,9,1546,258,1
10,val,1035,1888,12,992,223,1
10,val,1036,2624,10,2122,811,1
10,val,1037,963,10,222,1,1
10,val,1038,1828,10,875,2,1
10,val,1039,172,10,462,13,1
10,val,1040,658,10,659,1,1
10,val,1041,2360,13,646,823,1
10,val,1042,2184,13,655,6,1
10,val,1043,23,10,829,2,1
10,val,1044,1099,10,2195,53,1
10,val,1045,1299,10,1963,6,1
10,val,1046,45,10,2197,3,1
10,val,1047,1348,9,2015,1171,1
10,val,1048,1647,10,616,5,1
10,val,1049,2702,10,60,1,1
10,val,1050,930,9,2433,2455,1
10,val,1051,328,9,2014,155,1
10,val,1052,545,10,2673,10,1
10,val,1053,1694,13,1262,1439,1
10,val,1054,2518,9,32,1534,1
10,val,1055,1044,10,1045,2,1
10,val,1056,138,10,158,2,1
10,val,1057,269,10,2257,3,1
10,val,1058,1239,9,1388,2433,1
10,val,1059,625,9,1898,1027,1
10,val,1060,1196,10,541,2,1
10,val,1061,2301,10,2434,3,1
10,val,1062,2473,10,990,808,1
10,val,1063,462,10,912,283,1
10,val,1064,2103,10,611,6,1
10,val,1065,1570,10,799,5,1
10,val,1066,1957,9,1757,1449,1
10,val,1067,1256,10,898,10,1
10,val,1068,240,9,77,232,1
10,val,1069,1825,10,1717,1,1
10,val,1070,768,10,2418,12,1
10,val,1071,1769,10,952,1062,1
10,val,1072,1317,10,1059,2,1
10,val,1073,1444,10,1028,1314,1
10,val,1074,1338,10,1689,2,1
10,val,1075,1157,10,1437,5,1
10,val,1076,4,10,2679,7,1
10,val,1077,28,10,205,3,1
10,val,1078,1357,9,376,233,1
10,val,1079,789,9,2058,3,1
10,val,1080,1569,14,1988,1,1
10,val,1081,1578,10,2231,1,1
10,val,1082,1456,9,377,576,1
10,val,1083,673,10,1060,1,1
10,val,1084,1963,10,1299,2,1
10,val,1085,2620,9,2033,1542,1
10,val,1086,472,10,1590,5,1
10,val,1087,418,10,419,3,1
10,val,1088,2096,10,1193,8,1
10,val,1089,242,10,1393,9,1
10,val,1090,1399,10,746,3,1
10,val,1091,863,10,2153,3,1
10,val,1092,2693,14,1176,251,1
10,val,1093,579,10,2119,6,1
10,val,1094,467,10,882,8,1
10,val,1095,1154,9,2646,1970,1
10,val,1096,1899,10,467,2,1
10,val,1097,522,10,523,2,1
10,val,1098,311,10,20,4,1
10,val,1099,210,10,211,2,1
10,val,1100,478,9,2638,1874,1
10,val,1101,2065,14,1640,13,1
10,val,1102,359,14,2389,17,1
10,val,1103,1213,10,991,4,1
10,val,1104,1902,10,196,1,1
10,val,1105,2073,10,557,2,1
10,val,1106,401,9,980,233,1
10,val,1107,1975,10,1260,1,1
10,val,1108,2391,9,2074,1895,1
10,val,1109,1586,9,509,812,1
10,val,1110,380,10,1236,23,1
10,val,1111,94,9,2573,1595,1
10,val,1112,879,9,1641,1196,1
10,val,1113,2307,10,1293,12,1
10,val,1114,559,10,211,8,1
10,val,1115,1321,10,18,2,1
10,val,1116,1461,9,471,679,1
10,val,1117,69,10,608,1,1
10,val,1118,1050,9,1245,953,1
10,val,1119,2708,10,97,5,1
10,val,1120,733,9,1931,375,1
10,val,1121,1853,9,1351,2372,1
10,val,1122,242,10,209,5,1
10,val,1123,569,9,2368,2,1
10,val,1124,135,9,984,468,1
10,val,1125,879,9,213,219,1
10,val,1126,21,10,2451,773,1
10,val,1127,794,9,2553,459,1
10,val,1128,481,10,482,2,1
10,val,1129,2348,12,2202,2699,1
10,val,1130,942,14,1496,1,1
10,val,1131,141,10,2334,14,1
10,val,1132,1702,10,1703,2,1
10,val,1133,294,10,2024,5,1
10,val,1134,565,9,2614,551,1
10,val,1135,370,10,230,4,1
10,val,1136,253,10,2324,1,1
10,val,1137,1157,10,378,7,1
10,val,1138,2084,10,1634,3,1
10,val,1139,1591,10,2382,5,1
10,val,1140,513,11,514,1,1
10,val,1141,1171,14,1859,123,1
10,val,1142,1626,10,333,2,1
10,val,1143,1730,13,1697,734,1
10,val,1144,597,11,1243,180,1
10,val,1145,2707,10,18,1,1
10,val,1146,457,9,2179,1300,1
10,val,1147,1971,9,2213,1848,1
10,val,1148,1074,10,1418,3,1
10,val,1149,2380,13,791,7,1
10,val,1150,1032,11,867,1458,1
10,val,1151,1202,10,202,9,1
10,val,1152,135,9,1896,4,1
10,val,1153,2214,9,48,418,1
10,val,1154,45,10,2459,5,1
10,val,1155,2349,9,2452,1436,1
10,val,1156,2116,10,1490,2133,1
10,val,1157,1186,9,2188,6,1
10,val,1158,2495,10,327,427,1
10,val,1159,403,9,2279,604,1
10,val,1160,1161,10,2420,1,1
10,val,1161,1087,16,1088,13,1
10,val,1162,1358,9,2292,65,1
10,val,1163,31,10,1662,2,1
10,val,1164,725,10,1080,6,1
10,val,1165,685,10,453,4,1
10,val,1166,844,10,1579,2,1
10,val,1167,1072,10,1501,3,1
10,val,1168,954,10,715,591,1
10,val,1169,1034,10,2102,3,1
10,val,1170,1436,9,2688,1,1
10,val,1171,438,11,1620,1431,1
10,val,1172,2533,9,222,190,1
10,val,1173,2323,9,2696,1651,1
10,val,1174,1832,10,757,2,1
10,val,1175,810,10,2374,4,1
10,val,1176,1409,13,1291,1668,1
10,val,1177,926,14,1565,7,1
10,val,1178,1950,9,2670,1689,1
10,val,1179,984,11,79,13,1
10,val,1180,717,14,718,443,1
10,val,1181,879,9,1356,20,1
10,val,1182,390,14,427,4,1
10,val,1183,2431,10,12,1,1
10,val,1184,2694,10,1500,3,1
10,val,1185,621,10,422,3,1
10,val,1186,64,10,912,4,1
10,val,1187,807,14,1373,2,1
10,val,1188,2153,14,941,4,1
10,val,1189,432,9,1612,1861,1
10,val,1190,1249,10,1544,3,1
10,val,1191,2088,10,223,4,1
10,val,1192,1552,10,84,2,1
10,val,1193,38,9,2135,1497,1
10,val,1194,2427,11,700,13,1
10,val,1195,2398,10,2655,137,1
10,val,1196,770,11,91,4,1
10,val,1197,1443,10,1444,1,1
10,val,1198,1880,13,2115,74,1
10,val,1199,174,10,1135,14,1
10,val,1200,2324,10,253,1,1
10,val,1201,452,9,290,926,1
10,val,1202,1401,14,2673,1,1
10,val,1203,169,10,724,5,1
10,val,1204,18,9,2485,3,1
10,val,1205,2536,10,2221,5,1
10,val,1206,1380,10,1392,4,1
10,val,1207,1746,10,1830,1,1
10,val,1208,2663,9,2031,484,1
10,val,1209,2612,13,1941,162,1
10,val,1210,2449,13,2297,1293,1
10,val,1211,662,10,2437,11,1
10,val,1212,2321,10,176,2,1
10,val,1213,2022,13,546,2,1
10,val,1214,943,10,1890,15,1
10,val,1215,791,9,1624,271,1
10,val,1216,990,10,1991,6,1
10,val,1217,2323,9,361,544,1
10,val,1218,230,9,1248,932,1
10,val,1219,2451,10,21,1399,1
10,val,1220,240,9,1941,205,1
10,val,1221,2060,10,629,1,1
10,val,1222,2260,9,1824,1169,1
10,val,1223,813,10,1473,7,1
10,val,1224,222,9,136,2479,1
10,val,1225,1243,11,597,233,1
10,val,1226,1863,10,708,707,1
10,val,1227,483,13,42,120,1
10,val,1228,543,10,1593,2,1
10,val,1229,1216,9,696,778,1
10,val,1230,1189,10,1190,2,1
10,val,1231,983,9,372,1803,1
10,val,1232,829,10,23,4,1
10,val,1233,309,14,8,1,1
10,val,1234,659,10,1424,4,1
10,val,1235,1790,10,2124,6,1
10,val,1236,1104,10,2222,2,1
10,val,1237,2588,10,1338,1261,1
10,val,1238,143,10,2335,21,1
10,val,1239,833,9,1973,1383,1
10,val,1240,764,10,765,4,1
10,val,1241,1922,9,1383,1639,1
10,val,1242,2015,9,691,2,1
10,val,1243,122,10,910,7,1
10,val,1244,972,10,2267,6,1
10,val,1245,401,9,1145,1233,1
10,val,1246,983,9,751,477,1
10,val,1247,1837,10,176,3,1
10,val,1248,355,11,815,594,1
10,val,1249,64,9,983,33,1
10,val,1250,2493,13,999,18,1
10,val,1251,1647,10,2023,7,1
10,val,1252,1214,12,2294,1800,1
10,val,1253,736,10,376,2,1
10,val,1254,174,10,1370,18,1
10,val,1255,963,10,875,1,1
10,val,1256,1859,14,1171,11,1
10,val,1257,1726,10,104,1,1
10,val,1258,1281,10,2710,3,1
10,val,1259,1116,10,1132,2,1
10,test,0,509,7,573,18,0
10,test,1,16,1,18,5,0
10,test,2,537,1,316,3,0
10,test,3,125,2,391,4,0
10,test,4,15,1,98,7,0
10,test,5,179,1,761,2,0
10,test,6,829,1,310,1,0
10,test,7,634,1,674,3,0
10,test,8,44,1,52,2,0
10,test,9,771,1,786,4,0
10,test,10,196,1,655,6,0
10,test,11,477,1,51,2,0
10,test,12,42,1,101,7,0
10,test,13,18,1,12,5,0
10,test,14,375,1,374,7,0
10,test,15,354,1,341,1,0
10,test,16,137,1,206,37,0
10,test,17,483,1,19,2,0
10,test,18,816,1,102,3,0
10,test,19,288,1,618,3,0
10,test,20,485,1,106,137,0
10,test,21,12,1,18,2,0
10,test,22,130,1,134,2,0
10,test,23,332,1,208,3,0
10,test,24,136,0,292,384,0
10,test,25,383,1,47,5,0
10,test,26,90,1,89,3,0
10,test,27,744,0,412,84,0
10,test,28,582,0,697,532,0
10,test,29,331,1,878,1,0
10,test,30,151,1,318,5,0
10,test,31,151,1,354,5,0
10,test,32,637,1,747,2,0
10,test,33,652,0,484,307,0
10,test,34,124,1,581,1,0
10,test,35,470,1,817,3,0
10,test,36,765,1,213,3,0
10,test,37,710,1,52,1,0
10,test,38,521,1,226,3,0
10,test,39,553,1,192,2,0
10,test,40,11,1,10,1,0
10,test,41,52,1,295,6,0
10,test,42,31,0,717,7,0
10,test,43,890,1,573,5,0
10,test,44,603,1,203,1,0
10,test,45,375,1,437,7,0
10,test,46,226,1,222,5,0
10,test,47,573,1,890,12,0
10,test,48,24,1,603,4,0
10,test,49,743,1,129,2,0
10,test,50,441,1,836,54,0
10,test,51,395,2,642,2,0
10,test,52,514,0,301,22,0
10,test,53,760,1,759,2,0
10,test,54,552,1,100,2,0
10,test,55,155,1,322,6,0
10,test,56,268,1,601,5,0
10,test,57,310,1,863,8,0
10,test,58,341,0,151,5,0
10,test,59,330,2,104,10,0
10,test,60,180,1,761,4,0
10,test,61,81,1,144,2,0
10,test,62,384,1,628,27,0
10,test,63,195,1,304,7,0
10,test,64,187,1,15,3,0
10,test,65,170,1,712,93,0
10,test,66,815,1,608,2,0
10,test,67,465,1,32,668,0
10,test,68,565,1,277,3,0
10,test,69,665,0,604,378,0
10,test,70,452,2,451,128,0
10,test,71,369,1,897,7,0
10,test,72,161,1,765,2,0
10,test,73,391,2,272,9,0
10,test,74,766,1,183,2,0
10,test,75,270,1,178,56,0
10,test,76,37,1,522,4,0
10,test,77,310,0,6,5,0
10,test,78,178,1,152,7,0
10,test,79,524,1,163,5,0
10,test,80,600,1,296,4,0
10,test,81,744,1,801,3,0
10,test,82,653,1,509,2,0
10,test,83,438,1,158,5,0
10,test,84,292,1,702,4,0
10,test,85,24,1,497,4,0
10,test,86,50,1,185,6,0
10,test,87,477,1,639,2,0
10,test,88,15,1,187,2,0
10,test,89,772,1,735,1,0
10,test,90,831,1,189,1,0
10,test,91,262,0,221,133,0
10,test,92,561,1,329,5,0
10,test,93,904,1,590,1,0
10,test,94,297,2,350,4,0
10,test,95,9,1,51,2,0
10,test,96,15,1,277,818,0
10,test,97,47,2,118,8,0
10,test,98,697,0,38,323,0
10,test,99,650,2,649,6,0
10,test,100,99,1,78,1,0
10,test,101,688,1,687,4,0
10,test,102,203,1,603,2,0
10,test,103,725,1,252,8,0
10,test,104,849,1,562,1,0
10,test,105,685,1,359,7,0
10,test,106,344,0,843,27,0
10,test,107,243,1,538,4,0
10,test,108,250,1,455,64,0
10,test,109,82,1,838,7,0
10,test,110,707,1,456,1,0
10,test,111,23,0,911,49,0
10,test,112,219,1,139,2,0
10,test,113,653,0,861,107,0
10,test,114,917,1,210,3,0
10,test,115,802,1,649,40,0
10,test,116,445,1,597,277,0
10,test,117,129,1,323,8,0
10,test,118,155,1,154,6,0
10,test,119,80,1,66,6,0
10,test,120,78,1,683,7,0
10,test,121,637,1,351,2,0
10,test,122,102,1,291,4,0
10,test,123,799,1,390,2,0
10,test,124,755,1,82,2,0
10,test,125,664,5,339,1,0
10,test,126,725,1,494,3,0
10,test,127,604,1,281,4,0
10,test,128,23,1,496,1,0
10,test,129,369,1,300,7,0
10,test,130,828,1,723,3,0
10,test,131,256,0,546,50,0
10,test,132,755,0,15,23,0
10,test,133,471,1,4,6,0
10,test,134,80,1,115,7,0
10,test,135,850,0,480,439,0
10,test,136,74,1,629,3,0
10,test,137,461,1,338,1,0
10,test,138,692,1,358,1,0
10,test,139,530,1,501,214,0
10,test,140,159,1,686,4,0
10,test,141,483,0,38,409,0
10,test,142,811,1,725,5,0
10,test,143,479,1,151,4,0
10,test,144,267,1,601,1,0
10,test,145,371,1,58,2,0
10,test,146,889,0,227,24,0
10,test,147,854,4,121,17,0
10,test,148,672,1,50,2,0
10,test,149,639,1,477,35,0
10,test,150,117,1,116,1,0
10,test,151,607,1,606,2,0
10,test,152,315,1,369,3,0
10,test,153,900,0,879,129,0
10,test,154,160,1,181,5,0
10,test,155,13,1,508,3,0
10,test,156,339,1,682,1,0
10,test,157,189,1,188,2,0
10,test,158,140,1,139,5,0
10,test,159,205,1,74,1,0
10,test,160,212,0,797,356,0
10,test,161,251,0,613,41,0
10,test,162,344,1,435,2,0
10,test,163,887,1,170,81,0
10,test,164,277,1,884,33,0
10,test,165,329,0,849,375,0
10,test,166,303,1,195,2,0
10,test,167,455,2,406,14,0
10,test,168,296,1,600,5,0
10,test,169,759,1,580,29,0
10,test,170,370,1,83,2,0
10,test,171,710,1,296,1,0
10,test,172,702,1,292,4,0
10,test,173,787,1,22,6,0
10,test,174,89,2,691,7,0
10,test,175,98,0,550,708,0
10,test,176,118,5,57,4,0
10,test,177,4,1,562,2,0
10,test,178,525,0,111,118,0
10,test,179,534,1,313,4,0
10,test,180,143,1,192,1,0
10,test,181,263,1,813,15,0
10,test,182,437,1,673,7,0
10,test,183,701,1,484,3,0
10,test,184,451,1,16,6,0
10,test,185,106,1,485,17,0
10,test,186,529,1,595,5,0
10,test,187,434,1,741,1,0
10,test,188,573,16,509,23,1
10,test,189,18,10,16,5,1
10,test,190,316,10,537,4,1
10,test,191,391,11,125,2,1
10,test,192,98,10,15,8,1
10,test,193,761,10,179,1,1
10,test,194,310,10,829,8,1
10,test,195,674,10,634,4,1
10,test,196,52,10,44,6,1
10,test,197,786,10,771,3,1
10,test,198,655,10,196,1,1
10,test,199,51,10,477,4,1
10,test,200,101,10,42,3,1
10,test,201,12,10,18,2,1
10,test,202,374,10,375,4,1
10,test,203,341,10,354,4,1
10,test,204,206,10,137,10,1
10,test,205,19,10,483,5,1
10,test,206,102,10,816,6,1
10,test,207,618,10,288,11,1
10,test,208,106,10,485,18,1
10,test,209,18,10,12,5,1
10,test,210,134,10,130,2,1
10,test,211,208,10,332,6,1
10,test,212,292,9,136,128,1
10,test,213,47,10,383,2,1
10,test,214,89,10,90,2,1
10,test,215,412,9,744,293,1
10,test,216,697,9,582,315,1
10,test,217,878,10,331,1,1
10,test,218,318,10,151,2,1
10,test,219,354,10,151,1,1
10,test,220,747,10,637,1,1
10,test,221,484,9,652,778,1
10,test,222,581,10,124,3,1
10,test,223,817,10,470,2,1
10,test,224,213,10,765,5,1
10,test,225,52,10,710,5,1
10,test,226,226,10,521,6,1
10,test,227,192,10,553,2,1
10,test,228,10,10,11,4,1
10,test,229,295,10,52,1,1
10,test,230,717,9,31,3,1
10,test,231,573,10,890,17,1
10,test,232,203,10,603,1,1
10,test,233,437,10,375,3,1
10,test,234,222,10,226,1,1
10,test,235,890,10,573,6,1
10,test,236,603,10,24,1,1
10,test,237,129,10,743,9,1
10,test,238,836,10,441,57,1
10,test,239,642,11,395,4,1
10,test,240,301,9,514,89,1
10,test,241,759,10,760,3,1
10,test,242,100,10,552,2,1
10,test,243,322,10,155,9,1
10,test,244,601,10,268,3,1
10,test,245,863,10,310,2,1
10,test,246,151,9,341,2,1
10,test,247,104,11,330,14,1
10,test,248,761,10,180,4,1
10,test,249,144,10,81,2,1
10,test,250,628,10,384,781,1
10,test,251,304,10,195,3,1
10,test,252,15,10,187,2,1
10,test,253,712,10,170,306,1
10,test,254,608,10,815,4,1
10,test,255,32,10,465,614,1
10,test,256,277,10,565,4,1
10,test,257,604,9,665,143,1
10,test,258,451,11,452,6,1
10,test,259,897,10,369,1,1
10,test,260,765,10,161,5,1
10,test,261,272,11,391,9,1
10,test,262,183,10,766,4,1
10,test,263,178,10,270,274,1
10,test,264,522,10,37,4,1
10,test,265,6,9,310,11,1
10,test,266,152,10,178,4,1
10,test,267,163,10,524,3,1
10,test,268,296,10,600,5,1
10,test,269,801,10,744,7,1
10,test,270,509,10,653,4,1
10,test,271,158,10,438,2,1
10,test,272,702,10,292,5,1
10,test,273,497,10,24,1,1
10,test,274,185,10,50,5,1
10,test,275,639,10,477,50,1
10,test,276,187,10,15,3,1
10,test,277,735,10,772,4,1
10,test,278,189,10,831,3,1
10,test,279,221,9,262,742,1
10,test,280,329,10,561,4,1
10,test,281,590,10,904,1,1
10,test,282,350,11,297,7,1
10,test,283,51,10,9,2,1
10,test,284,277,10,15,78,1
10,test,285,118,11,47,1,1
10,test,286,38,9,697,22,1
10,test,287,649,11,650,5,1
10,test,288,78,10,99,9,1
10,test,289,687,10,688,7,1
10,test,290,603,10,203,1,1
10,test,291,252,10,725,1,1
10,test,292,562,10,849,5,1
10,test,293,359,10,685,3,1
10,test,294,843,9,344,176,1
10,test,295,538,10,243,4,1
10,test,296,455,10,250,9,1
10,test,297,838,10,82,2,1
10,test,298,456,10,707,2,1
10,test,299,911,9,23,526,1
10,test,300,139,10,219,1,1
10,test,301,861,9,653,477,1
10,test,302,210,10,917,5,1
10,test,303,649,10,802,286,1
10,test,304,597,10,445,564,1
10,test,305,323,10,129,2,1
10,test,306,154,10,155,5,1
10,test,307,66,10,80,4,1
10,test,308,683,10,78,4,1
10,test,309,351,10,637,1,1
10,test,310,291,10,102,3,1
10,test,311,390,10,799,2,1
10,test,312,82,10,755,6,1
10,test,313,339,14,664,2,1
10,test,314,494,10,725,3,1
10,test,315,281,10,604,5,1
10,test,316,496,10,23,5,1
10,test,317,300,10,369,1,1
10,test,318,723,10,828,2,1
10,test,319,546,9,256,404,1
10,test,320,15,9,755,1,1
10,test,321,4,10,471,2,1
10,test,322,115,10,80,2,1
10,test,323,480,9,850,445,1
10,test,324,629,10,74,2,1
10,test,325,338,10,461,3,1
10,test,326,358,10,692,6,1
10,test,327,501,10,530,485,1
10,test,328,686,10,159,7,1
10,test,329,38,9,483,598,1
10,test,330,725,10,811,5,1
10,test,331,151,10,479,2,1
10,test,332,601,10,267,3,1
10,test,333,58,10,371,1,1
10,test,334,227,9,889,146,1
10,test,335,121,13,854,69,1
10,test,336,50,10,672,12,1
10,test,337,477,10,639,1,1
10,test,338,116,10,117,3,1
10,test,339,606,10,607,5,1
10,test,340,369,10,315,2,1
10,test,341,879,9,900,110,1
10,test,342,181,10,160,5,1
10,test,343,508,10,13,5,1
10,test,344,682,10,339,2,1
10,test,345,188,10,189,3,1
10,test,346,139,10,140,1,1
10,test,347,74,10,205,4,1
10,test,348,797,9,212,209,1
10,test,349,613,9,251,730,1
10,test,350,435,10,344,3,1
10,test,351,170,10,887,13,1
10,test,352,884,10,277,722,1
10,test,353,849,9,329,114,1
10,test,354,195,10,303,2,1
10,test,355,406,11,455,61,1
10,test,356,600,10,296,4,1
10,test,357,580,10,759,47,1
10,test,358,83,10,370,1,1
10,test,359,296,10,710,10,1
10,test,360,292,10,702,4,1
10,test,361,22,10,787,3,1
10,test,362,691,11,89,9,1
10,test,363,550,9,98,849,1
10,test,364,57,14,118,55,1
10,test,365,562,10,4,3,1
10,test,366,111,9,525,247,1
10,test,367,313,10,534,3,1
10,test,368,192,10,143,2,1
10,test,369,813,10,263,41,1
10,test,370,673,10,437,5,1
10,test,371,484,10,701,6,1
10,test,372,16,10,451,5,1
10,test,373,485,10,106,133,1
10,test,374,595,10,529,1,1
10,test,375,741,10,434,1,1
15,val,0,1026,1,2209,521,0
15,val,1,2313,1,31,1,0
15,val,2,474,4,1958,14,0
15,val,3,1751,1,211,2,0
15,val,4,1136,1,395,3,0
15,val,5,66,2,997,22,0
15,val,6,1196,1,953,4,0
15,val,7,2025,0,577,3,0
15,val,8,1168,5,86,1,0
15,val,9,2424,1,79,3,0
15,val,10,53,1,34,5,0
15,val,11,810,1,930,7,0
15,val,12,2411,0,810,1,0
15,val,13,2386,6,2625,77,0
15,val,14,140,1,1900,1142,0
15,val,15,434,0,2078,252,0
15,val,16,2515,0,2166,236,0
15,val,17,1474,1,676,2,0
15,val,18,918,1,923,2,0
15,val,19,552,1,1098,4,0
15,val,20,2582,1,849,3,0
15,val,21,1397,1,49,6,0
15,val,22,2504,1,662,1,0
15,val,23,2311,1,1389,1,0
15,val,24,381,5,380,1,0
15,val,25,1863,1,1862,2,0
15,val,26,2104,1,1399,2,0
15,val,27,1765,2,2633,3,0
15,val,28,1722,0,11,418,0
15,val,29,1338,1,2457,68,0
15,val,30,2022,3,42,94,0
15,val,31,312,1,976,1,0
15,val,32,2639,0,1809,160,0
15,val,33,2133,1,23,7,0
15,val,34,396,1,357,2,0
15,val,35,1185,4,1656,113,0
15,val,36,2619,0,1217,31,0
15,val,37,2602,1,1270,1,0
15,val,38,79,2,1830,347,0
15,val,39,952,1,25,1051,0
15,val,40,906,0,519,387,0
15,val,41,79,2,1861,2136,0
15,val,42,93,0,430,7,0
15,val,43,2674,5,918,151,0
15,val,44,1865,0,143,26,0
15,val,45,826,1,1836,2,0
15,val,46,1205,1,2243,6,0
15,val,47,1432,1,1431,1,0
15,val,48,1895,0,1018,168,0
15,val,49,1202,2,1149,97,0
15,val,50,34,1,2300,15,0
15,val,51,1087,1,173,2380,0
15,val,52,285,1,2512,16,0
15,val,53,943,1,1806,4,0
15,val,54,150,1,1068,1,0
15,val,55,1123,0,399,3,0
15,val,56,317,4,2115,171,0
15,val,57,363,1,2013,5,0
15,val,58,1429,0,143,6,0
15,val,59,2497,0,230,42,0
15,val,60,1930,0,256,1416,0
15,val,61,2581,1,620,1,0
15,val,62,751,1,936,2,0
15,val,63,2012,1,583,1,0
15,val,64,2653,1,1771,1186,0
15,val,65,413,0,1600,45,0
15,val,66,12,1,334,7,0
15,val,67,671,5,2132,1,0
15,val,68,2398,1,2655,150,0
15,val,69,2413,4,1467,2001,0
15,val,70,287,3,249,16,0
15,val,71,1859,1,2054,7,0
15,val,72,1900,1,140,1878,0
15,val,73,327,1,10,5,0
15,val,74,862,1,1806,3,0
15,val,75,2614,1,2273,12,0
15,val,76,1770,1,225,2,0
15,val,77,1975,1,1260,1,0
15,val,78,459,1,409,2,0
15,val,79,1796,0,2516,552,0
15,val,80,54,1,102,8,0
15,val,81,5,0,810,1,0
15,val,82,2561,1,62,5,0
15,val,83,797,1,2142,10,0
15,val,84,2299,0,2154,1139,0
15,val,85,8,1,1722,8,0
15,val,86,173,1,1087,458,0
15,val,87,114,0,803,993,0
15,val,88,848,1,847,4,0
15,val,89,537,1,1538,344,0
15,val,90,871,0,1502,679,0
15,val,91,1391,0,1790,725,0
15,val,92,329,1,271,1,0
15,val,93,427,1,426,7,0
15,val,94,295,1,665,1,0
15,val,95,1705,1,439,3,0
15,val,96,1860,0,561,399,0
15,val,97,764,2,1765,160,0
15,val,98,1016,1,2599,4,0
15,val,99,641,1,1075,15,0
15,val,100,139,0,932,143,0
15,val,101,2421,0,12,35,0
15,val,102,452,1,151,3,0
15,val,103,1472,5,1613,1,0
15,val,104,997,2,1621,6,0
15,val,105,1230,1,978,1,0
15,val,106,1280,1,29,4,0
15,val,107,2092,1,1504,1,0
15,val,108,2455,1,1319,72,0
15,val,109,2255,1,211,2,0
15,val,110,77,4,767,1075,0
15,val,111,150,1,1952,5,0
15,val,112,637,1,2187,2,0
15,val,113,35,1,981,6,0
15,val,114,1428,0,1235,18,0
15,val,115,1148,4,928,16,0
15,val,116,1056,1,843,2,0
15,val,117,1230,0,1348,52,0
15,val,118,79,1,879,5,0
15,val,119,2519,1,554,1,0
15,val,120,631,0,283,44,0
15,val,121,564,1,1945,4,0
15,val,122,1137,1,1136,6,0
15,val,123,738,0,1641,1284,0
15,val,124,2472,1,1190,2,0
15,val,125,1245,1,347,5,0
15,val,126,672,1,64,369,0
15,val,127,233,1,1854,5,0
15,val,128,1965,1,1964,2,0
15,val,129,1415,0,1661,4,0
15,val,130,238,1,237,4,0
15,val,131,1999,1,941,6,0
15,val,132,2196,0,969,15,0
15,val,133,2384,1,1488,6,0
15,val,134,462,1,912,254,0
15,val,135,1896,3,957,673,0
15,val,136,1722,1,849,7,0
15,val,137,631,5,798,1,0
15,val,138,2456,1,550,2,0
15,val,139,1286,1,660,1,0
15,val,140,2237,1,1353,2,0
15,val,141,1279,1,2611,7,0
15,val,142,116,2,234,1,0
15,val,143,777,0,328,23,0
15,val,144,2134,1,194,6,0
15,val,145,2013,0,494,213,0
15,val,146,853,1,1420,15,0
15,val,147,10,1,34,9,0
15,val,148,1710,1,148,3,0
15,val,149,215,1,561,2,0
15,val,150,1986,1,468,2,0
15,val,151,952,0,479,41,0
15,val,152,1859,1,992,11,0
15,val,153,1569,5,1988,2,0
15,val,154,756,0,525,920,0
15,val,155,140,1,461,4,0
15,val,156,773,1,2001,3,0
15,val,157,1159,0,1722,36,0
15,val,158,1859,1,773,6,0
15,val,159,1270,0,490,310,0
15,val,160,1498,0,1814,2,0
15,val,161,2260,1,371,7,0
15,val,162,1303,1,315,2,0
15,val,163,1938,1,1319,2,0
15,val,164,531,1,336,108,0
15,val,165,147,0,2535,368,0
15,val,166,841,0,1695,152,0
15,val,167,2030,0,2614,664,0
15,val,168,141,1,394,4,0
15,val,169,2197,0,45,64,0
15,val,170,999,4,2529,10,0
15,val,171,349,1,746,4,0
15,val,172,1658,0,2042,198,0
15,val,173,1176,0,1538,373,0
15,val,174,99,1,71,4,0
15,val,175,1196,1,541,4,0
15,val,176,979,1,1773,7,0
15,val,177,547,0,383,4,0
15,val,178,556,1,2074,1,0
15,val,179,875,1,2364,8,0
15,val,180,2550,0,2687,121,0
15,val,181,148,1,55,2,0
15,val,182,1180,0,1631,107,0
15,val,183,344,1,230,6,0
15,val,184,1099,1,2195,24,0
15,val,185,1035,1,2069,10,0
15,val,186,595,1,2664,8,0
15,val,187,234,1,233,2,0
15,val,188,19,1,662,7,0
15,val,189,1620,2,997,14,0
15,val,190,1794,0,480,73,0
15,val,191,2641,1,454,1,0
15,val,192,2026,1,459,2,0
15,val,193,371,1,1691,4,0
15,val,194,531,1,1671,2,0
15,val,195,1829,1,525,1,0
15,val,196,601,1,221,4,0
15,val,197,1916,1,1161,4,0
15,val,198,618,1,417,8,0
15,val,199,263,0,2226,104,0
15,val,200,938,1,2559,17,0
15,val,201,2412,0,62,2,0
15,val,202,809,1,1005,3,0
15,val,203,1753,0,1174,15,0
15,val,204,277,1,445,180,0
15,val,205,1432,0,2087,508,0
15,val,206,1994,1,187,6,0
15,val,207,68,4,1601,373,0
15,val,208,2580,0,1074,728,0
15,val,209,683,1,198,6,0
15,val,210,2434,0,634,954,0
15,val,211,1756,1,836,1,0
15,val,212,62,4,1624,674,0
15,val,213,653,1,652,4,0
15,val,214,455,1,454,1,0
15,val,215,1952,1,1494,2,0
15,val,216,832,1,1325,2,0
15,val,217,2589,0,377,203,0
15,val,218,2419,0,1197,1369,0
15,val,219,1928,1,1533,4,0
15,val,220,1008,1,668,4,0
15,val,221,1755,1,307,151,0
15,val,222,250,1,429,3,0
15,val,223,602,1,595,154,0
15,val,224,1184,0,1682,115,0
15,val,225,1256,1,54,8,0
15,val,226,480,0,1199,23,0
15,val,227,1171,1,855,1,0
15,val,228,2616,4,456,1014,0
15,val,229,963,0,479,1,0
15,val,230,435,1,1684,2,0
15,val,231,2427,1,32,4,0
15,val,232,2399,1,2543,3,0
15,val,233,2344,1,225,1,0
15,val,234,1449,1,2381,2,0
15,val,235,2284,1,1505,1,0
15,val,236,881,0,110,41,0
15,val,237,330,5,1783,1,0
15,val,238,585,1,2508,4,0
15,val,239,1969,0,51,1996,0
15,val,240,223,5,1306,2,0
15,val,241,2637,0,1724,441,0
15,val,242,672,1,345,60,0
15,val,243,912,1,1933,7,0
15,val,244,29,1,1485,27,0
15,val,245,699,0,2452,1092,0
15,val,246,791,4,2343,13,0
15,val,247,2444,2,514,1,0
15,val,248,183,0,401,1250,0
15,val,249,380,0,1729,349,0
15,val,250,997,1,1707,4,0
15,val,251,312,0,983,6,0
15,val,252,546,4,620,17,0
15,val,253,1366,1,2507,43,0
15,val,254,371,0,1357,242,0
15,val,255,390,1,881,5,0
15,val,256,106,1,268,1,0
15,val,257,941,1,2144,302,0
15,val,258,114,0,692,306,0
15,val,259,687,0,2496,747,0
15,val,260,133,1,261,4,0
15,val,261,659,0,143,23,0
15,val,262,783,0,1049,313,0
15,val,263,612,0,88,327,0
15,val,264,1705,1,39,2,0
15,val,265,1826,1,962,1,0
15,val,266,25,1,24,5,0
15,val,267,1255,4,2604,8,0
15,val,268,1348,0,1596,49,0
15,val,269,2250,1,2249,1,0
15,val,270,1420,1,853,3,0
15,val,271,2056,1,2220,358,0
15,val,272,103,0,344,58,0
15,val,273,2231,0,888,1290,0
15,val,274,595,0,1347,561,0
15,val,275,39,1,366,5,0
15,val,276,1165,0,1186,2,0
15,val,277,674,1,673,2,0
15,val,278,1402,1,1611,1,0
15,val,279,528,0,1199,27,0
15,val,280,1104,1,1857,2,0
15,val,281,1266,0,545,524,0
15,val,282,2695,0,1,545,0
15,val,283,868,4,2458,78,0
15,val,284,1654,1,158,2,0
15,val,285,940,1,939,8,0
15,val,286,192,1,453,2,0
15,val,287,115,1,336,13,0
15,val,288,450,0,1631,105,0
15,val,289,1367,1,2525,20,0
15,val,290,239,0,2304,498,0
15,val,291,713,1,83,2,0
15,val,292,569,2,1906,12,0
15,val,293,1191,1,29,4,0
15,val,294,112,0,2256,1398,0
15,val,295,1494,1,1299,4,0
15,val,296,1753,1,583,2,0
15,val,297,2185,1,586,7,0
15,val,298,1281,1,2301,5,0
15,val,299,1259,1,212,9,0
15,val,300,971,1,991,11,0
15,val,301,85,1,469,3,0
15,val,302,2514,0,357,146,0
15,val,303,986,1,1814,2,0
15,val,304,1367,1,971,1,0
15,val,305,401,1,1060,3,0
15,val,306,2549,0,2658,629,0
15,val,307,1621,2,1620,2,0
15,val,308,474,4,2146,308,0
15,val,309,2564,0,371,122,0
15,val,310,2608,0,141,156,0
15,val,311,1609,1,25,2,0
15,val,312,1974,0,1199,25,0
15,val,313,2624,1,2122,778,0
15,val,314,2338,0,1217,27,0
15,val,315,339,0,383,5,0
15,val,316,2207,1,2013,2,0
15,val,317,116,1,115,1,0
15,val,318,2370,1,2369,2,0
15,val,319,1574,1,328,4,0
15,val,320,717,5,472,2,0
15,val,321,1566,1,960,1,0
15,val,322,807,5,1373,1,0
15,val,323,2220,1,2056,2111,0
15,val,324,2008,1,2489,2,0
15,val,325,1057,1,598,8,0
15,val,326,147,1,146,1,0
15,val,327,2547,0,1732,276,0
15,val,328,1037,1,189,2,0
15,val,329,1489,1,1708,2,0
15,val,330,826,1,1523,2,0
15,val,331,719,2,81,1,0
15,val,332,1030,1,1029,2,0
15,val,333,1992,1,687,1,0
15,val,334,936,1,2181,4,0
15,val,335,2644,0,1066,1352,0
15,val,336,1939,1,551,3,0
15,val,337,1054,1,2607,3,0
15,val,338,1024,1,1284,7,0
15,val,339,791,4,2223,311,0
15,val,340,1092,1,2132,1,0
15,val,341,598,1,2020,5,0
15,val,342,1065,1,388,3,0
15,val,343,997,2,1620,77,0
15,val,344,146,1,2401,991,0
15,val,345,689,5,971,6,0
15,val,346,2388,0,1358,3,0
15,val,347,1328,1,2600,8,0
15,val,348,918,5,2674,62,0
15,val,349,2511,1,1423,1,0
15,val,350,2144,1,2143,1,0
15,val,351,1097,2,891,1,0
15,val,352,2085,2,1834,1,0
15,val,353,1877,0,2056,393,0
15,val,354,1127,0,2467,399,0
15,val,355,2482,1,2481,1,0
15,val,356,83,1,1551,1,0
15,val,357,666,0,164,9,0
15,val,358,1635,1,1167,3,0
15,val,359,416,1,530,3,0
15,val,360,1294,0,1634,916,0
15,val,361,595,1,594,2,0
15,val,362,2665,1,741,3,0
15,val,363,538,0,1211,2,0
15,val,364,23,1,258,3,0
15,val,365,151,1,2606,17,0
15,val,366,779,0,2692,230,0
15,val,367,1734,5,518,8,0
15,val,368,991,1,150,14,0
15,val,369,458,1,1641,2,0
15,val,370,1551,1,83,2,0
15,val,371,2680,1,126,2,0
15,val,372,910,0,377,231,0
15,val,373,1032,2,514,3,0
15,val,374,2115,4,2079,16,0
15,val,375,1984,1,2688,3,0
15,val,376,963,5,221,2,0
15,val,377,145,0,2347,302,0
15,val,378,1203,0,1437,1885,0
15,val,379,499,4,1545,502,0
15,val,380,1679,0,834,8,0
15,val,381,51,1,1265,3,0
15,val,382,664,3,2201,40,0
15,val,383,2123,0,2157,109,0
15,val,384,217,0,832,560,0
15,val,385,2514,1,4,2,0
15,val,386,1623,1,1775,1,0
15,val,387,595,1,602,767,0
15,val,388,868,4,499,86,0
15,val,389,1225,1,790,2,0
15,val,390,1583,4,1959,7,0
15,val,391,425,0,634,986,0
15,val,392,243,0,62,7,0
15,val,393,523,1,875,7,0
15,val,394,2662,1,1930,1,0
15,val,395,385,1,85,9,0
15,val,396,714,1,858,1,0
15,val,397,2638,1,95,3,0
15,val,398,1397,1,1177,13,0
15,val,399,2657,1,1814,2,0
15,val,400,1953,1,2013,9,0
15,val,401,371,1,2036,1,0
15,val,402,2696,1,176,2,0
15,val,403,2456,1,2260,9,0
15,val,404,1546,0,1,419,0
15,val,405,992,3,1888,11,0
15,val,406,2122,1,2624,28,0
15,val,407,222,1,963,1,0
15,val,408,875,1,1828,14,0
15,val,409,462,1,172,1,0
15,val,410,659,1,658,3,0
15,val,411,646,4,2360,1,0
15,val,412,655,4,2184,110,0
15,val,413,829,1,23,4,0
15,val,414,2195,1,1099,285,0
15,val,415,1963,1,1299,2,0
15,val,416,2197,1,45,2,0
15,val,417,2015,0,1348,47,0
15,val,418,616,1,1647,3,0
15,val,419,60,1,2702,3,0
15,val,420,2433,0,930,2041,0
15,val,421,2014,0,328,18,0
15,val,422,2673,1,545,2,0
15,val,423,1262,4,1694,32,0
15,val,424,32,0,2518,552,0
15,val,425,1045,1,1044,1,0
15,val,426,158,1,138,3,0
15,val,427,2257,1,269,2,0
15,val,428,1388,0,1239,49,0
15,val,429,1898,0,625,551,0
15,val,430,541,1,1196,2,0
15,val,431,2434,1,2301,7,0
15,val,432,990,1,2473,128,0
15,val,433,912,1,462,1058,0
15,val,434,611,1,2103,5,0
15,val,435,799,1,1570,6,0
15,val,436,1757,0,1957,1812,0
15,val,437,898,1,1256,9,0
15,val,438,77,0,240,1279,0
15,val,439,1717,1,1825,1,0
15,val,440,2418,1,768,3,0
15,val,441,952,1,1769,1042,0
15,val,442,1059,1,1317,5,0
15,val,443,1028,1,1444,644,0
15,val,444,1689,1,1338,2,0
15,val,445,1437,1,1157,4,0
15,val,446,2679,1,4,1,0
15,val,447,205,1,28,4,0
15,val,448,376,0,1357,746,0
15,val,449,2058,0,789,57,0
15,val,450,1988,5,1569,45,0
15,val,451,2231,1,1578,2,0
15,val,452,377,0,1456,22,0
15,val,453,1060,1,673,1,0
15,val,454,1299,1,1963,6,0
15,val,455,2033,0,2620,582,0
15,val,456,1590,1,472,3,0
15,val,457,419,1,418,5,0
15,val,458,1193,1,2096,2,0
15,val,459,1393,1,242,2,0
15,val,460,746,1,1399,5,0
15,val,461,2153,1,863,7,0
15,val,462,1176,5,2693,94,0
15,val,463,2119,1,579,5,0
15,val,464,882,1,467,1,0
15,val,465,2646,0,1154,593,0
15,val,466,467,1,1899,9,0
15,val,467,523,1,522,4,0
15,val,468,20,1,311,5,0
15,val,469,211,1,210,12,0
15,val,470,2638,0,478,132,0
15,val,471,1640,5,2065,7,0
15,val,472,2389,5,359,4,0
15,val,473,991,1,1213,9,0
15,val,474,196,1,1902,5,0
15,val,475,557,1,2073,3,0
15,val,476,980,0,401,494,0
15,val,477,1260,1,1975,1,0
15,val,478,2074,0,2391,1881,0
15,val,479,509,0,1586,895,0
15,val,480,1236,1,380,2,0
15,val,481,2573,0,94,438,0
15,val,482,1641,0,879,241,0
15,val,483,1293,1,2307,3,0
15,val,484,211,1,559,9,0
15,val,485,18,1,1321,19,0
15,val,486,471,0,1461,621,0
15,val,487,608,1,69,1,0
15,val,488,1245,0,1050,1801,0
15,val,489,97,1,2708,5,0
15,val,490,1931,0,733,1019,0
15,val,491,1351,0,1853,94,0
15,val,492,209,1,242,5,0
15,val,493,2368,0,569,9,0
15,val,494,984,0,135,368,0
15,val,495,213,0,879,225,0
15,val,496,2451,1,21,1084,0
15,val,497,2553,0,794,308,0
15,val,498,482,1,481,3,0
15,val,499,2202,3,2348,218,0
15,val,500,1496,5,942,1,0
15,val,501,2334,1,141,3,0
15,val,502,1703,1,1702,1,0
15,val,503,2024,1,294,1,0
15,val,504,2614,0,565,228,0
15,val,505,230,1,370,3,0
15,val,506,2324,1,253,1,0
15,val,507,378,1,1157,2,0
15,val,508,1634,1,2084,1,0
15,val,509,2382,1,1591,7,0
15,val,510,514,2,513,6,0
15,val,511,1859,5,1171,4,0
15,val,512,333,1,1626,3,0
15,val,513,1697,4,1730,49,0
15,val,514,1243,2,597,51,0
15,val,515,18,1,2707,20,0
15,val,516,2179,0,457,75,0
15,val,517,2213,0,1971,125,0
15,val,518,1418,1,1074,2,0
15,val,519,791,4,2380,13,0
15,val,520,867,2,1032,236,0
15,val,521,202,1,1202,4,0
15,val,522,1896,0,135,76,0
15,val,523,48,0,2214,360,0
15,val,524,2459,1,45,2,0
15,val,525,2452,0,2349,69,0
15,val,526,1490,1,2116,34,0
15,val,527,2188,0,1186,3,0
15,val,528,327,1,2495,63,0
15,val,529,2279,0,403,200,0
15,val,530,2420,1,1161,1,0
15,val,531,1088,7,1087,2,0
15,val,532,2292,0,1358,3,0
15,val,533,1662,1,31,1,0
15,val,534,1080,1,725,10,0
15,val,535,453,1,685,11,0
15,val,536,1579,1,844,4,0
15,val,537,1501,1,1072,2,0
15,val,538,715,1,954,789,0
15,val,539,2102,1,1034,1,0
15,val,540,2688,0,1436,22,0
15,val,541,1620,2,438,87,0
15,val,542,222,0,2533,435,0
15,val,543,2696,0,2323,728,0
15,val,544,757,1,1832,14,0
15,val,545,2374,1,810,4,0
15,val,546,1291,4,1409,43,0
15,val,547,1565,5,926,1,0
15,val,548,2670,0,1950,174,0
15,val,549,79,2,984,165,0
15,val,550,718,5,717,1589,0
15,val,551,1356,0,879,96,0
15,val,552,427,5,390,6,0
15,val,553,12,1,2431,7,0
15,val,554,1500,1,2694,8,0
15,val,555,422,1,621,2,0
15,val,556,912,1,64,8,0
15,val,557,1373,5,807,3,0
15,val,558,941,5,2153,6,0
15,val,559,1612,0,432,1420,0
15,val,560,1544,1,1249,2,0
15,val,561,223,1,2088,12,0
15,val,562,84,1,1552,1,0
15,val,563,2135,0,38,294,0
15,val,564,700,2,2427,145,0
15,val,565,2655,1,2398,2475,0
15,val,566,91,2,770,1,0
15,val,567,1444,1,1443,1,0
15,val,568,2115,4,1880,453,0
15,val,569,1135,1,174,5,0
15,val,570,253,1,2324,1,0
15,val,571,290,0,452,126,0
15,val,572,2673,5,1401,1,0
15,val,573,724,1,169,2,0
15,val,574,2485,0,18,209,0
15,val,575,2221,1,2536,4,0
15,val,576,1392,1,1380,4,0
15,val,577,1830,1,1746,6,0
15,val,578,2031,0,2663,164,0
15,val,579,1941,4,2612,28,0
15,val,580,2297,4,2449,124,0
15,val,581,2437,1,662,4,0
15,val,582,176,1,2321,5,0
15,val,583,546,4,2022,8,0
15,val,584,1890,1,943,1,0
15,val,585,1624,0,791,268,0
15,val,586,1991,1,990,6,0
15,val,587,361,0,2323,727,0
15,val,588,1248,0,230,47,0
15,val,589,21,1,2451,303,0
15,val,590,1941,0,240,1129,0
15,val,591,629,1,2060,2,0
15,val,592,1824,0,2260,455,0
15,val,593,1473,1,813,10,0
15,val,594,136,0,222,76,0
15,val,595,597,2,1243,547,0
15,val,596,708,1,1863,218,0
15,val,597,42,4,483,105,0
15,val,598,1593,1,543,3,0
15,val,599,696,0,1216,173,0
15,val,600,1190,1,1189,3,0
15,val,601,372,0,983,11,0
15,val,602,23,1,829,3,0
15,val,603,8,5,309,3,0
15,val,604,1424,1,659,5,0
15,val,605,2124,1,1790,6,0
15,val,606,2222,1,1104,1,0
15,val,607,1338,1,2588,11,0
15,val,608,2335,1,143,1,0
15,val,609,1973,0,833,2056,0
15,val,610,765,1,764,4,0
15,val,611,1383,0,1922,104,0
15,val,612,691,0,2015,2,0
15,val,613,910,1,122,9,0
15,val,614,2267,1,972,6,0
15,val,615,1145,0,401,1261,0
15,val,616,751,0,983,23,0
15,val,617,176,1,1837,20,0
15,val,618,815,2,355,1267,0
15,val,619,983,0,64,23,0
15,val,620,999,4,2493,79,0
15,val,621,2023,1,1647,2,0
15,val,622,2294,3,1214,942,0
15,val,623,376,1,736,6,0
15,val,624,1370,1,174,8,0
15,val,625,875,1,963,5,0
15,val,626,1171,5,1859,7,0
15,val,627,104,1,1726,1,0
15,val,628,2710,1,1281,1,0
15,val,629,1132,1,1116,3,0
15,val,630,2209,10,1026,1759,1
15,val,631,31,10,2313,3,1
15,val,632,1958,13,474,3,1
15,val,633,211,10,1751,14,1
15,val,634,395,10,1136,3,1
15,val,635,997,11,66,5,1
15,val,636,953,10,1196,2,1
15,val,637,577,9,2025,1,1
15,val,638,86,14,1168,1,1
15,val,639,79,10,2424,30,1
15,val,640,34,10,53,9,1
15,val,641,930,10,810,2,1
15,val,642,810,9,2411,2,1
15,val,643,2625,15,2386,567,1
15,val,644,1900,10,140,1990,1
15,val,645,2078,9,434,542,1
15,val,646,2166,9,2515,1007,1
15,val,647,676,10,1474,3,1
15,val,648,923,10,918,4,1
15,val,649,1098,10,552,1,1
15,val,650,849,10,2582,12,1
15,val,651,49,10,1397,14,1
15,val,652,662,10,2504,22,1
15,val,653,1389,10,2311,2,1
15,val,654,380,14,381,1,1
15,val,655,1862,10,1863,1,1
15,val,656,1399,10,2104,6,1
15,val,657,2633,11,1765,2,1
15,val,658,11,9,1722,1056,1
15,val,659,2457,10,1338,553,1
15,val,660,42,12,2022,171,1
15,val,661,976,10,312,1,1
15,val,662,1809,9,2639,712,1
15,val,663,23,10,2133,2,1
15,val,664,357,10,396,3,1
15,val,665,1656,13,1185,49,1
15,val,666,1217,9,2619,964,1
15,val,667,1270,10,2602,8,1
15,val,668,1830,11,79,21,1
15,val,669,25,10,952,926,1
15,val,670,519,9,906,60,1
15,val,671,1861,11,79,19,1
15,val,672,430,9,93,12,1
15,val,673,918,14,2674,77,1
15,val,674,143,9,1865,217,1
15,val,675,1836,10,826,18,1
15,val,676,2243,10,1205,628,1
15,val,677,1431,10,1432,4,1
15,val,678,1018,9,1895,19,1
15,val,679,1149,11,1202,922,1
15,val,680,2300,10,34,3,1
15,val,681,173,10,1087,528,1
15,val,682,2512,10,285,1967,1
15,val,683,1806,10,943,1,1
15,val,684,1068,10,150,5,1
15,val,685,399,9,1123,2,1
15,val,686,2115,13,317,30,1
15,val,687,2013,10,363,2,1
15,val,688,143,9,1429,2,1
15,val,689,230,9,2497,702,1
15,val,690,256,9,1930,169,1
15,val,691,620,10,2581,2,1
15,val,692,936,10,751,6,1
15,val,693,583,10,2012,5,1
15,val,694,1771,10,2653,146,1
15,val,695,1600,9,413,493,1
15,val,696,334,10,12,1,1
15,val,697,2132,14,671,3,1
15,val,698,2655,10,2398,2535,1
15,val,699,1467,13,2413,111,1
15,val,700,249,12,287,4,1
15,val,701,2054,10,1859,3,1
15,val,702,140,10,1900,1125,1
15,val,703,10,10,327,17,1
15,val,704,1806,10,862,5,1
15,val,705,2273,10,2614,21,1
15,val,706,225,10,1770,2,1
15,val,707,1260,10,1975,1,1
15,val,708,409,10,459,11,1
15,val,709,2516,9,1796,879,1
15,val,710,102,10,54,6,1
15,val,711,810,9,5,8,1
15,val,712,62,10,2561,42,1
15,val,713,2142,10,797,3,1
15,val,714,2154,9,2299,394,1
15,val,715,1722,10,8,7,1
15,val,716,1087,10,173,2367,1
15,val,717,803,9,114,2066,1
15,val,718,847,10,848,1,1
15,val,719,1538,10,537,99,1
15,val,720,1502,9,871,766,1
15,val,721,1790,9,1391,1098,1
15,val,722,271,10,329,3,1
15,val,723,426,10,427,3,1
15,val,724,665,10,295,3,1
15,val,725,439,10,1705,8,1
15,val,726,561,9,1860,1704,1
15,val,727,1765,11,764,1676,1
15,val,728,2599,10,1016,2,1
15,val,729,1075,10,641,1,1
15,val,730,932,9,139,388,1
15,val,731,12,9,2421,8,1
15,val,732,151,10,452,20,1
15,val,733,1613,14,1472,15,1
15,val,734,1621,11,997,5,1
15,val,735,978,10,1230,3,1
15,val,736,29,10,1280,10,1
15,val,737,1504,10,2092,3,1
15,val,738,1319,10,2455,1645,1
15,val,739,211,10,2255,5,1
15,val,740,767,13,77,17,1
15,val,741,1952,10,150,12,1
15,val,742,2187,10,637,1,1
15,val,743,981,10,35,4,1
15,val,744,1235,9,1428,1335,1
15,val,745,928,13,1148,16,1
15,val,746,843,10,1056,3,1
15,val,747,1348,9,1230,475,1
15,val,748,879,10,79,3,1
15,val,749,554,10,2519,3,1
15,val,750,283,9,631,12,1
15,val,751,1945,10,564,2,1
15,val,752,1136,10,1137,5,1
15,val,753,1641,9,738,380,1
15,val,754,1190,10,2472,3,1
15,val,755,347,10,1245,6,1
15,val,756,64,10,672,73,1
15,val,757,1854,10,233,3,1
15,val,758,1964,10,1965,8,1
15,val,759,1661,9,1415,3,1
15,val,760,237,10,238,2,1
15,val,761,941,10,1999,13,1
15,val,762,969,9,2196,1266,1
15,val,763,1488,10,2384,3,1
15,val,764,912,10,462,1134,1
15,val,765,957,12,1896,1216,1
15,val,766,849,10,1722,2,1
15,val,767,798,14,631,3,1
15,val,768,550,10,2456,8,1
15,val,769,660,10,1286,2,1
15,val,770,1353,10,2237,6,1
15,val,771,2611,10,1279,1,1
15,val,772,234,11,116,7,1
15,val,773,328,9,777,521,1
15,val,774,194,10,2134,3,1
15,val,775,494,9,2013,1543,1
15,val,776,1420,10,853,3,1
15,val,777,34,10,10,9,1
15,val,778,148,10,1710,4,1
15,val,779,561,10,215,3,1
15,val,780,468,10,1986,5,1
15,val,781,479,9,952,6,1
15,val,782,992,10,1859,3,1
15,val,783,1988,14,1569,6,1
15,val,784,525,9,756,406,1
15,val,785,461,10,140,1,1
15,val,786,2001,10,773,3,1
15,val,787,1722,9,1159,11,1
15,val,788,773,10,1859,6,1
15,val,789,490,9,1270,555,1
15,val,790,1814,9,1498,1,1
15,val,791,371,10,2260,2,1
15,val,792,315,10,1303,2,1
15,val,793,1319,10,1938,4,1
15,val,794,336,10,531,25,1
15,val,795,2535,9,147,595,1
15,val,796,1695,9,841,432,1
15,val,797,2614,9,2030,224,1
15,val,798,394,10,141,4,1
15,val,799,45,9,2197,8,1
15,val,800,2529,13,999,6,1
15,val,801,746,10,349,4,1
15,val,802,2042,9,1658,378,1
15,val,803,1538,9,1176,102,1
15,val,804,71,10,99,6,1
15,val,805,541,10,1196,2,1
15,val,806,1773,10,979,2,1
15,val,807,383,9,547,36,1
15,val,808,2074,10,556,2,1
15,val,809,2364,10,875,2,1
15,val,810,2687,9,2550,997,1
15,val,811,55,10,148,3,1
15,val,812,1631,9,1180,1454,1
15,val,813,230,10,344,5,1
15,val,814,2195,10,1099,274,1
15,val,815,2069,10,1035,2,1
15,val,816,2664,10,595,812,1
15,val,817,233,10,234,2,1
15,val,818,662,10,19,8,1
15,val,819,997,11,1620,33,1
15,val,820,480,9,1794,339,1
15,val,821,454,10,2641,9,1
15,val,822,459,10,2026,2,1
15,val,823,1691,10,371,7,1
15,val,824,1671,10,531,1,1
15,val,825,525,10,1829,5,1
15,val,826,221,10,601,6,1
15,val,827,1161,10,1916,1,1
15,val,828,417,10,618,8,1
15,val,829,2226,9,263,31,1
15,val,830,2559,10,938,2,1
15,val,831,62,9,2412,790,1
15,val,832,1005,10,809,6,1
15,val,833,1174,9,1753,891,1
15,val,834,445,10,277,1309,1
15,val,835,2087,9,1432,127,1
15,val,836,187,10,1994,10,1
15,val,837,1601,13,68,24,1
15,val,838,1074,9,2580,392,1
15,val,839,198,10,683,4,1
15,val,840,634,9,2434,1092,1
15,val,841,836,10,1756,3,1
15,val,842,1624,13,62,242,1
15,val,843,652,10,653,2,1
15,val,844,454,10,455,9,1
15,val,845,1494,10,1952,2,1
15,val,846,1325,10,832,2,1
15,val,847,377,9,2589,786,1
15,val,848,1197,9,2419,1755,1
15,val,849,1533,10,1928,7,1
15,val,850,668,10,1008,7,1
15,val,851,307,10,1755,39,1
15,val,852,429,10,250,4,1
15,val,853,595,10,602,761,1
15,val,854,1682,9,1184,4,1
15,val,855,54,10,1256,13,1
15,val,856,1199,9,480,107,1
15,val,857,855,10,1171,4,1
15,val,858,456,13,2616,249,1
15,val,859,479,9,963,1,1
15,val,860,1684,10,435,2,1
15,val,861,32,10,2427,2,1
15,val,862,2543,10,2399,2,1
15,val,863,225,10,2344,4,1
15,val,864,2381,10,1449,3,1
15,val,865,1505,10,2284,2,1
15,val,866,110,9,881,1343,1
15,val,867,1783,14,330,1,1
15,val,868,2508,10,585,2,1
15,val,869,51,9,1969,313,1
15,val,870,1306,14,223,5,1
15,val,871,1724,9,2637,320,1
15,val,872,345,10,672,4,1
15,val,873,1933,10,912,2,1
15,val,874,1485,10,29,163,1
15,val,875,2452,9,699,1575,1
15,val,876,2343,13,791,16,1
15,val,877,514,11,2444,8,1
15,val,878,401,9,183,1005,1
15,val,879,1729,9,380,300,1
15,val,880,1707,10,997,1,1
15,val,881,983,9,312,87,1
15,val,882,620,13,546,1,1
15,val,883,2507,10,1366,497,1
15,val,884,1357,9,371,10,1
15,val,885,881,10,390,5,1
15,val,886,268,10,106,10,1
15,val,887,2144,10,941,568,1
15,val,888,692,9,114,1957,1
15,val,889,2496,9,687,57,1
15,val,890,261,10,133,1,1
15,val,891,143,9,659,17,1
15,val,892,1049,9,783,78,1
15,val,893,88,9,612,479,1
15,val,894,39,10,1705,14,1
15,val,895,962,10,1826,6,1
15,val,896,24,10,25,5,1
15,val,897,2604,13,1255,1,1
15,val,898,1596,9,1348,217,1
15,val,899,2249,10,2250,6,1
15,val,900,853,10,1420,15,1
15,val,901,2220,10,2056,2142,1
15,val,902,344,9,103,1536,1
15,val,903,888,9,2231,2048,1
15,val,904,1347,9,595,815,1
15,val,905,366,10,39,3,1
15,val,906,1186,9,1165,20,1
15,val,907,673,10,674,2,1
15,val,908,1611,10,1402,2,1
15,val,909,1199,9,528,1791,1
15,val,910,1857,10,1104,1,1
15,val,911,545,9,1266,1590,1
15,val,912,1,9,2695,1893,1
15,val,913,2458,13,868,253,1
15,val,914,158,10,1654,2,1
15,val,915,939,10,940,1,1
15,val,916,453,10,192,11,1
15,val,917,336,10,115,3,1
15,val,918,1631,9,450,778,1
15,val,919,2525,10,1367,1,1
15,val,920,2304,9,239,2378,1
15,val,921,83,10,713,4,1
15,val,922,1906,11,569,2,1
15,val,923,29,10,1191,5,1
15,val,924,2256,9,112,463,1
15,val,925,1299,10,1494,16,1
15,val,926,583,10,1753,5,1
15,val,927,586,10,2185,3,1
15,val,928,2301,10,1281,1,1
15,val,929,212,10,1259,6,1
15,val,930,991,10,971,3,1
15,val,931,469,10,85,4,1
15,val,932,357,9,2514,708,1
15,val,933,1814,10,986,6,1
15,val,934,971,10,1367,5,1
15,val,935,1060,10,401,1,1
15,val,936,2658,9,2549,630,1
15,val,937,1620,11,1621,3,1
15,val,938,2146,13,474,9,1
15,val,939,371,9,2564,1287,1
15,val,940,141,9,2608,691,1
15,val,941,25,10,1609,6,1
15,val,942,1199,9,1974,1246,1
15,val,943,2122,10,2624,29,1
15,val,944,1217,9,2338,342,1
15,val,945,383,9,339,13,1
15,val,946,2013,10,2207,3,1
15,val,947,115,10,116,15,1
15,val,948,2369,10,2370,4,1
15,val,949,328,10,1574,23,1
15,val,950,472,14,717,76,1
15,val,951,960,10,1566,3,1
15,val,952,1373,14,807,3,1
15,val,953,2056,10,2220,356,1
15,val,954,2489,10,2008,1,1
15,val,955,598,10,1057,4,1
15,val,956,146,10,147,4,1
15,val,957,1732,9,2547,584,1
15,val,958,189,10,1037,2,1
15,val,959,1708,10,1489,2,1
15,val,960,1523,10,826,15,1
15,val,961,81,11,719,3,1
15,val,962,1029,10,1030,3,1
15,val,963,687,10,1992,2,1
15,val,964,2181,10,936,6,1
15,val,965,1066,9,2644,90,1
15,val,966,551,10,1939,8,1
15,val,967,2607,10,1054,2,1
15,val,968,1284,10,1024,4,1
15,val,969,2223,13,791,18,1
15,val,970,2132,10,1092,5,1
15,val,971,2020,10,598,7,1
15,val,972,388,10,1065,11,1
15,val,973,1620,11,997,31,1
15,val,974,2401,10,146,256,1
15,val,975,971,14,689,5,1
15,val,976,1358,9,2388,2,1
15,val,977,2600,10,1328,2,1
15,val,978,2674,14,918,133,1
15,val,979,1423,10,2511,1,1
15,val,980,2143,10,2144,1,1
15,val,981,891,11,1097,6,1
15,val,982,1834,11,2085,4,1
15,val,983,2056,9,1877,246,1
15,val,984,2467,9,1127,88,1
15,val,985,2481,10,2482,3,1
15,val,986,1551,10,83,2,1
15,val,987,164,9,666,620,1
15,val,988,1167,10,1635,3,1
15,val,989,530,10,416,9,1
15,val,990,1634,9,1294,127,1
15,val,991,594,10,595,3,1
15,val,992,741,10,2665,4,1
15,val,993,1211,9,538,1,1
15,val,994,258,10,23,8,1
15,val,995,2606,10,151,2,1
15,val,996,2692,9,779,1740,1
15,val,997,518,14,1734,3,1
15,val,998,150,10,991,11,1
15,val,999,1641,10,458,3,1
15,val,1000,83,10,1551,1,1
15,val,1001,126,10,2680,2,1
15,val,1002,377,9,910,674,1
15,val,1003,514,11,1032,4,1
15,val,1004,2079,13,2115,22,1
15,val,1005,2688,10,1984,2,1
15,val,1006,221,14,963,6,1
15,val,1007,2347,9,145,487,1
15,val,1008,1437,9,1203,1151,1
15,val,1009,1545,13,499,29,1
15,val,1010,834,9,1679,915,1
15,val,1011,1265,10,51,2,1
15,val,1012,2201,12,664,983,1
15,val,1013,2157,9,2123,400,1
15,val,1014,832,9,217,1138,1
15,val,1015,4,10,2514,4,1
15,val,1016,1775,10,1623,1,1
15,val,1017,602,10,595,150,1
15,val,1018,499,13,868,254,1
15,val,1019,790,10,1225,5,1
15,val,1020,1959,13,1583,92,1
15,val,1021,634,9,425,278,1
15,val,1022,62,9,243,1739,1
15,val,1023,875,10,523,6,1
15,val,1024,1930,10,2662,1,1
15,val,1025,85,10,385,5,1
15,val,1026,858,10,714,6,1
15,val,1027,95,10,2638,19,1
15,val,1028,1177,10,1397,3,1
15,val,1029,1814,10,2657,8,1
15,val,1030,2013,10,1953,2,1
15,val,1031,2036,10,371,2,1
15,val,1032,176,10,2696,7,1
15,val,1033,2260,10,2456,3,1
15,val,1034,1,9,1546,228,1
15,val,1035,1888,12,992,647,1
15,val,1036,2624,10,2122,746,1
15,val,1037,963,10,222,2,1
15,val,1038,1828,10,875,2,1
15,val,1039,172,10,462,11,1
15,val,1040,658,10,659,1,1
15,val,1041,2360,13,646,176,1
15,val,1042,2184,13,655,11,1
15,val,1043,23,10,829,2,1
15,val,1044,1099,10,2195,35,1
15,val,1045,1299,10,1963,6,1
15,val,1046,45,10,2197,3,1
15,val,1047,1348,9,2015,873,1
15,val,1048,1647,10,616,6,1
15,val,1049,2702,10,60,1,1
15,val,1050,930,9,2433,1911,1
15,val,1051,328,9,2014,132,1
15,val,1052,545,10,2673,11,1
15,val,1053,1694,13,1262,291,1
15,val,1054,2518,9,32,1162,1
15,val,1055,1044,10,1045,2,1
15,val,1056,138,10,158,1,1
15,val,1057,269,10,2257,5,1
15,val,1058,1239,9,1388,1867,1
15,val,1059,625,9,1898,424,1
15,val,1060,1196,10,541,4,1
15,val,1061,2301,10,2434,1,1
15,val,1062,2473,10,990,653,1
15,val,1063,462,10,912,244,1
15,val,1064,2103,10,611,8,1
15,val,1065,1570,10,799,6,1
15,val,1066,1957,9,1757,842,1
15,val,1067,1256,10,898,10,1
15,val,1068,240,9,77,144,1
15,val,1069,1825,10,1717,1,1
15,val,1070,768,10,2418,13,1
15,val,1071,1769,10,952,1042,1
15,val,1072,1317,10,1059,2,1
15,val,1073,1444,10,1028,1492,1
15,val,1074,1338,10,1689,3,1
15,val,1075,1157,10,1437,4,1
15,val,1076,4,10,2679,8,1
15,val,1077,28,10,205,4,1
15,val,1078,1357,9,376,212,1
15,val,1079,789,9,2058,3,1
15,val,1080,1569,14,1988,1,1
15,val,1081,1578,10,2231,1,1
15,val,1082,1456,9,377,391,1
15,val,1083,673,10,1060,1,1
15,val,1084,1963,10,1299,2,1
15,val,1085,2620,9,2033,1135,1
15,val,1086,472,10,1590,5,1
15,val,1087,418,10,419,3,1
15,val,1088,2096,10,1193,8,1
15,val,1089,242,10,1393,11,1
15,val,1090,1399,10,746,7,1
15,val,1091,863,10,2153,3,1
15,val,1092,2693,14,1176,149,1
15,val,1093,579,10,2119,7,1
15,val,1094,467,10,882,9,1
15,val,1095,1154,9,2646,334,1
15,val,1096,1899,10,467,2,1
15,val,1097,522,10,523,2,1
15,val,1098,311,10,20,4,1
15,val,1099,210,10,211,2,1
15,val,1100,478,9,2638,1297,1
15,val,1101,2065,14,1640,7,1
15,val,1102,359,14,2389,8,1
15,val,1103,1213,10,991,4,1
15,val,1104,1902,10,196,1,1
15,val,1105,2073,10,557,2,1
15,val,1106,401,9,980,53,1
15,val,1107,1975,10,1260,1,1
15,val,1108,2391,9,2074,1509,1
15,val,1109,1586,9,509,705,1
15,val,1110,380,10,1236,27,1
15,val,1111,94,9,2573,958,1
15,val,1112,879,9,1641,620,1
15,val,1113,2307,10,1293,11,1
15,val,1114,559,10,211,9,1
15,val,1115,1321,10,18,4,1
15,val,1116,1461,9,471,534,1
15,val,1117,69,10,608,1,1
15,val,1118,1050,9,1245,535,1
15,val,1119,2708,10,97,6,1
15,val,1120,733,9,1931,65,1
15,val,1121,1853,9,1351,1738,1
15,val,1122,242,10,209,5,1
15,val,1123,569,9,2368,5,1
15,val,1124,135,9,984,296,1
15,val,1125,879,9,213,79,1
15,val,1126,21,10,2451,274,1
15,val,1127,794,9,2553,232,1
15,val,1128,481,10,482,2,1
15,val,1129,2348,12,2202,2722,1
15,val,1130,942,14,1496,1,1
15,val,1131,141,10,2334,14,1
15,val,1132,1702,10,1703,2,1
15,val,1133,294,10,2024,6,1
15,val,1134,565,9,2614,336,1
15,val,1135,370,10,230,4,1
15,val,1136,253,10,2324,1,1
15,val,1137,1157,10,378,9,1
15,val,1138,2084,10,1634,3,1
15,val,1139,1591,10,2382,2,1
15,val,1140,513,11,514,1,1
15,val,1141,1171,14,1859,13,1
15,val,1142,1626,10,333,1,1
15,val,1143,1730,13,1697,476,1
15,val,1144,597,11,1243,5,1
15,val,1145,2707,10,18,1,1
15,val,1146,457,9,2179,1251,1
15,val,1147,1971,9,2213,1602,1
15,val,1148,1074,10,1418,3,1
15,val,1149,2380,13,791,7,1
15,val,1150,1032,11,867,808,1
15,val,1151,1202,10,202,15,1
15,val,1152,135,9,1896,3,1
15,val,1153,2214,9,48,154,1
15,val,1154,45,10,2459,5,1
15,val,1155,2349,9,2452,987,1
15,val,1156,2116,10,1490,1664,1
15,val,1157,1186,9,2188,5,1
15,val,1158,2495,10,327,489,1
15,val,1159,403,9,2279,215,1
15,val,1160,1161,10,2420,1,1
15,val,1161,1087,16,1088,4,1
15,val,1162,1358,9,2292,2,1
15,val,1163,31,10,1662,3,1
15,val,1164,725,10,1080,6,1
15,val,1165,685,10,453,8,1
15,val,1166,844,10,1579,4,1
15,val,1167,1072,10,1501,6,1
15,val,1168,954,10,715,553,1
15,val,1169,1034,10,2102,3,1
15,val,1170,1436,9,2688,1,1
15,val,1171,438,11,1620,913,1
15,val,1172,2533,9,222,197,1
15,val,1173,2323,9,2696,1285,1
15,val,1174,1832,10,757,1,1
15,val,1175,810,10,2374,4,1
15,val,1176,1409,13,1291,1097,1
15,val,1177,926,14,1565,2,1
15,val,1178,1950,9,2670,1299,1
15,val,1179,984,11,79,18,1
15,val,1180,717,14,718,508,1
15,val,1181,879,9,1356,18,1
15,val,1182,390,14,427,4,1
15,val,1183,2431,10,12,1,1
15,val,1184,2694,10,1500,3,1
15,val,1185,621,10,422,4,1
15,val,1186,64,10,912,6,1
15,val,1187,807,14,1373,1,1
15,val,1188,2153,14,941,5,1
15,val,1189,432,9,1612,947,1
15,val,1190,1249,10,1544,3,1
15,val,1191,2088,10,223,4,1
15,val,1192,1552,10,84,2,1
15,val,1193,38,9,2135,1012,1
15,val,1194,2427,11,700,12,1
15,val,1195,2398,10,2655,170,1
15,val,1196,770,11,91,3,1
15,val,1197,1443,10,1444,1,1
15,val,1198,1880,13,2115,26,1
15,val,1199,174,10,1135,17,1
15,val,1200,2324,10,253,1,1
15,val,1201,452,9,290,566,1
15,val,1202,1401,14,2673,1,1
15,val,1203,169,10,724,7,1
15,val,1204,18,9,2485,3,1
15,val,1205,2536,10,2221,1,1
15,val,1206,1380,10,1392,4,1
15,val,1207,1746,10,1830,1,1
15,val,1208,2663,9,2031,422,1
15,val,1209,2612,13,1941,110,1
15,val,1210,2449,13,2297,536,1
15,val,1211,662,10,2437,15,1
15,val,1212,2321,10,176,2,1
15,val,1213,2022,13,546,1,1
15,val,1214,943,10,1890,15,1
15,val,1215,791,9,1624,79,1
15,val,1216,990,10,1991,6,1
15,val,1217,2323,9,361,493,1
15,val,1218,230,9,1248,1101,1
15,val,1219,2451,10,21,1085,1
15,val,1220,240,9,1941,223,1
15,val,1221,2060,10,629,1,1
15,val,1222,2260,9,1824,873,1
15,val,1223,813,10,1473,8,1
15,val,1224,222,9,136,1864,1
15,val,1225,1243,11,597,12,1
15,val,1226,1863,10,708,574,1
15,val,1227,483,13,42,60,1
15,val,1228,543,10,1593,2,1
15,val,1229,1216,9,696,482,1
15,val,1230,1189,10,1190,2,1
15,val,1231,983,9,372,1175,1
15,val,1232,829,10,23,5,1
15,val,1233,309,14,8,1,1
15,val,1234,659,10,1424,5,1
15,val,1235,1790,10,2124,6,1
15,val,1236,1104,10,2222,2,1
15,val,1237,2588,10,1338,548,1
15,val,1238,143,10,2335,24,1
15,val,1239,833,9,1973,970,1
15,val,1240,764,10,765,3,1
15,val,1241,1922,9,1383,1008,1
15,val,1242,2015,9,691,2,1
15,val,1243,122,10,910,6,1
15,val,1244,972,10,2267,7,1
15,val,1245,401,9,1145,821,1
15,val,1246,983,9,751,156,1
15,val,1247,1837,10,176,1,1
15,val,1248,355,11,815,729,1
15,val,1249,64,9,983,42,1
15,val,1250,2493,13,999,8,1
15,val,1251,1647,10,2023,8,1
15,val,1252,1214,12,2294,1925,1
15,val,1253,736,10,376,3,1
15,val,1254,174,10,1370,20,1
15,val,1255,963,10,875,2,1
15,val,1256,1859,14,1171,6,1
15,val,1257,1726,10,104,1,1
15,val,1258,1281,10,2710,4,1
15,val,1259,1116,10,1132,2,1
15,test,0,509,7,573,16,0
15,test,1,16,1,18,5,0
15,test,2,537,1,316,3,0
15,test,3,125,2,391,1,0
15,test,4,15,1,98,5,0
15,test,5,179,1,761,2,0
15,test,6,829,1,310,3,0
15,test,7,634,1,674,3,0
15,test,8,44,1,52,3,0
15,test,9,771,1,786,5,0
15,test,10,196,1,655,7,0
15,test,11,477,1,51,4,0
15,test,12,42,1,101,8,0
15,test,13,18,1,12,5,0
15,test,14,375,1,374,7,0
15,test,15,354,1,341,3,0
15,test,16,137,1,206,12,0
15,test,17,483,1,19,3,0
15,test,18,816,1,102,3,0
15,test,19,288,1,618,5,0
15,test,20,485,1,106,156,0
15,test,21,12,1,18,1,0
15,test,22,130,1,134,2,0
15,test,23,332,1,208,5,0
15,test,24,136,0,292,230,0
15,test,25,383,1,47,2,0
15,test,26,90,1,89,3,0
15,test,27,744,0,412,75,0
15,test,28,582,0,697,503,0
15,test,29,331,1,878,1,0
15,test,30,151,1,318,8,0
15,test,31,151,1,354,2,0
15,test,32,637,1,747,2,0
15,test,33,652,0,484,332,0
15,test,34,124,1,581,2,0
15,test,35,470,1,817,3,0
15,test,36,765,1,213,3,0
15,test,37,710,1,52,1,0
15,test,38,521,1,226,5,0
15,test,39,553,1,192,2,0
15,test,40,11,1,10,1,0
15,test,41,52,1,295,6,0
15,test,42,31,0,717,6,0
15,test,43,890,1,573,5,0
15,test,44,603,1,203,1,0
15,test,45,375,1,437,5,0
15,test,46,226,1,222,5,0
15,test,47,573,1,890,14,0
15,test,48,24,1,603,3,0
15,test,49,743,1,129,2,0
15,test,50,441,1,836,66,0
15,test,51,395,2,642,2,0
15,test,52,514,0,301,5,0
15,test,53,760,1,759,1,0
15,test,54,552,1,100,2,0
15,test,55,155,1,322,5,0
15,test,56,268,1,601,4,0
15,test,57,310,1,863,10,0
15,test,58,341,0,151,3,0
15,test,59,330,2,104,4,0
15,test,60,180,1,761,4,0
15,test,61,81,1,144,3,0
15,test,62,384,1,628,33,0
15,test,63,195,1,304,2,0
15,test,64,187,1,15,2,0
15,test,65,170,1,712,57,0
15,test,66,815,1,608,2,0
15,test,67,465,1,32,371,0
15,test,68,565,1,277,3,0
15,test,69,665,0,604,386,0
15,test,70,452,2,451,60,0
15,test,71,369,1,897,8,0
15,test,72,161,1,765,3,0
15,test,73,391,2,272,4,0
15,test,74,766,1,183,1,0
15,test,75,270,1,178,60,0
15,test,76,37,1,522,4,0
15,test,77,310,0,6,4,0
15,test,78,178,1,152,7,0
15,test,79,524,1,163,5,0
15,test,80,600,1,296,3,0
15,test,81,744,1,801,2,0
15,test,82,653,1,509,2,0
15,test,83,438,1,158,7,0
15,test,84,292,1,702,2,0
15,test,85,24,1,497,4,0
15,test,86,50,1,185,7,0
15,test,87,477,1,639,1,0
15,test,88,15,1,187,2,0
15,test,89,772,1,735,2,0
15,test,90,831,1,189,1,0
15,test,91,262,0,221,191,0
15,test,92,561,1,329,2,0
15,test,93,904,1,590,1,0
15,test,94,297,2,350,3,0
15,test,95,9,1,51,3,0
15,test,96,15,1,277,816,0
15,test,97,47,2,118,3,0
15,test,98,697,0,38,287,0
15,test,99,650,2,649,4,0
15,test,100,99,1,78,2,0
15,test,101,688,1,687,2,0
15,test,102,203,1,603,1,0
15,test,103,725,1,252,10,0
15,test,104,849,1,562,3,0
15,test,105,685,1,359,8,0
15,test,106,344,0,843,27,0
15,test,107,243,1,538,2,0
15,test,108,250,1,455,44,0
15,test,109,82,1,838,6,0
15,test,110,707,1,456,1,0
15,test,111,23,0,911,45,0
15,test,112,219,1,139,2,0
15,test,113,653,0,861,120,0
15,test,114,917,1,210,3,0
15,test,115,802,1,649,38,0
15,test,116,445,1,597,219,0
15,test,117,129,1,323,10,0
15,test,118,155,1,154,8,0
15,test,119,80,1,66,3,0
15,test,120,78,1,683,8,0
15,test,121,637,1,351,2,0
15,test,122,102,1,291,5,0
15,test,123,799,1,390,2,0
15,test,124,755,1,82,2,0
15,test,125,664,5,339,2,0
15,test,126,725,1,494,7,0
15,test,127,604,1,281,5,0
15,test,128,23,1,496,1,0
15,test,129,369,1,300,7,0
15,test,130,828,1,723,3,0
15,test,131,256,0,546,41,0
15,test,132,755,0,15,15,0
15,test,133,471,1,4,6,0
15,test,134,80,1,115,6,0
15,test,135,850,0,480,282,0
15,test,136,74,1,629,4,0
15,test,137,461,1,338,1,0
15,test,138,692,1,358,1,0
15,test,139,530,1,501,163,0
15,test,140,159,1,686,11,0
15,test,141,483,0,38,454,0
15,test,142,811,1,725,5,0
15,test,143,479,1,151,2,0
15,test,144,267,1,601,1,0
15,test,145,371,1,58,2,0
15,test,146,889,0,227,24,0
15,test,147,854,4,121,15,0
15,test,148,672,1,50,2,0
15,test,149,639,1,477,7,0
15,test,150,117,1,116,1,0
15,test,151,607,1,606,2,0
15,test,152,315,1,369,3,0
15,test,153,900,0,879,183,0
15,test,154,160,1,181,3,0
15,test,155,13,1,508,3,0
15,test,156,339,1,682,1,0
15,test,157,189,1,188,2,0
15,test,158,140,1,139,5,0
15,test,159,205,1,74,1,0
15,test,160,212,0,797,371,0
15,test,161,251,0,613,31,0
15,test,162,344,1,435,2,0
15,test,163,887,1,170,51,0
15,test,164,277,1,884,36,0
15,test,165,329,0,849,314,0
15,test,166,303,1,195,2,0
15,test,167,455,2,406,10,0
15,test,168,296,1,600,5,0
15,test,169,759,1,580,29,0
15,test,170,370,1,83,3,0
15,test,171,710,1,296,1,0
15,test,172,702,1,292,6,0
15,test,173,787,1,22,6,0
15,test,174,89,2,691,7,0
15,test,175,98,0,550,673,0
15,test,176,118,5,57,4,0
15,test,177,4,1,562,2,0
15,test,178,525,0,111,114,0
15,test,179,534,1,313,4,0
15,test,180,143,1,192,1,0
15,test,181,263,1,813,16,0
15,test,182,437,1,673,9,0
15,test,183,701,1,484,3,0
15,test,184,451,1,16,7,0
15,test,185,106,1,485,16,0
15,test,186,529,1,595,5,0
15,test,187,434,1,741,2,0
15,test,188,573,16,509,20,1
15,test,189,18,10,16,6,1
15,test,190,316,10,537,4,1
15,test,191,391,11,125,1,1
15,test,192,98,10,15,8,1
15,test,193,761,10,179,1,1
15,test,194,310,10,829,10,1
15,test,195,674,10,634,4,1
15,test,196,52,10,44,5,1
15,test,197,786,10,771,3,1
15,test,198,655,10,196,1,1
15,test,199,51,10,477,6,1
15,test,200,101,10,42,4,1
15,test,201,12,10,18,1,1
15,test,202,374,10,375,6,1
15,test,203,341,10,354,4,1
15,test,204,206,10,137,9,1
15,test,205,19,10,483,4,1
15,test,206,102,10,816,8,1
15,test,207,618,10,288,11,1
15,test,208,106,10,485,16,1
15,test,209,18,10,12,5,1
15,test,210,134,10,130,2,1
15,test,211,208,10,332,7,1
15,test,212,292,9,136,18,1
15,test,213,47,10,383,2,1
15,test,214,89,10,90,3,1
15,test,215,412,9,744,276,1
15,test,216,697,9,582,336,1
15,test,217,878,10,331,1,1
15,test,218,318,10,151,2,1
15,test,219,354,10,151,2,1
15,test,220,747,10,637,1,1
15,test,221,484,9,652,543,1
15,test,222,581,10,124,1,1
15,test,223,817,10,470,2,1
15,test,224,213,10,765,7,1
15,test,225,52,10,710,5,1
15,test,226,226,10,521,9,1
15,test,227,192,10,553,2,1
15,test,228,10,10,11,3,1
15,test,229,295,10,52,2,1
15,test,230,717,9,31,3,1
15,test,231,573,10,890,16,1
15,test,232,203,10,603,1,1
15,test,233,437,10,375,3,1
15,test,234,222,10,226,4,1
15,test,235,890,10,573,6,1
15,test,236,603,10,24,1,1
15,test,237,129,10,743,10,1
15,test,238,836,10,441,50,1
15,test,239,642,11,395,3,1
15,test,240,301,9,514,13,1
15,test,241,759,10,760,3,1
15,test,242,100,10,552,3,1
15,test,243,322,10,155,9,1
15,test,244,601,10,268,4,1
15,test,245,863,10,310,3,1
15,test,246,151,9,341,3,1
15,test,247,104,11,330,8,1
15,test,248,761,10,180,5,1
15,test,249,144,10,81,3,1
15,test,250,628,10,384,690,1
15,test,251,304,10,195,5,1
15,test,252,15,10,187,2,1
15,test,253,712,10,170,291,1
15,test,254,608,10,815,4,1
15,test,255,32,10,465,478,1
15,test,256,277,10,565,5,1
15,test,257,604,9,665,70,1
15,test,258,451,11,452,7,1
15,test,259,897,10,369,1,1
15,test,260,765,10,161,5,1
15,test,261,272,11,391,6,1
15,test,262,183,10,766,4,1
15,test,263,178,10,270,335,1
15,test,264,522,10,37,5,1
15,test,265,6,9,310,9,1
15,test,266,152,10,178,3,1
15,test,267,163,10,524,3,1
15,test,268,296,10,600,5,1
15,test,269,801,10,744,3,1
15,test,270,509,10,653,4,1
15,test,271,158,10,438,4,1
15,test,272,702,10,292,6,1
15,test,273,497,10,24,1,1
15,test,274,185,10,50,5,1
15,test,275,639,10,477,14,1
15,test,276,187,10,15,3,1
15,test,277,735,10,772,7,1
15,test,278,189,10,831,3,1
15,test,279,221,9,262,534,1
15,test,280,329,10,561,3,1
15,test,281,590,10,904,2,1
15,test,282,350,11,297,4,1
15,test,283,51,10,9,2,1
15,test,284,277,10,15,97,1
15,test,285,118,11,47,2,1
15,test,286,38,9,697,15,1
15,test,287,649,11,650,2,1
15,test,288,78,10,99,10,1
15,test,289,687,10,688,7,1
15,test,290,603,10,203,1,1
15,test,291,252,10,725,1,1
15,test,292,562,10,849,5,1
15,test,293,359,10,685,4,1
15,test,294,843,9,344,114,1
15,test,295,538,10,243,4,1
15,test,296,455,10,250,16,1
15,test,297,838,10,82,2,1
15,test,298,456,10,707,3,1
15,test,299,911,9,23,439,1
15,test,300,139,10,219,1,1
15,test,301,861,9,653,451,1
15,test,302,210,10,917,5,1
15,test,303,649,10,802,267,1
15,test,304,597,10,445,404,1
15,test,305,323,10,129,2,1
15,test,306,154,10,155,6,1
15,test,307,66,10,80,7,1
15,test,308,683,10,78,7,1
15,test,309,351,10,637,1,1
15,test,310,291,10,102,3,1
15,test,311,390,10,799,2,1
15,test,312,82,10,755,7,1
15,test,313,339,14,664,2,1
15,test,314,494,10,725,4,1
15,test,315,281,10,604,6,1
15,test,316,496,10,23,5,1
15,test,317,300,10,369,2,1
15,test,318,723,10,828,2,1
15,test,319,546,9,256,352,1
15,test,320,15,9,755,1,1
15,test,321,4,10,471,2,1
15,test,322,115,10,80,5,1
15,test,323,480,9,850,80,1
15,test,324,629,10,74,3,1
15,test,325,338,10,461,3,1
15,test,326,358,10,692,4,1
15,test,327,501,10,530,485,1
15,test,328,686,10,159,7,1
15,test,329,38,9,483,550,1
15,test,330,725,10,811,7,1
15,test,331,151,10,479,3,1
15,test,332,601,10,267,1,1
15,test,333,58,10,371,1,1
15,test,334,227,9,889,179,1
15,test,335,121,13,854,95,1
15,test,336,50,10,672,11,1
15,test,337,477,10,639,1,1
15,test,338,116,10,117,4,1
15,test,339,606,10,607,6,1
15,test,340,369,10,315,3,1
15,test,341,879,9,900,98,1
15,test,342,181,10,160,9,1
15,test,343,508,10,13,5,1
15,test,344,682,10,339,2,1
15,test,345,188,10,189,3,1
15,test,346,139,10,140,2,1
15,test,347,74,10,205,4,1
15,test,348,797,9,212,63,1
15,test,349,613,9,251,687,1
15,test,350,435,10,344,3,1
15,test,351,170,10,887,17,1
15,test,352,884,10,277,709,1
15,test,353,849,9,329,45,1
15,test,354,195,10,303,1,1
15,test,355,406,11,455,3,1
15,test,356,600,10,296,3,1
15,test,357,580,10,759,67,1
15,test,358,83,10,370,2,1
15,test,359,296,10,710,10,1
15,test,360,292,10,702,2,1
15,test,361,22,10,787,4,1
15,test,362,691,11,89,2,1
15,test,363,550,9,98,749,1
15,test,364,57,14,118,10,1
15,test,365,562,10,4,4,1
15,test,366,111,9,525,156,1
15,test,367,313,10,534,4,1
15,test,368,192,10,143,2,1
15,test,369,813,10,263,45,1
15,test,370,673,10,437,5,1
15,test,371,484,10,701,7,1
15,test,372,16,10,451,7,1
15,test,373,485,10,106,152,1
15,test,374,595,10,529,2,1
15,test,375,741,10,434,1,1
20,val,0,1026,1,2209,459,0
20,val,1,2313,1,31,1,0
20,val,2,474,4,1958,6,0
20,val,3,1751,1,211,2,0
20,val,4,1136,1,395,2,0
20,val,5,66,2,997,6,0
20,val,6,1196,1,953,4,0
20,val,7,2025,0,577,3,0
20,val,8,1168,5,86,1,0
20,val,9,2424,1,79,3,0
20,val,10,53,1,34,5,0
20,val,11,810,1,930,8,0
20,val,12,2411,0,810,1,0
20,val,13,2386,6,2625,57,0
20,val,14,140,1,1900,1308,0
20,val,15,434,0,2078,236,0
20,val,16,2515,0,2166,365,0
20,val,17,1474,1,676,1,0
20,val,18,918,1,923,1,0
20,val,19,552,1,1098,5,0
20,val,20,2582,1,849,3,0
20,val,21,1397,1,49,5,0
20,val,22,2504,1,662,3,0
20,val,23,2311,1,1389,1,0
20,val,24,381,5,380,1,0
20,val,25,1863,1,1862,3,0
20,val,26,2104,1,1399,2,0
20,val,27,1765,2,2633,4,0
20,val,28,1722,0,11,313,0
20,val,29,1338,1,2457,56,0
20,val,30,2022,3,42,72,0
20,val,31,312,1,976,1,0
20,val,32,2639,0,1809,115,0
20,val,33,2133,1,23,7,0
20,val,34,396,1,357,2,0
20,val,35,1185,4,1656,94,0
20,val,36,2619,0,1217,30,0
20,val,37,2602,1,1270,1,0
20,val,38,79,2,1830,300,0
20,val,39,952,1,25,1145,0
20,val,40,906,0,519,294,0
20,val,41,79,2,1861,2056,0
20,val,42,93,0,430,8,0
20,val,43,2674,5,918,171,0
20,val,44,1865,0,143,25,0
20,val,45,826,1,1836,2,0
20,val,46,1205,1,2243,5,0
20,val,47,1432,1,1431,1,0
20,val,48,1895,0,1018,177,0
20,val,49,1202,2,1149,93,0
20,val,50,34,1,2300,17,0
20,val,51,1087,1,173,2333,0
20,val,52,285,1,2512,14,0
20,val,53,943,1,1806,5,0
20,val,54,150,1,1068,1,0
20,val,55,1123,0,399,1,0
20,val,56,317,4,2115,165,0
20,val,57,363,1,2013,5,0
20,val,58,1429,0,143,6,0
20,val,59,2497,0,230,40,0
20,val,60,1930,0,256,1457,0
20,val,61,2581,1,620,1,0
20,val,62,751,1,936,4,0
20,val,63,2012,1,583,1,0
20,val,64,2653,1,1771,1189,0
20,val,65,413,0,1600,43,0
20,val,66,12,1,334,8,0
20,val,67,671,5,2132,1,0
20,val,68,2398,1,2655,138,0
20,val,69,2413,4,1467,1582,0
20,val,70,287,3,249,11,0
20,val,71,1859,1,2054,5,0
20,val,72,1900,1,140,1477,0
20,val,73,327,1,10,6,0
20,val,74,862,1,1806,4,0
20,val,75,2614,1,2273,1,0
20,val,76,1770,1,225,2,0
20,val,77,1975,1,1260,1,0
20,val,78,459,1,409,2,0
20,val,79,1796,0,2516,735,0
20,val,80,54,1,102,9,0
20,val,81,5,0,810,1,0
20,val,82,2561,1,62,5,0
20,val,83,797,1,2142,10,0
20,val,84,2299,0,2154,927,0
20,val,85,8,1,1722,10,0
20,val,86,173,1,1087,487,0
20,val,87,114,0,803,1228,0
20,val,88,848,1,847,4,0
20,val,89,537,1,1538,346,0
20,val,90,871,0,1502,503,0
20,val,91,1391,0,1790,723,0
20,val,92,329,1,271,1,0
20,val,93,427,1,426,6,0
20,val,94,295,1,665,1,0
20,val,95,1705,1,439,2,0
20,val,96,1860,0,561,425,0
20,val,97,764,2,1765,109,0
20,val,98,1016,1,2599,4,0
20,val,99,641,1,1075,14,0
20,val,100,139,0,932,167,0
20,val,101,2421,0,12,19,0
20,val,102,452,1,151,2,0
20,val,103,1472,5,1613,1,0
20,val,104,997,2,1621,4,0
20,val,105,1230,1,978,1,0
20,val,106,1280,1,29,4,0
20,val,107,2092,1,1504,1,0
20,val,108,2455,1,1319,78,0
20,val,109,2255,1,211,2,0
20,val,110,77,4,767,569,0
20,val,111,150,1,1952,3,0
20,val,112,637,1,2187,2,0
20,val,113,35,1,981,6,0
20,val,114,1428,0,1235,29,0
20,val,115,1148,4,928,16,0
20,val,116,1056,1,843,2,0
20,val,117,1230,0,1348,50,0
20,val,118,79,1,879,6,0
20,val,119,2519,1,554,1,0
20,val,120,631,0,283,30,0
20,val,121,564,1,1945,4,0
20,val,122,1137,1,1136,6,0
20,val,123,738,0,1641,1071,0
20,val,124,2472,1,1190,1,0
20,val,125,1245,1,347,4,0
20,val,126,672,1,64,452,0
20,val,127,233,1,1854,4,0
20,val,128,1965,1,1964,2,0
20,val,129,1415,0,1661,4,0
20,val,130,238,1,237,5,0
20,val,131,1999,1,941,5,0
20,val,132,2196,0,969,19,0
20,val,133,2384,1,1488,5,0
20,val,134,462,1,912,256,0
20,val,135,1896,3,957,534,0
20,val,136,1722,1,849,7,0
20,val,137,631,5,798,1,0
20,val,138,2456,1,550,2,0
20,val,139,1286,1,660,1,0
20,val,140,2237,1,1353,1,0
20,val,141,1279,1,2611,9,0
20,val,142,116,2,234,1,0
20,val,143,777,0,328,17,0
20,val,144,2134,1,194,7,0
20,val,145,2013,0,494,196,0
20,val,146,853,1,1420,13,0
20,val,147,10,1,34,8,0
20,val,148,1710,1,148,4,0
20,val,149,215,1,561,2,0
20,val,150,1986,1,468,4,0
20,val,151,952,0,479,28,0
20,val,152,1859,1,992,11,0
20,val,153,1569,5,1988,2,0
20,val,154,756,0,525,898,0
20,val,155,140,1,461,3,0
20,val,156,773,1,2001,4,0
20,val,157,1159,0,1722,16,0
20,val,158,1859,1,773,5,0
20,val,159,1270,0,490,290,0
20,val,160,1498,0,1814,2,0
20,val,161,2260,1,371,6,0
20,val,162,1303,1,315,2,0
20,val,163,1938,1,1319,2,0
20,val,164,531,1,336,107,0
20,val,165,147,0,2535,478,0
20,val,166,841,0,1695,165,0
20,val,167,2030,0,2614,394,0
20,val,168,141,1,394,3,0
20,val,169,2197,0,45,26,0
20,val,170,999,4,2529,17,0
20,val,171,349,1,746,4,0
20,val,172,1658,0,2042,203,0
20,val,173,1176,0,1538,383,0
20,val,174,99,1,71,3,0
20,val,175,1196,1,541,4,0
20,val,176,979,1,1773,8,0
20,val,177,547,0,383,4,0
20,val,178,556,1,2074,1,0
20,val,179,875,1,2364,9,0
20,val,180,2550,0,2687,100,0
20,val,181,148,1,55,1,0
20,val,182,1180,0,1631,121,0
20,val,183,344,1,230,4,0
20,val,184,1099,1,2195,14,0
20,val,185,1035,1,2069,13,0
20,val,186,595,1,2664,15,0
20,val,187,234,1,233,2,0
20,val,188,19,1,662,8,0
20,val,189,1620,2,997,7,0
20,val,190,1794,0,480,92,0
20,val,191,2641,1,454,1,0
20,val,192,2026,1,459,2,0
20,val,193,371,1,1691,4,0
20,val,194,531,1,1671,3,0
20,val,195,1829,1,525,1,0
20,val,196,601,1,221,3,0
20,val,197,1916,1,1161,2,0
20,val,198,618,1,417,11,0
20,val,199,263,0,2226,105,0
20,val,200,938,1,2559,20,0
20,val,201,2412,0,62,1,0
20,val,202,809,1,1005,3,0
20,val,203,1753,0,1174,16,0
20,val,204,277,1,445,160,0
20,val,205,1432,0,2087,654,0
20,val,206,1994,1,187,9,0
20,val,207,68,4,1601,278,0
20,val,208,2580,0,1074,575,0
20,val,209,683,1,198,9,0
20,val,210,2434,0,634,746,0
20,val,211,1756,1,836,1,0
20,val,212,62,4,1624,717,0
20,val,213,653,1,652,6,0
20,val,214,455,1,454,1,0
20,val,215,1952,1,1494,3,0
20,val,216,832,1,1325,2,0
20,val,217,2589,0,377,228,0
20,val,218,2419,0,1197,1330,0
20,val,219,1928,1,1533,3,0
20,val,220,1008,1,668,2,0
20,val,221,1755,1,307,158,0
20,val,222,250,1,429,4,0
20,val,223,602,1,595,96,0
20,val,224,1184,0,1682,35,0
20,val,225,1256,1,54,8,0
20,val,226,480,0,1199,21,0
20,val,227,1171,1,855,1,0
20,val,228,2616,4,456,768,0
20,val,229,963,0,479,1,0
20,val,230,435,1,1684,2,0
20,val,231,2427,1,32,4,0
20,val,232,2399,1,2543,3,0
20,val,233,2344,1,225,1,0
20,val,234,1449,1,2381,2,0
20,val,235,2284,1,1505,1,0
20,val,236,881,0,110,43,0
20,val,237,330,5,1783,1,0
20,val,238,585,1,2508,3,0
20,val,239,1969,0,51,2219,0
20,val,240,223,5,1306,1,0
20,val,241,2637,0,1724,291,0
20,val,242,672,1,345,58,0
20,val,243,912,1,1933,8,0
20,val,244,29,1,1485,34,0
20,val,245,699,0,2452,933,0
20,val,246,791,4,2343,14,0
20,val,247,2444,2,514,1,0
20,val,248,183,0,401,1097,0
20,val,249,380,0,1729,247,0
20,val,250,997,1,1707,4,0
20,val,251,312,0,983,8,0
20,val,252,546,4,620,14,0
20,val,253,1366,1,2507,43,0
20,val,254,371,0,1357,174,0
20,val,255,390,1,881,5,0
20,val,256,106,1,268,1,0
20,val,257,941,1,2144,240,0
20,val,258,114,0,692,227,0
20,val,259,687,0,2496,921,0
20,val,260,133,1,261,4,0
20,val,261,659,0,143,20,0
20,val,262,783,0,1049,193,0
20,val,263,612,0,88,285,0
20,val,264,1705,1,39,3,0
20,val,265,1826,1,962,1,0
20,val,266,25,1,24,5,0
20,val,267,1255,4,2604,3,0
20,val,268,1348,0,1596,23,0
20,val,269,2250,1,2249,1,0
20,val,270,1420,1,853,3,0
20,val,271,2056,1,2220,295,0
20,val,272,103,0,344,51,0
20,val,273,2231,0,888,1503,0
20,val,274,595,0,1347,386,0
20,val,275,39,1,366,6,0
20,val,276,1165,0,1186,1,0
20,val,277,674,1,673,2,0
20,val,278,1402,1,1611,1,0
20,val,279,528,0,1199,27,0
20,val,280,1104,1,1857,2,0
20,val,281,1266,0,545,525,0
20,val,282,2695,0,1,521,0
20,val,283,868,4,2458,59,0
20,val,284,1654,1,158,2,0
20,val,285,940,1,939,7,0
20,val,286,192,1,453,2,0
20,val,287,115,1,336,13,0
20,val,288,450,0,1631,118,0
20,val,289,1367,1,2525,21,0
20,val,290,239,0,2304,347,0
20,val,291,713,1,83,2,0
20,val,292,569,2,1906,8,0
20,val,293,1191,1,29,3,0
20,val,294,112,0,2256,1311,0
20,val,295,1494,1,1299,3,0
20,val,296,1753,1,583,4,0
20,val,297,2185,1,586,7,0
20,val,298,1281,1,2301,5,0
20,val,299,1259,1,212,9,0
20,val,300,971,1,991,13,0
20,val,301,85,1,469,4,0
20,val,302,2514,0,357,162,0
20,val,303,986,1,1814,3,0
20,val,304,1367,1,971,2,0
20,val,305,401,1,1060,3,0
20,val,306,2549,0,2658,685,0
20,val,307,1621,2,1620,1,0
20,val,308,474,4,2146,671,0
20,val,309,2564,0,371,152,0
20,val,310,2608,0,141,202,0
20,val,311,1609,1,25,3,0
20,val,312,1974,0,1199,24,0
20,val,313,2624,1,2122,888,0
20,val,314,2338,0,1217,27,0
20,val,315,339,0,383,4,0
20,val,316,2207,1,2013,2,0
20,val,317,116,1,115,1,0
20,val,318,2370,1,2369,2,0
20,val,319,1574,1,328,2,0
20,val,320,717,5,472,2,0
20,val,321,1566,1,960,2,0
20,val,322,807,5,1373,1,0
20,val,323,2220,1,2056,1833,0
20,val,324,2008,1,2489,3,0
20,val,325,1057,1,598,8,0
20,val,326,147,1,146,1,0
20,val,327,2547,0,1732,285,0
20,val,328,1037,1,189,2,0
20,val,329,1489,1,1708,2,0
20,val,330,826,1,1523,2,0
20,val,331,719,2,81,2,0
20,val,332,1030,1,1029,2,0
20,val,333,1992,1,687,1,0
20,val,334,936,1,2181,5,0
20,val,335,2644,0,1066,1281,0
20,val,336,1939,1,551,3,0
20,val,337,1054,1,2607,3,0
20,val,338,1024,1,1284,8,0
20,val,339,791,4,2223,385,0
20,val,340,1092,1,2132,1,0
20,val,341,598,1,2020,6,0
20,val,342,1065,1,388,4,0
20,val,343,997,2,1620,17,0
20,val,344,146,1,2401,948,0
20,val,345,689,5,971,5,0
20,val,346,2388,0,1358,3,0
20,val,347,1328,1,2600,8,0
20,val,348,918,5,2674,45,0
20,val,349,2511,1,1423,1,0
20,val,350,2144,1,2143,1,0
20,val,351,1097,2,891,1,0
20,val,352,2085,2,1834,1,0
20,val,353,1877,0,2056,253,0
20,val,354,1127,0,2467,314,0
20,val,355,2482,1,2481,1,0
20,val,356,83,1,1551,1,0
20,val,357,666,0,164,14,0
20,val,358,1635,1,1167,3,0
20,val,359,416,1,530,3,0
20,val,360,1294,0,1634,803,0
20,val,361,595,1,594,2,0
20,val,362,2665,1,741,2,0
20,val,363,538,0,1211,2,0
20,val,364,23,1,258,3,0
20,val,365,151,1,2606,21,0
20,val,366,779,0,2692,191,0
20,val,367,1734,5,518,6,0
20,val,368,991,1,150,12,0
20,val,369,458,1,1641,3,0
20,val,370,1551,1,83,1,0
20,val,371,2680,1,126,2,0
20,val,372,910,0,377,265,0
20,val,373,1032,2,514,3,0
20,val,374,2115,4,2079,12,0
20,val,375,1984,1,2688,5,0
20,val,376,963,5,221,2,0
20,val,377,145,0,2347,206,0
20,val,378,1203,0,1437,1941,0
20,val,379,499,4,1545,850,0
20,val,380,1679,0,834,5,0
20,val,381,51,1,1265,3,0
20,val,382,664,3,2201,43,0
20,val,383,2123,0,2157,83,0
20,val,384,217,0,832,495,0
20,val,385,2514,1,4,2,0
20,val,386,1623,1,1775,1,0
20,val,387,595,1,602,413,0
20,val,388,868,4,499,74,0
20,val,389,1225,1,790,2,0
20,val,390,1583,4,1959,6,0
20,val,391,425,0,634,812,0
20,val,392,243,0,62,6,0
20,val,393,523,1,875,8,0
20,val,394,2662,1,1930,1,0
20,val,395,385,1,85,5,0
20,val,396,714,1,858,1,0
20,val,397,2638,1,95,3,0
20,val,398,1397,1,1177,15,0
20,val,399,2657,1,1814,2,0
20,val,400,1953,1,2013,8,0
20,val,401,371,1,2036,1,0
20,val,402,2696,1,176,3,0
20,val,403,2456,1,2260,6,0
20,val,404,1546,0,1,390,0
20,val,405,992,3,1888,12,0
20,val,406,2122,1,2624,36,0
20,val,407,222,1,963,1,0
20,val,408,875,1,1828,16,0
20,val,409,462,1,172,1,0
20,val,410,659,1,658,2,0
20,val,411,646,4,2360,1,0
20,val,412,655,4,2184,113,0
20,val,413,829,1,23,5,0
20,val,414,2195,1,1099,141,0
20,val,415,1963,1,1299,2,0
20,val,416,2197,1,45,2,0
20,val,417,2015,0,1348,39,0
20,val,418,616,1,1647,3,0
20,val,419,60,1,2702,3,0
20,val,420,2433,0,930,2172,0
20,val,421,2014,0,328,12,0
20,val,422,2673,1,545,2,0
20,val,423,1262,4,1694,31,0
20,val,424,32,0,2518,407,0
20,val,425,1045,1,1044,1,0
20,val,426,158,1,138,3,0
20,val,427,2257,1,269,2,0
20,val,428,1388,0,1239,47,0
20,val,429,1898,0,625,448,0
20,val,430,541,1,1196,2,0
20,val,431,2434,1,2301,6,0
20,val,432,990,1,2473,56,0
20,val,433,912,1,462,859,0
20,val,434,611,1,2103,4,0
20,val,435,799,1,1570,4,0
20,val,436,1757,0,1957,1452,0
20,val,437,898,1,1256,12,0
20,val,438,77,0,240,1068,0
20,val,439,1717,1,1825,1,0
20,val,440,2418,1,768,3,0
20,val,441,952,1,1769,874,0
20,val,442,1059,1,1317,4,0
20,val,443,1028,1,1444,752,0
20,val,444,1689,1,1338,2,0
20,val,445,1437,1,1157,2,0
20,val,446,2679,1,4,1,0
20,val,447,205,1,28,4,0
20,val,448,376,0,1357,646,0
20,val,449,2058,0,789,7,0
20,val,450,1988,5,1569,5,0
20,val,451,2231,1,1578,2,0
20,val,452,377,0,1456,21,0
20,val,453,1060,1,673,1,0
20,val,454,1299,1,1963,7,0
20,val,455,2033,0,2620,437,0
20,val,456,1590,1,472,2,0
20,val,457,419,1,418,5,0
20,val,458,1193,1,2096,5,0
20,val,459,1393,1,242,2,0
20,val,460,746,1,1399,5,0
20,val,461,2153,1,863,6,0
20,val,462,1176,5,2693,89,0
20,val,463,2119,1,579,5,0
20,val,464,882,1,467,1,0
20,val,465,2646,0,1154,390,0
20,val,466,467,1,1899,10,0
20,val,467,523,1,522,4,0
20,val,468,20,1,311,5,0
20,val,469,211,1,210,12,0
20,val,470,2638,0,478,164,0
20,val,471,1640,5,2065,6,0
20,val,472,2389,5,359,3,0
20,val,473,991,1,1213,10,0
20,val,474,196,1,1902,4,0
20,val,475,557,1,2073,1,0
20,val,476,980,0,401,278,0
20,val,477,1260,1,1975,1,0
20,val,478,2074,0,2391,1825,0
20,val,479,509,0,1586,759,0
20,val,480,1236,1,380,2,0
20,val,481,2573,0,94,456,0
20,val,482,1641,0,879,215,0
20,val,483,1293,1,2307,3,0
20,val,484,211,1,559,9,0
20,val,485,18,1,1321,19,0
20,val,486,471,0,1461,642,0
20,val,487,608,1,69,1,0
20,val,488,1245,0,1050,1435,0
20,val,489,97,1,2708,6,0
20,val,490,1931,0,733,880,0
20,val,491,1351,0,1853,67,0
20,val,492,209,1,242,4,0
20,val,493,2368,0,569,2,0
20,val,494,984,0,135,371,0
20,val,495,213,0,879,178,0
20,val,496,2451,1,21,845,0
20,val,497,2553,0,794,298,0
20,val,498,482,1,481,3,0
20,val,499,2202,3,2348,159,0
20,val,500,1496,5,942,1,0
20,val,501,2334,1,141,3,0
20,val,502,1703,1,1702,1,0
20,val,503,2024,1,294,1,0
20,val,504,2614,0,565,144,0
20,val,505,230,1,370,2,0
20,val,506,2324,1,253,1,0
20,val,507,378,1,1157,1,0
20,val,508,1634,1,2084,2,0
20,val,509,2382,1,1591,6,0
20,val,510,514,2,513,3,0
20,val,511,1859,5,1171,3,0
20,val,512,333,1,1626,3,0
20,val,513,1697,4,1730,45,0
20,val,514,1243,2,597,13,0
20,val,515,18,1,2707,21,0
20,val,516,2179,0,457,68,0
20,val,517,2213,0,1971,187,0
20,val,518,1418,1,1074,2,0
20,val,519,791,4,2380,5,0
20,val,520,867,2,1032,162,0
20,val,521,202,1,1202,4,0
20,val,522,1896,0,135,55,0
20,val,523,48,0,2214,487,0
20,val,524,2459,1,45,2,0
20,val,525,2452,0,2349,85,0
20,val,526,1490,1,2116,33,0
20,val,527,2188,0,1186,1,0
20,val,528,327,1,2495,39,0
20,val,529,2279,0,403,244,0
20,val,530,2420,1,1161,1,0
20,val,531,1088,7,1087,1,0
20,val,532,2292,0,1358,3,0
20,val,533,1662,1,31,1,0
20,val,534,1080,1,725,11,0
20,val,535,453,1,685,11,0
20,val,536,1579,1,844,5,0
20,val,537,1501,1,1072,2,0
20,val,538,715,1,954,644,0
20,val,539,2102,1,1034,1,0
20,val,540,2688,0,1436,11,0
20,val,541,1620,2,438,62,0
20,val,542,222,0,2533,371,0
20,val,543,2696,0,2323,531,0
20,val,544,757,1,1832,13,0
20,val,545,2374,1,810,4,0
20,val,546,1291,4,1409,35,0
20,val,547,1565,5,926,1,0
20,val,548,2670,0,1950,149,0
20,val,549,79,2,984,136,0
20,val,550,718,5,717,1606,0
20,val,551,1356,0,879,62,0
20,val,552,427,5,390,7,0
20,val,553,12,1,2431,8,0
20,val,554,1500,1,2694,8,0
20,val,555,422,1,621,2,0
20,val,556,912,1,64,6,0
20,val,557,1373,5,807,2,0
20,val,558,941,5,2153,5,0
20,val,559,1612,0,432,1435,0
20,val,560,1544,1,1249,2,0
20,val,561,223,1,2088,11,0
20,val,562,84,1,1552,1,0
20,val,563,2135,0,38,301,0
20,val,564,700,2,2427,116,0
20,val,565,2655,1,2398,2443,0
20,val,566,91,2,770,1,0
20,val,567,1444,1,1443,1,0
20,val,568,2115,4,1880,471,0
20,val,569,1135,1,174,3,0
20,val,570,253,1,2324,1,0
20,val,571,290,0,452,182,0
20,val,572,2673,5,1401,2,0
20,val,573,724,1,169,4,0
20,val,574,2485,0,18,166,0
20,val,575,2221,1,2536,5,0
20,val,576,1392,1,1380,2,0
20,val,577,1830,1,1746,4,0
20,val,578,2031,0,2663,126,0
20,val,579,1941,4,2612,24,0
20,val,580,2297,4,2449,128,0
20,val,581,2437,1,662,5,0
20,val,582,176,1,2321,7,0
20,val,583,546,4,2022,6,0
20,val,584,1890,1,943,1,0
20,val,585,1624,0,791,407,0
20,val,586,1991,1,990,6,0
20,val,587,361,0,2323,541,0
20,val,588,1248,0,230,38,0
20,val,589,21,1,2451,123,0
20,val,590,1941,0,240,903,0
20,val,591,629,1,2060,3,0
20,val,592,1824,0,2260,436,0
20,val,593,1473,1,813,10,0
20,val,594,136,0,222,76,0
20,val,595,597,2,1243,109,0
20,val,596,708,1,1863,196,0
20,val,597,42,4,483,116,0
20,val,598,1593,1,543,4,0
20,val,599,696,0,1216,145,0
20,val,600,1190,1,1189,5,0
20,val,601,372,0,983,13,0
20,val,602,23,1,829,3,0
20,val,603,8,5,309,5,0
20,val,604,1424,1,659,6,0
20,val,605,2124,1,1790,5,0
20,val,606,2222,1,1104,1,0
20,val,607,1338,1,2588,11,0
20,val,608,2335,1,143,1,0
20,val,609,1973,0,833,1883,0
20,val,610,765,1,764,4,0
20,val,611,1383,0,1922,75,0
20,val,612,691,0,2015,3,0
20,val,613,910,1,122,8,0
20,val,614,2267,1,972,6,0
20,val,615,1145,0,401,1118,0
20,val,616,751,0,983,24,0
20,val,617,176,1,1837,23,0
20,val,618,815,2,355,817,0
20,val,619,983,0,64,18,0
20,val,620,999,4,2493,65,0
20,val,621,2023,1,1647,2,0
20,val,622,2294,3,1214,659,0
20,val,623,376,1,736,6,0
20,val,624,1370,1,174,7,0
20,val,625,875,1,963,3,0
20,val,626,1171,5,1859,7,0
20,val,627,104,1,1726,1,0
20,val,628,2710,1,1281,1,0
20,val,629,1132,1,1116,3,0
20,val,630,2209,10,1026,1667,1
20,val,631,31,10,2313,3,1
20,val,632,1958,13,474,3,1
20,val,633,211,10,1751,14,1
20,val,634,395,10,1136,3,1
20,val,635,997,11,66,5,1
20,val,636,953,10,1196,2,1
20,val,637,577,9,2025,1,1
20,val,638,86,14,1168,1,1
20,val,639,79,10,2424,33,1
20,val,640,34,10,53,8,1
20,val,641,930,10,810,2,1
20,val,642,810,9,2411,2,1
20,val,643,2625,15,2386,506,1
20,val,644,1900,10,140,1553,1
20,val,645,2078,9,434,405,1
20,val,646,2166,9,2515,627,1
20,val,647,676,10,1474,3,1
20,val,648,923,10,918,3,1
20,val,649,1098,10,552,1,1
20,val,650,849,10,2582,17,1
20,val,651,49,10,1397,12,1
20,val,652,662,10,2504,27,1
20,val,653,1389,10,2311,2,1
20,val,654,380,14,381,1,1
20,val,655,1862,10,1863,1,1
20,val,656,1399,10,2104,7,1
20,val,657,2633,11,1765,2,1
20,val,658,11,9,1722,639,1
20,val,659,2457,10,1338,388,1
20,val,660,42,12,2022,262,1
20,val,661,976,10,312,2,1
20,val,662,1809,9,2639,567,1
20,val,663,23,10,2133,2,1
20,val,664,357,10,396,3,1
20,val,665,1656,13,1185,47,1
20,val,666,1217,9,2619,546,1
20,val,667,1270,10,2602,8,1
20,val,668,1830,11,79,33,1
20,val,669,25,10,952,950,1
20,val,670,519,9,906,21,1
20,val,671,1861,11,79,25,1
20,val,672,430,9,93,7,1
20,val,673,918,14,2674,48,1
20,val,674,143,9,1865,93,1
20,val,675,1836,10,826,20,1
20,val,676,2243,10,1205,575,1
20,val,677,1431,10,1432,5,1
20,val,678,1018,9,1895,15,1
20,val,679,1149,11,1202,1036,1
20,val,680,2300,10,34,4,1
20,val,681,173,10,1087,517,1
20,val,682,2512,10,285,1804,1
20,val,683,1806,10,943,1,1
20,val,684,1068,10,150,5,1
20,val,685,399,9,1123,2,1
20,val,686,2115,13,317,28,1
20,val,687,2013,10,363,2,1
20,val,688,143,9,1429,1,1
20,val,689,230,9,2497,601,1
20,val,690,256,9,1930,58,1
20,val,691,620,10,2581,2,1
20,val,692,936,10,751,6,1
20,val,693,583,10,2012,4,1
20,val,694,1771,10,2653,186,1
20,val,695,1600,9,413,354,1
20,val,696,334,10,12,1,1
20,val,697,2132,14,671,2,1
20,val,698,2655,10,2398,2487,1
20,val,699,1467,13,2413,109,1
20,val,700,249,12,287,4,1
20,val,701,2054,10,1859,4,1
20,val,702,140,10,1900,1286,1
20,val,703,10,10,327,21,1
20,val,704,1806,10,862,6,1
20,val,705,2273,10,2614,21,1
20,val,706,225,10,1770,3,1
20,val,707,1260,10,1975,1,1
20,val,708,409,10,459,12,1
20,val,709,2516,9,1796,242,1
20,val,710,102,10,54,7,1
20,val,711,810,9,5,3,1
20,val,712,62,10,2561,46,1
20,val,713,2142,10,797,5,1
20,val,714,2154,9,2299,260,1
20,val,715,1722,10,8,9,1
20,val,716,1087,10,173,2319,1
20,val,717,803,9,114,1461,1
20,val,718,847,10,848,1,1
20,val,719,1538,10,537,68,1
20,val,720,1502,9,871,733,1
20,val,721,1790,9,1391,806,1
20,val,722,271,10,329,1,1
20,val,723,426,10,427,5,1
20,val,724,665,10,295,3,1
20,val,725,439,10,1705,9,1
20,val,726,561,9,1860,1067,1
20,val,727,1765,11,764,1361,1
20,val,728,2599,10,1016,2,1
20,val,729,1075,10,641,1,1
20,val,730,932,9,139,343,1
20,val,731,12,9,2421,4,1
20,val,732,151,10,452,20,1
20,val,733,1613,14,1472,14,1
20,val,734,1621,11,997,5,1
20,val,735,978,10,1230,3,1
20,val,736,29,10,1280,10,1
20,val,737,1504,10,2092,3,1
20,val,738,1319,10,2455,1736,1
20,val,739,211,10,2255,6,1
20,val,740,767,13,77,19,1
20,val,741,1952,10,150,15,1
20,val,742,2187,10,637,1,1
20,val,743,981,10,35,3,1
20,val,744,1235,9,1428,1081,1
20,val,745,928,13,1148,14,1
20,val,746,843,10,1056,3,1
20,val,747,1348,9,1230,285,1
20,val,748,879,10,79,2,1
20,val,749,554,10,2519,3,1
20,val,750,283,9,631,10,1
20,val,751,1945,10,564,1,1
20,val,752,1136,10,1137,8,1
20,val,753,1641,9,738,83,1
20,val,754,1190,10,2472,4,1
20,val,755,347,10,1245,7,1
20,val,756,64,10,672,87,1
20,val,757,1854,10,233,3,1
20,val,758,1964,10,1965,8,1
20,val,759,1661,9,1415,1,1
20,val,760,237,10,238,2,1
20,val,761,941,10,1999,12,1
20,val,762,969,9,2196,671,1
20,val,763,1488,10,2384,3,1
20,val,764,912,10,462,934,1
20,val,765,957,12,1896,1527,1
20,val,766,849,10,1722,3,1
20,val,767,798,14,631,2,1
20,val,768,550,10,2456,9,1
20,val,769,660,10,1286,3,1
20,val,770,1353,10,2237,7,1
20,val,771,2611,10,1279,1,1
20,val,772,234,11,116,7,1
20,val,773,328,9,777,662,1
20,val,774,194,10,2134,3,1
20,val,775,494,9,2013,1062,1
20,val,776,1420,10,853,4,1
20,val,777,34,10,10,5,1
20,val,778,148,10,1710,3,1
20,val,779,561,10,215,2,1
20,val,780,468,10,1986,5,1
20,val,781,479,9,952,5,1
20,val,782,992,10,1859,3,1
20,val,783,1988,14,1569,4,1
20,val,784,525,9,756,396,1
20,val,785,461,10,140,2,1
20,val,786,2001,10,773,3,1
20,val,787,1722,9,1159,6,1
20,val,788,773,10,1859,8,1
20,val,789,490,9,1270,496,1
20,val,790,1814,9,1498,1,1
20,val,791,371,10,2260,2,1
20,val,792,315,10,1303,2,1
20,val,793,1319,10,1938,5,1
20,val,794,336,10,531,22,1
20,val,795,2535,9,147,528,1
20,val,796,1695,9,841,134,1
20,val,797,2614,9,2030,35,1
20,val,798,394,10,141,5,1
20,val,799,45,9,2197,7,1
20,val,800,2529,13,999,6,1
20,val,801,746,10,349,2,1
20,val,802,2042,9,1658,306,1
20,val,803,1538,9,1176,54,1
20,val,804,71,10,99,5,1
20,val,805,541,10,1196,2,1
20,val,806,1773,10,979,2,1
20,val,807,383,9,547,57,1
20,val,808,2074,10,556,2,1
20,val,809,2364,10,875,2,1
20,val,810,2687,9,2550,652,1
20,val,811,55,10,148,3,1
20,val,812,1631,9,1180,1079,1
20,val,813,230,10,344,2,1
20,val,814,2195,10,1099,126,1
20,val,815,2069,10,1035,2,1
20,val,816,2664,10,595,772,1
20,val,817,233,10,234,2,1
20,val,818,662,10,19,8,1
20,val,819,997,11,1620,10,1
20,val,820,480,9,1794,215,1
20,val,821,454,10,2641,10,1
20,val,822,459,10,2026,3,1
20,val,823,1691,10,371,7,1
20,val,824,1671,10,531,1,1
20,val,825,525,10,1829,5,1
20,val,826,221,10,601,5,1
20,val,827,1161,10,1916,1,1
20,val,828,417,10,618,9,1
20,val,829,2226,9,263,12,1
20,val,830,2559,10,938,2,1
20,val,831,62,9,2412,592,1
20,val,832,1005,10,809,7,1
20,val,833,1174,9,1753,605,1
20,val,834,445,10,277,1249,1
20,val,835,2087,9,1432,83,1
20,val,836,187,10,1994,12,1
20,val,837,1601,13,68,24,1
20,val,838,1074,9,2580,68,1
20,val,839,198,10,683,4,1
20,val,840,634,9,2434,703,1
20,val,841,836,10,1756,4,1
20,val,842,1624,13,62,286,1
20,val,843,652,10,653,2,1
20,val,844,454,10,455,10,1
20,val,845,1494,10,1952,2,1
20,val,846,1325,10,832,1,1
20,val,847,377,9,2589,596,1
20,val,848,1197,9,2419,1192,1
20,val,849,1533,10,1928,7,1
20,val,850,668,10,1008,7,1
20,val,851,307,10,1755,36,1
20,val,852,429,10,250,6,1
20,val,853,595,10,602,438,1
20,val,854,1682,9,1184,3,1
20,val,855,54,10,1256,13,1
20,val,856,1199,9,480,153,1
20,val,857,855,10,1171,4,1
20,val,858,456,13,2616,242,1
20,val,859,479,9,963,1,1
20,val,860,1684,10,435,2,1
20,val,861,32,10,2427,4,1
20,val,862,2543,10,2399,1,1
20,val,863,225,10,2344,6,1
20,val,864,2381,10,1449,3,1
20,val,865,1505,10,2284,3,1
20,val,866,110,9,881,896,1
20,val,867,1783,14,330,1,1
20,val,868,2508,10,585,2,1
20,val,869,51,9,1969,213,1
20,val,870,1306,14,223,4,1
20,val,871,1724,9,2637,233,1
20,val,872,345,10,672,2,1
20,val,873,1933,10,912,2,1
20,val,874,1485,10,29,187,1
20,val,875,2452,9,699,1066,1
20,val,876,2343,13,791,18,1
20,val,877,514,11,2444,8,1
20,val,878,401,9,183,711,1
20,val,879,1729,9,380,300,1
20,val,880,1707,10,997,1,1
20,val,881,983,9,312,81,1
20,val,882,620,13,546,1,1
20,val,883,2507,10,1366,521,1
20,val,884,1357,9,371,8,1
20,val,885,881,10,390,6,1
20,val,886,268,10,106,9,1
20,val,887,2144,10,941,628,1
20,val,888,692,9,114,1407,1
20,val,889,2496,9,687,49,1
20,val,890,261,10,133,1,1
20,val,891,143,9,659,12,1
20,val,892,1049,9,783,26,1
20,val,893,88,9,612,330,1
20,val,894,39,10,1705,20,1
20,val,895,962,10,1826,6,1
20,val,896,24,10,25,5,1
20,val,897,2604,13,1255,1,1
20,val,898,1596,9,1348,1416,1
20,val,899,2249,10,2250,8,1
20,val,900,853,10,1420,14,1
20,val,901,2220,10,2056,1839,1
20,val,902,344,9,103,1080,1
20,val,903,888,9,2231,2097,1
20,val,904,1347,9,595,589,1
20,val,905,366,10,39,3,1
20,val,906,1186,9,1165,10,1
20,val,907,673,10,674,3,1
20,val,908,1611,10,1402,2,1
20,val,909,1199,9,528,1207,1
20,val,910,1857,10,1104,2,1
20,val,911,545,9,1266,1049,1
20,val,912,1,9,2695,1363,1
20,val,913,2458,13,868,211,1
20,val,914,158,10,1654,3,1
20,val,915,939,10,940,1,1
20,val,916,453,10,192,9,1
20,val,917,336,10,115,4,1
20,val,918,1631,9,450,762,1
20,val,919,2525,10,1367,1,1
20,val,920,2304,9,239,2392,1
20,val,921,83,10,713,5,1
20,val,922,1906,11,569,2,1
20,val,923,29,10,1191,2,1
20,val,924,2256,9,112,399,1
20,val,925,1299,10,1494,17,1
20,val,926,583,10,1753,5,1
20,val,927,586,10,2185,3,1
20,val,928,2301,10,1281,1,1
20,val,929,212,10,1259,7,1
20,val,930,991,10,971,3,1
20,val,931,469,10,85,4,1
20,val,932,357,9,2514,391,1
20,val,933,1814,10,986,3,1
20,val,934,971,10,1367,4,1
20,val,935,1060,10,401,1,1
20,val,936,2658,9,2549,566,1
20,val,937,1620,11,1621,3,1
20,val,938,2146,13,474,9,1
20,val,939,371,9,2564,904,1
20,val,940,141,9,2608,892,1
20,val,941,25,10,1609,7,1
20,val,942,1199,9,1974,693,1
20,val,943,2122,10,2624,44,1
20,val,944,1217,9,2338,168,1
20,val,945,383,9,339,23,1
20,val,946,2013,10,2207,4,1
20,val,947,115,10,116,18,1
20,val,948,2369,10,2370,5,1
20,val,949,328,10,1574,41,1
20,val,950,472,14,717,53,1
20,val,951,960,10,1566,1,1
20,val,952,1373,14,807,3,1
20,val,953,2056,10,2220,278,1
20,val,954,2489,10,2008,1,1
20,val,955,598,10,1057,4,1
20,val,956,146,10,147,5,1
20,val,957,1732,9,2547,200,1
20,val,958,189,10,1037,3,1
20,val,959,1708,10,1489,2,1
20,val,960,1523,10,826,16,1
20,val,961,81,11,719,3,1
20,val,962,1029,10,1030,3,1
20,val,963,687,10,1992,2,1
20,val,964,2181,10,936,7,1
20,val,965,1066,9,2644,79,1
20,val,966,551,10,1939,7,1
20,val,967,2607,10,1054,2,1
20,val,968,1284,10,1024,6,1
20,val,969,2223,13,791,19,1
20,val,970,2132,10,1092,5,1
20,val,971,2020,10,598,7,1
20,val,972,388,10,1065,13,1
20,val,973,1620,11,997,8,1
20,val,974,2401,10,146,159,1
20,val,975,971,14,689,2,1
20,val,976,1358,9,2388,2,1
20,val,977,2600,10,1328,2,1
20,val,978,2674,14,918,150,1
20,val,979,1423,10,2511,1,1
20,val,980,2143,10,2144,1,1
20,val,981,891,11,1097,5,1
20,val,982,1834,11,2085,4,1
20,val,983,2056,9,1877,62,1
20,val,984,2467,9,1127,20,1
20,val,985,2481,10,2482,3,1
20,val,986,1551,10,83,1,1
20,val,987,164,9,666,317,1
20,val,988,1167,10,1635,4,1
20,val,989,530,10,416,11,1
20,val,990,1634,9,1294,43,1
20,val,991,594,10,595,3,1
20,val,992,741,10,2665,5,1
20,val,993,1211,9,538,1,1
20,val,994,258,10,23,8,1
20,val,995,2606,10,151,2,1
20,val,996,2692,9,779,1138,1
20,val,997,518,14,1734,2,1
20,val,998,150,10,991,11,1
20,val,999,1641,10,458,3,1
20,val,1000,83,10,1551,1,1
20,val,1001,126,10,2680,2,1
20,val,1002,377,9,910,664,1
20,val,1003,514,11,1032,1,1
20,val,1004,2079,13,2115,23,1
20,val,1005,2688,10,1984,2,1
20,val,1006,221,14,963,6,1
20,val,1007,2347,9,145,364,1
20,val,1008,1437,9,1203,944,1
20,val,1009,1545,13,499,29,1
20,val,1010,834,9,1679,471,1
20,val,1011,1265,10,51,2,1
20,val,1012,2201,12,664,1044,1
20,val,1013,2157,9,2123,284,1
20,val,1014,832,9,217,860,1
20,val,1015,4,10,2514,6,1
20,val,1016,1775,10,1623,1,1
20,val,1017,602,10,595,90,1
20,val,1018,499,13,868,212,1
20,val,1019,790,10,1225,5,1
20,val,1020,1959,13,1583,60,1
20,val,1021,634,9,425,227,1
20,val,1022,62,9,243,1161,1
20,val,1023,875,10,523,8,1
20,val,1024,1930,10,2662,1,1
20,val,1025,85,10,385,6,1
20,val,1026,858,10,714,6,1
20,val,1027,95,10,2638,20,1
20,val,1028,1177,10,1397,2,1
20,val,1029,1814,10,2657,9,1
20,val,1030,2013,10,1953,2,1
20,val,1031,2036,10,371,2,1
20,val,1032,176,10,2696,11,1
20,val,1033,2260,10,2456,4,1
20,val,1034,1,9,1546,200,1
20,val,1035,1888,12,992,565,1
20,val,1036,2624,10,2122,861,1
20,val,1037,963,10,222,3,1
20,val,1038,1828,10,875,2,1
20,val,1039,172,10,462,12,1
20,val,1040,658,10,659,1,1
20,val,1041,2360,13,646,98,1
20,val,1042,2184,13,655,13,1
20,val,1043,23,10,829,2,1
20,val,1044,1099,10,2195,20,1
20,val,1045,1299,10,1963,7,1
20,val,1046,45,10,2197,7,1
20,val,1047,1348,9,2015,737,1
20,val,1048,1647,10,616,5,1
20,val,1049,2702,10,60,1,1
20,val,1050,930,9,2433,1229,1
20,val,1051,328,9,2014,112,1
20,val,1052,545,10,2673,14,1
20,val,1053,1694,13,1262,201,1
20,val,1054,2518,9,32,913,1
20,val,1055,1044,10,1045,1,1
20,val,1056,138,10,158,1,1
20,val,1057,269,10,2257,6,1
20,val,1058,1239,9,1388,1187,1
20,val,1059,625,9,1898,191,1
20,val,1060,1196,10,541,5,1
20,val,1061,2301,10,2434,1,1
20,val,1062,2473,10,990,489,1
20,val,1063,462,10,912,240,1
20,val,1064,2103,10,611,9,1
20,val,1065,1570,10,799,7,1
20,val,1066,1957,9,1757,555,1
20,val,1067,1256,10,898,9,1
20,val,1068,240,9,77,150,1
20,val,1069,1825,10,1717,1,1
20,val,1070,768,10,2418,15,1
20,val,1071,1769,10,952,1164,1
20,val,1072,1317,10,1059,2,1
20,val,1073,1444,10,1028,1380,1
20,val,1074,1338,10,1689,4,1
20,val,1075,1157,10,1437,3,1
20,val,1076,4,10,2679,12,1
20,val,1077,28,10,205,5,1
20,val,1078,1357,9,376,349,1
20,val,1079,789,9,2058,2,1
20,val,1080,1569,14,1988,1,1
20,val,1081,1578,10,2231,1,1
20,val,1082,1456,9,377,266,1
20,val,1083,673,10,1060,1,1
20,val,1084,1963,10,1299,2,1
20,val,1085,2620,9,2033,772,1
20,val,1086,472,10,1590,4,1
20,val,1087,418,10,419,2,1
20,val,1088,2096,10,1193,12,1
20,val,1089,242,10,1393,11,1
20,val,1090,1399,10,746,7,1
20,val,1091,863,10,2153,3,1
20,val,1092,2693,14,1176,135,1
20,val,1093,579,10,2119,8,1
20,val,1094,467,10,882,12,1
20,val,1095,1154,9,2646,28,1
20,val,1096,1899,10,467,1,1
20,val,1097,522,10,523,5,1
20,val,1098,311,10,20,4,1
20,val,1099,210,10,211,2,1
20,val,1100,478,9,2638,919,1
20,val,1101,2065,14,1640,6,1
20,val,1102,359,14,2389,5,1
20,val,1103,1213,10,991,4,1
20,val,1104,1902,10,196,1,1
20,val,1105,2073,10,557,2,1
20,val,1106,401,9,980,19,1
20,val,1107,1975,10,1260,1,1
20,val,1108,2391,9,2074,1084,1
20,val,1109,1586,9,509,816,1
20,val,1110,380,10,1236,30,1
20,val,1111,94,9,2573,605,1
20,val,1112,879,9,1641,327,1
20,val,1113,2307,10,1293,10,1
20,val,1114,559,10,211,8,1
20,val,1115,1321,10,18,3,1
20,val,1116,1461,9,471,468,1
20,val,1117,69,10,608,1,1
20,val,1118,1050,9,1245,478,1
20,val,1119,2708,10,97,5,1
20,val,1120,733,9,1931,15,1
20,val,1121,1853,9,1351,1121,1
20,val,1122,242,10,209,6,1
20,val,1123,569,9,2368,5,1
20,val,1124,135,9,984,340,1
20,val,1125,879,9,213,57,1
20,val,1126,21,10,2451,115,1
20,val,1127,794,9,2553,118,1
20,val,1128,481,10,482,2,1
20,val,1129,2348,12,2202,2728,1
20,val,1130,942,14,1496,1,1
20,val,1131,141,10,2334,14,1
20,val,1132,1702,10,1703,3,1
20,val,1133,294,10,2024,8,1
20,val,1134,565,9,2614,183,1
20,val,1135,370,10,230,3,1
20,val,1136,253,10,2324,1,1
20,val,1137,1157,10,378,11,1
20,val,1138,2084,10,1634,3,1
20,val,1139,1591,10,2382,2,1
20,val,1140,513,11,514,1,1
20,val,1141,1171,14,1859,9,1
20,val,1142,1626,10,333,2,1
20,val,1143,1730,13,1697,433,1
20,val,1144,597,11,1243,5,1
20,val,1145,2707,10,18,2,1
20,val,1146,457,9,2179,715,1
20,val,1147,1971,9,2213,1256,1
20,val,1148,1074,10,1418,3,1
20,val,1149,2380,13,791,3,1
20,val,1150,1032,11,867,624,1
20,val,1151,1202,10,202,15,1
20,val,1152,135,9,1896,3,1
20,val,1153,2214,9,48,137,1
20,val,1154,45,10,2459,7,1
20,val,1155,2349,9,2452,784,1
20,val,1156,2116,10,1490,1275,1
20,val,1157,1186,9,2188,5,1
20,val,1158,2495,10,327,504,1
20,val,1159,403,9,2279,226,1
20,val,1160,1161,10,2420,3,1
20,val,1161,1087,16,1088,5,1
20,val,1162,1358,9,2292,2,1
20,val,1163,31,10,1662,3,1
20,val,1164,725,10,1080,7,1
20,val,1165,685,10,453,12,1
20,val,1166,844,10,1579,4,1
20,val,1167,1072,10,1501,6,1
20,val,1168,954,10,715,494,1
20,val,1169,1034,10,2102,2,1
20,val,1170,1436,9,2688,1,1
20,val,1171,438,11,1620,802,1
20,val,1172,2533,9,222,273,1
20,val,1173,2323,9,2696,1007,1
20,val,1174,1832,10,757,1,1
20,val,1175,810,10,2374,5,1
20,val,1176,1409,13,1291,1098,1
20,val,1177,926,14,1565,1,1
20,val,1178,1950,9,2670,765,1
20,val,1179,984,11,79,25,1
20,val,1180,717,14,718,841,1
20,val,1181,879,9,1356,9,1
20,val,1182,390,14,427,6,1
20,val,1183,2431,10,12,1,1
20,val,1184,2694,10,1500,3,1
20,val,1185,621,10,422,3,1
20,val,1186,64,10,912,9,1
20,val,1187,807,14,1373,1,1
20,val,1188,2153,14,941,5,1
20,val,1189,432,9,1612,491,1
20,val,1190,1249,10,1544,3,1
20,val,1191,2088,10,223,5,1
20,val,1192,1552,10,84,3,1
20,val,1193,38,9,2135,748,1
20,val,1194,2427,11,700,9,1
20,val,1195,2398,10,2655,157,1
20,val,1196,770,11,91,3,1
20,val,1197,1443,10,1444,1,1
20,val,1198,1880,13,2115,24,1
20,val,1199,174,10,1135,18,1
20,val,1200,2324,10,253,1,1
20,val,1201,452,9,290,594,1
20,val,1202,1401,14,2673,1,1
20,val,1203,169,10,724,7,1
20,val,1204,18,9,2485,3,1
20,val,1205,2536,10,2221,1,1
20,val,1206,1380,10,1392,2,1
20,val,1207,1746,10,1830,1,1
20,val,1208,2663,9,2031,334,1
20,val,1209,2612,13,1941,91,1
20,val,1210,2449,13,2297,399,1
20,val,1211,662,10,2437,18,1
20,val,1212,2321,10,176,3,1
20,val,1213,2022,13,546,1,1
20,val,1214,943,10,1890,16,1
20,val,1215,791,9,1624,63,1
20,val,1216,990,10,1991,4,1
20,val,1217,2323,9,361,341,1
20,val,1218,230,9,1248,1522,1
20,val,1219,2451,10,21,897,1
20,val,1220,240,9,1941,1173,1
20,val,1221,2060,10,629,1,1
20,val,1222,2260,9,1824,703,1
20,val,1223,813,10,1473,11,1
20,val,1224,222,9,136,1172,1
20,val,1225,1243,11,597,10,1
20,val,1226,1863,10,708,575,1
20,val,1227,483,13,42,49,1
20,val,1228,543,10,1593,2,1
20,val,1229,1216,9,696,440,1
20,val,1230,1189,10,1190,2,1
20,val,1231,983,9,372,779,1
20,val,1232,829,10,23,5,1
20,val,1233,309,14,8,1,1
20,val,1234,659,10,1424,6,1
20,val,1235,1790,10,2124,6,1
20,val,1236,1104,10,2222,2,1
20,val,1237,2588,10,1338,392,1
20,val,1238,143,10,2335,28,1
20,val,1239,833,9,1973,414,1
20,val,1240,764,10,765,3,1
20,val,1241,1922,9,1383,605,1
20,val,1242,2015,9,691,2,1
20,val,1243,122,10,910,7,1
20,val,1244,972,10,2267,9,1
20,val,1245,401,9,1145,642,1
20,val,1246,983,9,751,114,1
20,val,1247,1837,10,176,1,1
20,val,1248,355,11,815,836,1
20,val,1249,64,9,983,45,1
20,val,1250,2493,13,999,9,1
20,val,1251,1647,10,2023,8,1
20,val,1252,1214,12,2294,2103,1
20,val,1253,736,10,376,3,1
20,val,1254,174,10,1370,22,1
20,val,1255,963,10,875,3,1
20,val,1256,1859,14,1171,5,1
20,val,1257,1726,10,104,1,1
20,val,1258,1281,10,2710,5,1
20,val,1259,1116,10,1132,2,1
20,test,0,509,7,573,12,0
20,test,1,16,1,18,6,0
20,test,2,537,1,316,2,0
20,test,3,125,2,391,1,0
20,test,4,15,1,98,4,0
20,test,5,179,1,761,2,0
20,test,6,829,1,310,3,0
20,test,7,634,1,674,2,0
20,test,8,44,1,52,3,0
20,test,9,771,1,786,5,0
20,test,10,196,1,655,8,0
20,test,11,477,1,51,4,0
20,test,12,42,1,101,7,0
20,test,13,18,1,12,5,0
20,test,14,375,1,374,7,0
20,test,15,354,1,341,3,0
20,test,16,137,1,206,4,0
20,test,17,483,1,19,3,0
20,test,18,816,1,102,3,0
20,test,19,288,1,618,7,0
20,test,20,485,1,106,168,0
20,test,21,12,1,18,1,0
20,test,22,130,1,134,2,0
20,test,23,332,1,208,4,0
20,test,24,136,0,292,82,0
20,test,25,383,1,47,2,0
20,test,26,90,1,89,4,0
20,test,27,744,0,412,36,0
20,test,28,582,0,697,536,0
20,test,29,331,1,878,2,0
20,test,30,151,1,318,9,0
20,test,31,151,1,354,1,0
20,test,32,637,1,747,2,0
20,test,33,652,0,484,375,0
20,test,34,124,1,581,2,0
20,test,35,470,1,817,4,0
20,test,36,765,1,213,3,0
20,test,37,710,1,52,2,0
20,test,38,521,1,226,4,0
20,test,39,553,1,192,2,0
20,test,40,11,1,10,1,0
20,test,41,52,1,295,4,0
20,test,42,31,0,717,7,0
20,test,43,890,1,573,14,0
20,test,44,603,1,203,2,0
20,test,45,375,1,437,3,0
20,test,46,226,1,222,3,0
20,test,47,573,1,890,14,0
20,test,48,24,1,603,3,0
20,test,49,743,1,129,2,0
20,test,50,441,1,836,65,0
20,test,51,395,2,642,2,0
20,test,52,514,0,301,4,0
20,test,53,760,1,759,1,0
20,test,54,552,1,100,1,0
20,test,55,155,1,322,5,0
20,test,56,268,1,601,5,0
20,test,57,310,1,863,12,0
20,test,58,341,0,151,1,0
20,test,59,330,2,104,2,0
20,test,60,180,1,761,7,0
20,test,61,81,1,144,2,0
20,test,62,384,1,628,31,0
20,test,63,195,1,304,1,0
20,test,64,187,1,15,3,0
20,test,65,170,1,712,52,0
20,test,66,815,1,608,2,0
20,test,67,465,1,32,268,0
20,test,68,565,1,277,3,0
20,test,69,665,0,604,371,0
20,test,70,452,2,451,33,0
20,test,71,369,1,897,6,0
20,test,72,161,1,765,3,0
20,test,73,391,2,272,3,0
20,test,74,766,1,183,1,0
20,test,75,270,1,178,62,0
20,test,76,37,1,522,6,0
20,test,77,310,0,6,4,0
20,test,78,178,1,152,7,0
20,test,79,524,1,163,3,0
20,test,80,600,1,296,3,0
20,test,81,744,1,801,2,0
20,test,82,653,1,509,1,0
20,test,83,438,1,158,5,0
20,test,84,292,1,702,4,0
20,test,85,24,1,497,3,0
20,test,86,50,1,185,7,0
20,test,87,477,1,639,2,0
20,test,88,15,1,187,2,0
20,test,89,772,1,735,2,0
20,test,90,831,1,189,1,0
20,test,91,262,0,221,222,0
20,test,92,561,1,329,2,0
20,test,93,904,1,590,1,0
20,test,94,297,2,350,3,0
20,test,95,9,1,51,3,0
20,test,96,15,1,277,787,0
20,test,97,47,2,118,3,0
20,test,98,697,0,38,179,0
20,test,99,650,2,649,2,0
20,test,100,99,1,78,4,0
20,test,101,688,1,687,2,0
20,test,102,203,1,603,2,0
20,test,103,725,1,252,12,0
20,test,104,849,1,562,4,0
20,test,105,685,1,359,6,0
20,test,106,344,0,843,20,0
20,test,107,243,1,538,2,0
20,test,108,250,1,455,45,0
20,test,109,82,1,838,7,0
20,test,110,707,1,456,1,0
20,test,111,23,0,911,30,0
20,test,112,219,1,139,2,0
20,test,113,653,0,861,153,0
20,test,114,917,1,210,3,0
20,test,115,802,1,649,39,0
20,test,116,445,1,597,194,0
20,test,117,129,1,323,11,0
20,test,118,155,1,154,10,0
20,test,119,80,1,66,2,0
20,test,120,78,1,683,8,0
20,test,121,637,1,351,2,0
20,test,122,102,1,291,7,0
20,test,123,799,1,390,2,0
20,test,124,755,1,82,2,0
20,test,125,664,5,339,2,0
20,test,126,725,1,494,8,0
20,test,127,604,1,281,5,0
20,test,128,23,1,496,1,0
20,test,129,369,1,300,6,0
20,test,130,828,1,723,3,0
20,test,131,256,0,546,25,0
20,test,132,755,0,15,7,0
20,test,133,471,1,4,6,0
20,test,134,80,1,115,7,0
20,test,135,850,0,480,82,0
20,test,136,74,1,629,5,0
20,test,137,461,1,338,1,0
20,test,138,692,1,358,1,0
20,test,139,530,1,501,142,0
20,test,140,159,1,686,16,0
20,test,141,483,0,38,467,0
20,test,142,811,1,725,5,0
20,test,143,479,1,151,2,0
20,test,144,267,1,601,2,0
20,test,145,371,1,58,2,0
20,test,146,889,0,227,17,0
20,test,147,854,4,121,13,0
20,test,148,672,1,50,1,0
20,test,149,639,1,477,1,0
20,test,150,117,1,116,1,0
20,test,151,607,1,606,2,0
20,test,152,315,1,369,3,0
20,test,153,900,0,879,223,0
20,test,154,160,1,181,3,0
20,test,155,13,1,508,4,0
20,test,156,339,1,682,1,0
20,test,157,189,1,188,2,0
20,test,158,140,1,139,5,0
20,test,159,205,1,74,1,0
20,test,160,212,0,797,366,0
20,test,161,251,0,613,19,0
20,test,162,344,1,435,1,0
20,test,163,887,1,170,40,0
20,test,164,277,1,884,29,0
20,test,165,329,0,849,237,0
20,test,166,303,1,195,4,0
20,test,167,455,2,406,8,0
20,test,168,296,1,600,3,0
20,test,169,759,1,580,28,0
20,test,170,370,1,83,3,0
20,test,171,710,1,296,2,0
20,test,172,702,1,292,5,0
20,test,173,787,1,22,6,0
20,test,174,89,2,691,7,0
20,test,175,98,0,550,649,0
20,test,176,118,5,57,4,0
20,test,177,4,1,562,2,0
20,test,178,525,0,111,73,0
20,test,179,534,1,313,5,0
20,test,180,143,1,192,2,0
20,test,181,263,1,813,15,0
20,test,182,437,1,673,9,0
20,test,183,701,1,484,3,0
20,test,184,451,1,16,7,0
20,test,185,106,1,485,16,0
20,test,186,529,1,595,6,0
20,test,187,434,1,741,2,0
20,test,188,573,16,509,12,1
20,test,189,18,10,16,6,1
20,test,190,316,10,537,4,1
20,test,191,391,11,125,1,1
20,test,192,98,10,15,8,1
20,test,193,761,10,179,2,1
20,test,194,310,10,829,11,1
20,test,195,674,10,634,4,1
20,test,196,52,10,44,5,1
20,test,197,786,10,771,3,1
20,test,198,655,10,196,2,1
20,test,199,51,10,477,7,1
20,test,200,101,10,42,4,1
20,test,201,12,10,18,1,1
20,test,202,374,10,375,8,1
20,test,203,341,10,354,3,1
20,test,204,206,10,137,9,1
20,test,205,19,10,483,5,1
20,test,206,102,10,816,8,1
20,test,207,618,10,288,13,1
20,test,208,106,10,485,17,1
20,test,209,18,10,12,5,1
20,test,210,134,10,130,2,1
20,test,211,208,10,332,7,1
20,test,212,292,9,136,8,1
20,test,213,47,10,383,2,1
20,test,214,89,10,90,6,1
20,test,215,412,9,744,283,1
20,test,216,697,9,582,309,1
20,test,217,878,10,331,1,1
20,test,218,318,10,151,2,1
20,test,219,354,10,151,2,1
20,test,220,747,10,637,1,1
20,test,221,484,9,652,423,1
20,test,222,581,10,124,1,1
20,test,223,817,10,470,2,1
20,test,224,213,10,765,6,1
20,test,225,52,10,710,3,1
20,test,226,226,10,521,11,1
20,test,227,192,10,553,2,1
20,test,228,10,10,11,4,1
20,test,229,295,10,52,2,1
20,test,230,717,9,31,3,1
20,test,231,573,10,890,18,1
20,test,232,203,10,603,2,1
20,test,233,437,10,375,3,1
20,test,234,222,10,226,5,1
20,test,235,890,10,573,13,1
20,test,236,603,10,24,1,1
20,test,237,129,10,743,12,1
20,test,238,836,10,441,49,1
20,test,239,642,11,395,3,1
20,test,240,301,9,514,8,1
20,test,241,759,10,760,3,1
20,test,242,100,10,552,3,1
20,test,243,322,10,155,9,1
20,test,244,601,10,268,4,1
20,test,245,863,10,310,3,1
20,test,246,151,9,341,3,1
20,test,247,104,11,330,5,1
20,test,248,761,10,180,6,1
20,test,249,144,10,81,2,1
20,test,250,628,10,384,579,1
20,test,251,304,10,195,6,1
20,test,252,15,10,187,2,1
20,test,253,712,10,170,296,1
20,test,254,608,10,815,6,1
20,test,255,32,10,465,443,1
20,test,256,277,10,565,4,1
20,test,257,604,9,665,27,1
20,test,258,451,11,452,7,1
20,test,259,897,10,369,2,1
20,test,260,765,10,161,5,1
20,test,261,272,11,391,6,1
20,test,262,183,10,766,5,1
20,test,263,178,10,270,416,1
20,test,264,522,10,37,5,1
20,test,265,6,9,310,4,1
20,test,266,152,10,178,3,1
20,test,267,163,10,524,3,1
20,test,268,296,10,600,4,1
20,test,269,801,10,744,3,1
20,test,270,509,10,653,5,1
20,test,271,158,10,438,3,1
20,test,272,702,10,292,6,1
20,test,273,497,10,24,1,1
20,test,274,185,10,50,5,1
20,test,275,639,10,477,2,1
20,test,276,187,10,15,3,1
20,test,277,735,10,772,7,1
20,test,278,189,10,831,3,1
20,test,279,221,9,262,354,1
20,test,280,329,10,561,3,1
20,test,281,590,10,904,2,1
20,test,282,350,11,297,4,1
20,test,283,51,10,9,4,1
20,test,284,277,10,15,113,1
20,test,285,118,11,47,4,1
20,test,286,38,9,697,12,1
20,test,287,649,11,650,2,1
20,test,288,78,10,99,12,1
20,test,289,687,10,688,7,1
20,test,290,603,10,203,1,1
20,test,291,252,10,725,2,1
20,test,292,562,10,849,5,1
20,test,293,359,10,685,3,1
20,test,294,843,9,344,160,1
20,test,295,538,10,243,3,1
20,test,296,455,10,250,16,1
20,test,297,838,10,82,2,1
20,test,298,456,10,707,4,1
20,test,299,911,9,23,349,1
20,test,300,139,10,219,1,1
20,test,301,861,9,653,408,1
20,test,302,210,10,917,6,1
20,test,303,649,10,802,242,1
20,test,304,597,10,445,375,1
20,test,305,323,10,129,2,1
20,test,306,154,10,155,8,1
20,test,307,66,10,80,7,1
20,test,308,683,10,78,7,1
20,test,309,351,10,637,1,1
20,test,310,291,10,102,3,1
20,test,311,390,10,799,2,1
20,test,312,82,10,755,11,1
20,test,313,339,14,664,2,1
20,test,314,494,10,725,4,1
20,test,315,281,10,604,6,1
20,test,316,496,10,23,4,1
20,test,317,300,10,369,2,1
20,test,318,723,10,828,2,1
20,test,319,546,9,256,388,1
20,test,320,15,9,755,1,1
20,test,321,4,10,471,2,1
20,test,322,115,10,80,6,1
20,test,323,480,9,850,13,1
20,test,324,629,10,74,1,1
20,test,325,338,10,461,4,1
20,test,326,358,10,692,3,1
20,test,327,501,10,530,542,1
20,test,328,686,10,159,4,1
20,test,329,38,9,483,498,1
20,test,330,725,10,811,5,1
20,test,331,151,10,479,3,1
20,test,332,601,10,267,1,1
20,test,333,58,10,371,2,1
20,test,334,227,9,889,171,1
20,test,335,121,13,854,96,1
20,test,336,50,10,672,11,1
20,test,337,477,10,639,1,1
20,test,338,116,10,117,3,1
20,test,339,606,10,607,6,1
20,test,340,369,10,315,2,1
20,test,341,879,9,900,97,1
20,test,342,181,10,160,8,1
20,test,343,508,10,13,6,1
20,test,344,682,10,339,2,1
20,test,345,188,10,189,2,1
20,test,346,139,10,140,3,1
20,test,347,74,10,205,5,1
20,test,348,797,9,212,55,1
20,test,349,613,9,251,574,1
20,test,350,435,10,344,3,1
20,test,351,170,10,887,17,1
20,test,352,884,10,277,710,1
20,test,353,849,9,329,28,1
20,test,354,195,10,303,2,1
20,test,355,406,11,455,4,1
20,test,356,600,10,296,3,1
20,test,357,580,10,759,72,1
20,test,358,83,10,370,4,1
20,test,359,296,10,710,10,1
20,test,360,292,10,702,5,1
20,test,361,22,10,787,4,1
20,test,362,691,11,89,1,1
20,test,363,550,9,98,604,1
20,test,364,57,14,118,4,1
20,test,365,562,10,4,4,1
20,test,366,111,9,525,224,1
20,test,367,313,10,534,4,1
20,test,368,192,10,143,2,1
20,test,369,813,10,263,49,1
20,test,370,673,10,437,6,1
20,test,371,484,10,701,8,1
20,test,372,16,10,451,8,1
20,test,373,485,10,106,164,1
20,test,374,595,10,529,5,1
20,test,375,741,10,434,1,1
25,val,0,1026,1,2209,456,0
25,val,1,2313,1,31,1,0
25,val,2,474,4,1958,5,0
25,val,3,1751,1,211,2,0
25,val,4,1136,1,395,2,0
25,val,5,66,2,997,3,0
25,val,6,1196,1,953,3,0
25,val,7,2025,0,577,3,0
25,val,8,1168,5,86,1,0
25,val,9,2424,1,79,3,0
25,val,10,53,1,34,5,0
25,val,11,810,1,930,8,0
25,val,12,2411,0,810,1,0
25,val,13,2386,6,2625,66,0
25,val,14,140,1,1900,1447,0
25,val,15,434,0,2078,227,0
25,val,16,2515,0,2166,495,0
25,val,17,1474,1,676,1,0
25,val,18,918,1,923,1,0
25,val,19,552,1,1098,5,0
25,val,20,2582,1,849,3,0
25,val,21,1397,1,49,4,0
25,val,22,2504,1,662,3,0
25,val,23,2311,1,1389,1,0
25,val,24,381,5,380,1,0
25,val,25,1863,1,1862,4,0
25,val,26,2104,1,1399,2,0
25,val,27,1765,2,2633,4,0
25,val,28,1722,0,11,277,0
25,val,29,1338,1,2457,55,0
25,val,30,2022,3,42,44,0
25,val,31,312,1,976,1,0
25,val,32,2639,0,1809,124,0
25,val,33,2133,1,23,7,0
25,val,34,396,1,357,2,0
25,val,35,1185,4,1656,91,0
25,val,36,2619,0,1217,27,0
25,val,37,2602,1,1270,1,0
25,val,38,79,2,1830,276,0
25,val,39,952,1,25,1059,0
25,val,40,906,0,519,240,0
25,val,41,79,2,1861,1887,0
25,val,42,93,0,430,8,0
25,val,43,2674,5,918,161,0
25,val,44,1865,0,143,26,0
25,val,45,826,1,1836,2,0
25,val,46,1205,1,2243,5,0
25,val,47,1432,1,1431,1,0
25,val,48,1895,0,1018,139,0
25,val,49,1202,2,1149,103,0
25,val,50,34,1,2300,17,0
25,val,51,1087,1,173,2259,0
25,val,52,285,1,2512,14,0
25,val,53,943,1,1806,6,0
25,val,54,150,1,1068,1,0
25,val,55,1123,0,399,1,0
25,val,56,317,4,2115,170,0
25,val,57,363,1,2013,5,0
25,val,58,1429,0,143,6,0
25,val,59,2497,0,230,38,0
25,val,60,1930,0,256,1344,0
25,val,61,2581,1,620,1,0
25,val,62,751,1,936,4,0
25,val,63,2012,1,583,1,0
25,val,64,2653,1,1771,1165,0
25,val,65,413,0,1600,44,0
25,val,66,12,1,334,9,0
25,val,67,671,5,2132,1,0
25,val,68,2398,1,2655,176,0
25,val,69,2413,4,1467,1509,0
25,val,70,287,3,249,11,0
25,val,71,1859,1,2054,5,0
25,val,72,1900,1,140,1414,0
25,val,73,327,1,10,5,0
25,val,74,862,1,1806,4,0
25,val,75,2614,1,2273,1,0
25,val,76,1770,1,225,1,0
25,val,77,1975,1,1260,1,0
25,val,78,459,1,409,2,0
25,val,79,1796,0,2516,842,0
25,val,80,54,1,102,9,0
25,val,81,5,0,810,1,0
25,val,82,2561,1,62,4,0
25,val,83,797,1,2142,10,0
25,val,84,2299,0,2154,837,0
25,val,85,8,1,1722,9,0
25,val,86,173,1,1087,606,0
25,val,87,114,0,803,1354,0
25,val,88,848,1,847,4,0
25,val,89,537,1,1538,329,0
25,val,90,871,0,1502,416,0
25,val,91,1391,0,1790,676,0
25,val,92,329,1,271,1,0
25,val,93,427,1,426,6,0
25,val,94,295,1,665,1,0
25,val,95,1705,1,439,2,0
25,val,96,1860,0,561,385,0
25,val,97,764,2,1765,101,0
25,val,98,1016,1,2599,4,0
25,val,99,641,1,1075,14,0
25,val,100,139,0,932,160,0
25,val,101,2421,0,12,16,0
25,val,102,452,1,151,2,0
25,val,103,1472,5,1613,1,0
25,val,104,997,2,1621,4,0
25,val,105,1230,1,978,1,0
25,val,106,1280,1,29,4,0
25,val,107,2092,1,1504,1,0
25,val,108,2455,1,1319,76,0
25,val,109,2255,1,211,2,0
25,val,110,77,4,767,513,0
25,val,111,150,1,1952,2,0
25,val,112,637,1,2187,2,0
25,val,113,35,1,981,7,0
25,val,114,1428,0,1235,29,0
25,val,115,1148,4,928,18,0
25,val,116,1056,1,843,2,0
25,val,117,1230,0,1348,50,0
25,val,118,79,1,879,4,0
25,val,119,2519,1,554,1,0
25,val,120,631,0,283,25,0
25,val,121,564,1,1945,4,0
25,val,122,1137,1,1136,6,0
25,val,123,738,0,1641,974,0
25,val,124,2472,1,1190,1,0
25,val,125,1245,1,347,4,0
25,val,126,672,1,64,460,0
25,val,127,233,1,1854,4,0
25,val,128,1965,1,1964,2,0
25,val,129,1415,0,1661,2,0
25,val,130,238,1,237,4,0
25,val,131,1999,1,941,5,0
25,val,132,2196,0,969,21,0
25,val,133,2384,1,1488,5,0
25,val,134,462,1,912,241,0
25,val,135,1896,3,957,472,0
25,val,136,1722,1,849,7,0
25,val,137,631,5,798,1,0
25,val,138,2456,1,550,2,0
25,val,139,1286,1,660,1,0
25,val,140,2237,1,1353,1,0
25,val,141,1279,1,2611,9,0
25,val,142,116,2,234,1,0
25,val,143,777,0,328,17,0
25,val,144,2134,1,194,7,0
25,val,145,2013,0,494,173,0
25,val,146,853,1,1420,13,0
25,val,147,10,1,34,8,0
25,val,148,1710,1,148,4,0
25,val,149,215,1,561,2,0
25,val,150,1986,1,468,4,0
25,val,151,952,0,479,23,0
25,val,152,1859,1,992,11,0
25,val,153,1569,5,1988,2,0
25,val,154,756,0,525,808,0
25,val,155,140,1,461,3,0
25,val,156,773,1,2001,4,0
25,val,157,1159,0,1722,15,0
25,val,158,1859,1,773,5,0
25,val,159,1270,0,490,277,0
25,val,160,1498,0,1814,1,0
25,val,161,2260,1,371,6,0
25,val,162,1303,1,315,2,0
25,val,163,1938,1,1319,2,0
25,val,164,531,1,336,91,0
25,val,165,147,0,2535,545,0
25,val,166,841,0,1695,142,0
25,val,167,2030,0,2614,344,0
25,val,168,141,1,394,3,0
25,val,169,2197,0,45,23,0
25,val,170,999,4,2529,18,0
25,val,171,349,1,746,4,0
25,val,172,1658,0,2042,201,0
25,val,173,1176,0,1538,356,0
25,val,174,99,1,71,3,0
25,val,175,1196,1,541,3,0
25,val,176,979,1,1773,8,0
25,val,177,547,0,383,4,0
25,val,178,556,1,2074,1,0
25,val,179,875,1,2364,9,0
25,val,180,2550,0,2687,118,0
25,val,181,148,1,55,1,0
25,val,182,1180,0,1631,113,0
25,val,183,344,1,230,4,0
25,val,184,1099,1,2195,10,0
25,val,185,1035,1,2069,13,0
25,val,186,595,1,2664,17,0
25,val,187,234,1,233,2,0
25,val,188,19,1,662,8,0
25,val,189,1620,2,997,5,0
25,val,190,1794,0,480,91,0
25,val,191,2641,1,454,1,0
25,val,192,2026,1,459,2,0
25,val,193,371,1,1691,4,0
25,val,194,531,1,1671,3,0
25,val,195,1829,1,525,2,0
25,val,196,601,1,221,3,0
25,val,197,1916,1,1161,2,0
25,val,198,618,1,417,12,0
25,val,199,263,0,2226,95,0
25,val,200,938,1,2559,20,0
25,val,201,2412,0,62,1,0
25,val,202,809,1,1005,3,0
25,val,203,1753,0,1174,14,0
25,val,204,277,1,445,172,0
25,val,205,1432,0,2087,763,0
25,val,206,1994,1,187,6,0
25,val,207,68,4,1601,260,0
25,val,208,2580,0,1074,480,0
25,val,209,683,1,198,10,0
25,val,210,2434,0,634,766,0
25,val,211,1756,1,836,1,0
25,val,212,62,4,1624,648,0
25,val,213,653,1,652,6,0
25,val,214,455,1,454,1,0
25,val,215,1952,1,1494,3,0
25,val,216,832,1,1325,2,0
25,val,217,2589,0,377,224,0
25,val,218,2419,0,1197,1265,0
25,val,219,1928,1,1533,3,0
25,val,220,1008,1,668,2,0
25,val,221,1755,1,307,155,0
25,val,222,250,1,429,4,0
25,val,223,602,1,595,65,0
25,val,224,1184,0,1682,16,0
25,val,225,1256,1,54,7,0
25,val,226,480,0,1199,21,0
25,val,227,1171,1,855,1,0
25,val,228,2616,4,456,602,0
25,val,229,963,0,479,1,0
25,val,230,435,1,1684,2,0
25,val,231,2427,1,32,4,0
25,val,232,2399,1,2543,3,0
25,val,233,2344,1,225,1,0
25,val,234,1449,1,2381,2,0
25,val,235,2284,1,1505,1,0
25,val,236,881,0,110,43,0
25,val,237,330,5,1783,1,0
25,val,238,585,1,2508,3,0
25,val,239,1969,0,51,2183,0
25,val,240,223,5,1306,1,0
25,val,241,2637,0,1724,284,0
25,val,242,672,1,345,54,0
25,val,243,912,1,1933,8,0
25,val,244,29,1,1485,40,0
25,val,245,699,0,2452,799,0
25,val,246,791,4,2343,14,0
25,val,247,2444,2,514,1,0
25,val,248,183,0,401,994,0
25,val,249,380,0,1729,231,0
25,val,250,997,1,1707,4,0
25,val,251,312,0,983,9,0
25,val,252,546,4,620,14,0
25,val,253,1366,1,2507,47,0
25,val,254,371,0,1357,127,0
25,val,255,390,1,881,5,0
25,val,256,106,1,268,1,0
25,val,257,941,1,2144,247,0
25,val,258,114,0,692,219,0
25,val,259,687,0,2496,1084,0
25,val,260,133,1,261,4,0
25,val,261,659,0,143,20,0
25,val,262,783,0,1049,131,0
25,val,263,612,0,88,288,0
25,val,264,1705,1,39,2,0
25,val,265,1826,1,962,1,0
25,val,266,25,1,24,5,0
25,val,267,1255,4,2604,3,0
25,val,268,1348,0,1596,21,0
25,val,269,2250,1,2249,1,0
25,val,270,1420,1,853,4,0
25,val,271,2056,1,2220,271,0
25,val,272,103,0,344,52,0
25,val,273,2231,0,888,1671,0
25,val,274,595,0,1347,378,0
25,val,275,39,1,366,6,0
25,val,276,1165,0,1186,1,0
25,val,277,674,1,673,2,0
25,val,278,1402,1,1611,1,0
25,val,279,528,0,1199,27,0
25,val,280,1104,1,1857,4,0
25,val,281,1266,0,545,482,0
25,val,282,2695,0,1,442,0
25,val,283,868,4,2458,56,0
25,val,284,1654,1,158,2,0
25,val,285,940,1,939,7,0
25,val,286,192,1,453,2,0
25,val,287,115,1,336,12,0
25,val,288,450,0,1631,110,0
25,val,289,1367,1,2525,23,0
25,val,290,239,0,2304,337,0
25,val,291,713,1,83,2,0
25,val,292,569,2,1906,5,0
25,val,293,1191,1,29,3,0
25,val,294,112,0,2256,1286,0
25,val,295,1494,1,1299,3,0
25,val,296,1753,1,583,3,0
25,val,297,2185,1,586,7,0
25,val,298,1281,1,2301,5,0
25,val,299,1259,1,212,9,0
25,val,300,971,1,991,11,0
25,val,301,85,1,469,3,0
25,val,302,2514,0,357,125,0
25,val,303,986,1,1814,2,0
25,val,304,1367,1,971,2,0
25,val,305,401,1,1060,3,0
25,val,306,2549,0,2658,812,0
25,val,307,1621,2,1620,1,0
25,val,308,474,4,2146,1020,0
25,val,309,2564,0,371,134,0
25,val,310,2608,0,141,207,0
25,val,311,1609,1,25,3,0
25,val,312,1974,0,1199,24,0
25,val,313,2624,1,2122,919,0
25,val,314,2338,0,1217,24,0
25,val,315,339,0,383,3,0
25,val,316,2207,1,2013,2,0
25,val,317,116,1,115,1,0
25,val,318,2370,1,2369,2,0
25,val,319,1574,1,328,2,0
25,val,320,717,5,472,2,0
25,val,321,1566,1,960,2,0
25,val,322,807,5,1373,1,0
25,val,323,2220,1,2056,1790,0
25,val,324,2008,1,2489,3,0
25,val,325,1057,1,598,8,0
25,val,326,147,1,146,1,0
25,val,327,2547,0,1732,269,0
25,val,328,1037,1,189,2,0
25,val,329,1489,1,1708,2,0
25,val,330,826,1,1523,2,0
25,val,331,719,2,81,2,0
25,val,332,1030,1,1029,2,0
25,val,333,1992,1,687,1,0
25,val,334,936,1,2181,5,0
25,val,335,2644,0,1066,1217,0
25,val,336,1939,1,551,3,0
25,val,337,1054,1,2607,3,0
25,val,338,1024,1,1284,6,0
25,val,339,791,4,2223,419,0
25,val,340,1092,1,2132,1,0
25,val,341,598,1,2020,6,0
25,val,342,1065,1,388,3,0
25,val,343,997,2,1620,10,0
25,val,344,146,1,2401,945,0
25,val,345,689,5,971,5,0
25,val,346,2388,0,1358,3,0
25,val,347,1328,1,2600,9,0
25,val,348,918,5,2674,39,0
25,val,349,2511,1,1423,1,0
25,val,350,2144,1,2143,1,0
25,val,351,1097,2,891,1,0
25,val,352,2085,2,1834,1,0
25,val,353,1877,0,2056,229,0
25,val,354,1127,0,2467,331,0
25,val,355,2482,1,2481,1,0
25,val,356,83,1,1551,1,0
25,val,357,666,0,164,13,0
25,val,358,1635,1,1167,3,0
25,val,359,416,1,530,3,0
25,val,360,1294,0,1634,770,0
25,val,361,595,1,594,2,0
25,val,362,2665,1,741,2,0
25,val,363,538,0,1211,2,0
25,val,364,23,1,258,3,0
25,val,365,151,1,2606,21,0
25,val,366,779,0,2692,199,0
25,val,367,1734,5,518,6,0
25,val,368,991,1,150,11,0
25,val,369,458,1,1641,3,0
25,val,370,1551,1,83,1,0
25,val,371,2680,1,126,2,0
25,val,372,910,0,377,270,0
25,val,373,1032,2,514,3,0
25,val,374,2115,4,2079,13,0
25,val,375,1984,1,2688,5,0
25,val,376,963,5,221,2,0
25,val,377,145,0,2347,191,0
25,val,378,1203,0,1437,1842,0
25,val,379,499,4,1545,1031,0
25,val,380,1679,0,834,4,0
25,val,381,51,1,1265,3,0
25,val,382,664,3,2201,47,0
25,val,383,2123,0,2157,87,0
25,val,384,217,0,832,461,0
25,val,385,2514,1,4,2,0
25,val,386,1623,1,1775,1,0
25,val,387,595,1,602,450,0
25,val,388,868,4,499,66,0
25,val,389,1225,1,790,2,0
25,val,390,1583,4,1959,6,0
25,val,391,425,0,634,842,0
25,val,392,243,0,62,6,0
25,val,393,523,1,875,7,0
25,val,394,2662,1,1930,1,0
25,val,395,385,1,85,5,0
25,val,396,714,1,858,1,0
25,val,397,2638,1,95,3,0
25,val,398,1397,1,1177,15,0
25,val,399,2657,1,1814,2,0
25,val,400,1953,1,2013,8,0
25,val,401,371,1,2036,1,0
25,val,402,2696,1,176,3,0
25,val,403,2456,1,2260,6,0
25,val,404,1546,0,1,322,0
25,val,405,992,3,1888,12,0
25,val,406,2122,1,2624,44,0
25,val,407,222,1,963,1,0
25,val,408,875,1,1828,17,0
25,val,409,462,1,172,1,0
25,val,410,659,1,658,1,0
25,val,411,646,4,2360,1,0
25,val,412,655,4,2184,120,0
25,val,413,829,1,23,4,0
25,val,414,2195,1,1099,102,0
25,val,415,1963,1,1299,2,0
25,val,416,2197,1,45,2,0
25,val,417,2015,0,1348,35,0
25,val,418,616,1,1647,3,0
25,val,419,60,1,2702,3,0
25,val,420,2433,0,930,2295,0
25,val,421,2014,0,328,13,0
25,val,422,2673,1,545,2,0
25,val,423,1262,4,1694,32,0
25,val,424,32,0,2518,414,0
25,val,425,1045,1,1044,1,0
25,val,426,158,1,138,3,0
25,val,427,2257,1,269,2,0
25,val,428,1388,0,1239,45,0
25,val,429,1898,0,625,376,0
25,val,430,541,1,1196,2,0
25,val,431,2434,1,2301,6,0
25,val,432,990,1,2473,45,0
25,val,433,912,1,462,858,0
25,val,434,611,1,2103,4,0
25,val,435,799,1,1570,4,0
25,val,436,1757,0,1957,1441,0
25,val,437,898,1,1256,12,0
25,val,438,77,0,240,945,0
25,val,439,1717,1,1825,1,0
25,val,440,2418,1,768,2,0
25,val,441,952,1,1769,886,0
25,val,442,1059,1,1317,4,0
25,val,443,1028,1,1444,858,0
25,val,444,1689,1,1338,2,0
25,val,445,1437,1,1157,2,0
25,val,446,2679,1,4,1,0
25,val,447,205,1,28,4,0
25,val,448,376,0,1357,579,0
25,val,449,2058,0,789,5,0
25,val,450,1988,5,1569,4,0
25,val,451,2231,1,1578,2,0
25,val,452,377,0,1456,21,0
25,val,453,1060,1,673,1,0
25,val,454,1299,1,1963,7,0
25,val,455,2033,0,2620,445,0
25,val,456,1590,1,472,2,0
25,val,457,419,1,418,6,0
25,val,458,1193,1,2096,7,0
25,val,459,1393,1,242,2,0
25,val,460,746,1,1399,4,0
25,val,461,2153,1,863,6,0
25,val,462,1176,5,2693,108,0
25,val,463,2119,1,579,5,0
25,val,464,882,1,467,1,0
25,val,465,2646,0,1154,293,0
25,val,466,467,1,1899,10,0
25,val,467,523,1,522,4,0
25,val,468,20,1,311,5,0
25,val,469,211,1,210,12,0
25,val,470,2638,0,478,160,0
25,val,471,1640,5,2065,6,0
25,val,472,2389,5,359,3,0
25,val,473,991,1,1213,9,0
25,val,474,196,1,1902,4,0
25,val,475,557,1,2073,1,0
25,val,476,980,0,401,223,0
25,val,477,1260,1,1975,1,0
25,val,478,2074,0,2391,1798,0
25,val,479,509,0,1586,720,0
25,val,480,1236,1,380,2,0
25,val,481,2573,0,94,408,0
25,val,482,1641,0,879,178,0
25,val,483,1293,1,2307,3,0
25,val,484,211,1,559,8,0
25,val,485,18,1,1321,17,0
25,val,486,471,0,1461,660,0
25,val,487,608,1,69,1,0
25,val,488,1245,0,1050,1354,0
25,val,489,97,1,2708,6,0
25,val,490,1931,0,733,823,0
25,val,491,1351,0,1853,69,0
25,val,492,209,1,242,4,0
25,val,493,2368,0,569,2,0
25,val,494,984,0,135,369,0
25,val,495,213,0,879,124,0
25,val,496,2451,1,21,695,0
25,val,497,2553,0,794,306,0
25,val,498,482,1,481,3,0
25,val,499,2202,3,2348,160,0
25,val,500,1496,5,942,1,0
25,val,501,2334,1,141,3,0
25,val,502,1703,1,1702,1,0
25,val,503,2024,1,294,1,0
25,val,504,2614,0,565,89,0
25,val,505,230,1,370,2,0
25,val,506,2324,1,253,1,0
25,val,507,378,1,1157,1,0
25,val,508,1634,1,2084,2,0
25,val,509,2382,1,1591,5,0
25,val,510,514,2,513,3,0
25,val,511,1859,5,1171,3,0
25,val,512,333,1,1626,3,0
25,val,513,1697,4,1730,45,0
25,val,514,1243,2,597,10,0
25,val,515,18,1,2707,22,0
25,val,516,2179,0,457,61,0
25,val,517,2213,0,1971,210,0
25,val,518,1418,1,1074,2,0
25,val,519,791,4,2380,3,0
25,val,520,867,2,1032,140,0
25,val,521,202,1,1202,4,0
25,val,522,1896,0,135,52,0
25,val,523,48,0,2214,583,0
25,val,524,2459,1,45,2,0
25,val,525,2452,0,2349,92,0
25,val,526,1490,1,2116,29,0
25,val,527,2188,0,1186,1,0
25,val,528,327,1,2495,36,0
25,val,529,2279,0,403,241,0
25,val,530,2420,1,1161,1,0
25,val,531,1088,7,1087,1,0
25,val,532,2292,0,1358,3,0
25,val,533,1662,1,31,1,0
25,val,534,1080,1,725,11,0
25,val,535,453,1,685,10,0
25,val,536,1579,1,844,5,0
25,val,537,1501,1,1072,1,0
25,val,538,715,1,954,634,0
25,val,539,2102,1,1034,1,0
25,val,540,2688,0,1436,12,0
25,val,541,1620,2,438,52,0
25,val,542,222,0,2533,378,0
25,val,543,2696,0,2323,530,0
25,val,544,757,1,1832,12,0
25,val,545,2374,1,810,3,0
25,val,546,1291,4,1409,31,0
25,val,547,1565,5,926,1,0
25,val,548,2670,0,1950,157,0
25,val,549,79,2,984,129,0
25,val,550,718,5,717,1564,0
25,val,551,1356,0,879,47,0
25,val,552,427,5,390,7,0
25,val,553,12,1,2431,9,0
25,val,554,1500,1,2694,8,0
25,val,555,422,1,621,2,0
25,val,556,912,1,64,5,0
25,val,557,1373,5,807,2,0
25,val,558,941,5,2153,5,0
25,val,559,1612,0,432,1466,0
25,val,560,1544,1,1249,2,0
25,val,561,223,1,2088,13,0
25,val,562,84,1,1552,1,0
25,val,563,2135,0,38,320,0
25,val,564,700,2,2427,96,0
25,val,565,2655,1,2398,2475,0
25,val,566,91,2,770,1,0
25,val,567,1444,1,1443,1,0
25,val,568,2115,4,1880,432,0
25,val,569,1135,1,174,3,0
25,val,570,253,1,2324,1,0
25,val,571,290,0,452,183,0
25,val,572,2673,5,1401,2,0
25,val,573,724,1,169,4,0
25,val,574,2485,0,18,114,0
25,val,575,2221,1,2536,8,0
25,val,576,1392,1,1380,2,0
25,val,577,1830,1,1746,4,0
25,val,578,2031,0,2663,128,0
25,val,579,1941,4,2612,22,0
25,val,580,2297,4,2449,135,0
25,val,581,2437,1,662,5,0
25,val,582,176,1,2321,6,0
25,val,583,546,4,2022,3,0
25,val,584,1890,1,943,1,0
25,val,585,1624,0,791,503,0
25,val,586,1991,1,990,5,0
25,val,587,361,0,2323,541,0
25,val,588,1248,0,230,33,0
25,val,589,21,1,2451,92,0
25,val,590,1941,0,240,777,0
25,val,591,629,1,2060,2,0
25,val,592,1824,0,2260,383,0
25,val,593,1473,1,813,9,0
25,val,594,136,0,222,72,0
25,val,595,597,2,1243,75,0
25,val,596,708,1,1863,203,0
25,val,597,42,4,483,110,0
25,val,598,1593,1,543,4,0
25,val,599,696,0,1216,171,0
25,val,600,1190,1,1189,6,0
25,val,601,372,0,983,14,0
25,val,602,23,1,829,3,0
25,val,603,8,5,309,4,0
25,val,604,1424,1,659,6,0
25,val,605,2124,1,1790,5,0
25,val,606,2222,1,1104,1,0
25,val,607,1338,1,2588,11,0
25,val,608,2335,1,143,1,0
25,val,609,1973,0,833,1887,0
25,val,610,765,1,764,5,0
25,val,611,1383,0,1922,80,0
25,val,612,691,0,2015,3,0
25,val,613,910,1,122,8,0
25,val,614,2267,1,972,6,0
25,val,615,1145,0,401,1019,0
25,val,616,751,0,983,23,0
25,val,617,176,1,1837,23,0
25,val,618,815,2,355,769,0
25,val,619,983,0,64,17,0
25,val,620,999,4,2493,67,0
25,val,621,2023,1,1647,2,0
25,val,622,2294,3,1214,443,0
25,val,623,376,1,736,7,0
25,val,624,1370,1,174,7,0
25,val,625,875,1,963,3,0
25,val,626,1171,5,1859,7,0
25,val,627,104,1,1726,1,0
25,val,628,2710,1,1281,1,0
25,val,629,1132,1,1116,3,0
25,val,630,2209,10,1026,1646,1
25,val,631,31,10,2313,3,1
25,val,632,1958,13,474,3,1
25,val,633,211,10,1751,14,1
25,val,634,395,10,1136,2,1
25,val,635,997,11,66,5,1
25,val,636,953,10,1196,2,1
25,val,637,577,9,2025,1,1
25,val,638,86,14,1168,1,1
25,val,639,79,10,2424,34,1
25,val,640,34,10,53,8,1
25,val,641,930,10,810,2,1
25,val,642,810,9,2411,2,1
25,val,643,2625,15,2386,518,1
25,val,644,1900,10,140,1475,1
25,val,645,2078,9,434,405,1
25,val,646,2166,9,2515,595,1
25,val,647,676,10,1474,3,1
25,val,648,923,10,918,3,1
25,val,649,1098,10,552,1,1
25,val,650,849,10,2582,19,1
25,val,651,49,10,1397,11,1
25,val,652,662,10,2504,28,1
25,val,653,1389,10,2311,2,1
25,val,654,380,14,381,1,1
25,val,655,1862,10,1863,1,1
25,val,656,1399,10,2104,7,1
25,val,657,2633,11,1765,2,1
25,val,658,11,9,1722,469,1
25,val,659,2457,10,1338,376,1
25,val,660,42,12,2022,449,1
25,val,661,976,10,312,1,1
25,val,662,1809,9,2639,744,1
25,val,663,23,10,2133,2,1
25,val,664,357,10,396,3,1
25,val,665,1656,13,1185,48,1
25,val,666,1217,9,2619,655,1
25,val,667,1270,10,2602,8,1
25,val,668,1830,11,79,25,1
25,val,669,25,10,952,888,1
25,val,670,519,9,906,21,1
25,val,671,1861,11,79,23,1
25,val,672,430,9,93,6,1
25,val,673,918,14,2674,51,1
25,val,674,143,9,1865,128,1
25,val,675,1836,10,826,20,1
25,val,676,2243,10,1205,590,1
25,val,677,1431,10,1432,5,1
25,val,678,1018,9,1895,8,1
25,val,679,1149,11,1202,962,1
25,val,680,2300,10,34,4,1
25,val,681,173,10,1087,643,1
25,val,682,2512,10,285,1793,1
25,val,683,1806,10,943,1,1
25,val,684,1068,10,150,5,1
25,val,685,399,9,1123,2,1
25,val,686,2115,13,317,29,1
25,val,687,2013,10,363,2,1
25,val,688,143,9,1429,1,1
25,val,689,230,9,2497,607,1
25,val,690,256,9,1930,35,1
25,val,691,620,10,2581,2,1
25,val,692,936,10,751,5,1
25,val,693,583,10,2012,4,1
25,val,694,1771,10,2653,274,1
25,val,695,1600,9,413,305,1
25,val,696,334,10,12,1,1
25,val,697,2132,14,671,1,1
25,val,698,2655,10,2398,2505,1
25,val,699,1467,13,2413,116,1
25,val,700,249,12,287,4,1
25,val,701,2054,10,1859,4,1
25,val,702,140,10,1900,1423,1
25,val,703,10,10,327,21,1
25,val,704,1806,10,862,6,1
25,val,705,2273,10,2614,21,1
25,val,706,225,10,1770,3,1
25,val,707,1260,10,1975,1,1
25,val,708,409,10,459,12,1
25,val,709,2516,9,1796,226,1
25,val,710,102,10,54,7,1
25,val,711,810,9,5,3,1
25,val,712,62,10,2561,49,1
25,val,713,2142,10,797,3,1
25,val,714,2154,9,2299,250,1
25,val,715,1722,10,8,9,1
25,val,716,1087,10,173,2260,1
25,val,717,803,9,114,1206,1
25,val,718,847,10,848,1,1
25,val,719,1538,10,537,50,1
25,val,720,1502,9,871,631,1
25,val,721,1790,9,1391,707,1
25,val,722,271,10,329,1,1
25,val,723,426,10,427,6,1
25,val,724,665,10,295,3,1
25,val,725,439,10,1705,9,1
25,val,726,561,9,1860,971,1
25,val,727,1765,11,764,1292,1
25,val,728,2599,10,1016,2,1
25,val,729,1075,10,641,2,1
25,val,730,932,9,139,268,1
25,val,731,12,9,2421,3,1
25,val,732,151,10,452,20,1
25,val,733,1613,14,1472,13,1
25,val,734,1621,11,997,5,1
25,val,735,978,10,1230,3,1
25,val,736,29,10,1280,11,1
25,val,737,1504,10,2092,3,1
25,val,738,1319,10,2455,1795,1
25,val,739,211,10,2255,5,1
25,val,740,767,13,77,15,1
25,val,741,1952,10,150,15,1
25,val,742,2187,10,637,1,1
25,val,743,981,10,35,4,1
25,val,744,1235,9,1428,991,1
25,val,745,928,13,1148,13,1
25,val,746,843,10,1056,3,1
25,val,747,1348,9,1230,224,1
25,val,748,879,10,79,2,1
25,val,749,554,10,2519,3,1
25,val,750,283,9,631,10,1
25,val,751,1945,10,564,1,1
25,val,752,1136,10,1137,6,1
25,val,753,1641,9,738,30,1
25,val,754,1190,10,2472,4,1
25,val,755,347,10,1245,6,1
25,val,756,64,10,672,86,1
25,val,757,1854,10,233,3,1
25,val,758,1964,10,1965,8,1
25,val,759,1661,9,1415,2,1
25,val,760,237,10,238,1,1
25,val,761,941,10,1999,12,1
25,val,762,969,9,2196,726,1
25,val,763,1488,10,2384,3,1
25,val,764,912,10,462,927,1
25,val,765,957,12,1896,1820,1
25,val,766,849,10,1722,3,1
25,val,767,798,14,631,2,1
25,val,768,550,10,2456,9,1
25,val,769,660,10,1286,3,1
25,val,770,1353,10,2237,7,1
25,val,771,2611,10,1279,1,1
25,val,772,234,11,116,7,1
25,val,773,328,9,777,568,1
25,val,774,194,10,2134,4,1
25,val,775,494,9,2013,1003,1
25,val,776,1420,10,853,4,1
25,val,777,34,10,10,6,1
25,val,778,148,10,1710,3,1
25,val,779,561,10,215,2,1
25,val,780,468,10,1986,5,1
25,val,781,479,9,952,5,1
25,val,782,992,10,1859,3,1
25,val,783,1988,14,1569,4,1
25,val,784,525,9,756,329,1
25,val,785,461,10,140,2,1
25,val,786,2001,10,773,4,1
25,val,787,1722,9,1159,5,1
25,val,788,773,10,1859,7,1
25,val,789,490,9,1270,427,1
25,val,790,1814,9,1498,1,1
25,val,791,371,10,2260,2,1
25,val,792,315,10,1303,2,1
25,val,793,1319,10,1938,5,1
25,val,794,336,10,531,21,1
25,val,795,2535,9,147,627,1
25,val,796,1695,9,841,161,1
25,val,797,2614,9,2030,6,1
25,val,798,394,10,141,4,1
25,val,799,45,9,2197,7,1
25,val,800,2529,13,999,5,1
25,val,801,746,10,349,1,1
25,val,802,2042,9,1658,280,1
25,val,803,1538,9,1176,27,1
25,val,804,71,10,99,5,1
25,val,805,541,10,1196,2,1
25,val,806,1773,10,979,2,1
25,val,807,383,9,547,58,1
25,val,808,2074,10,556,2,1
25,val,809,2364,10,875,2,1
25,val,810,2687,9,2550,597,1
25,val,811,55,10,148,3,1
25,val,812,1631,9,1180,1061,1
25,val,813,230,10,344,2,1
25,val,814,2195,10,1099,91,1
25,val,815,2069,10,1035,2,1
25,val,816,2664,10,595,718,1
25,val,817,233,10,234,2,1
25,val,818,662,10,19,8,1
25,val,819,997,11,1620,8,1
25,val,820,480,9,1794,156,1
25,val,821,454,10,2641,10,1
25,val,822,459,10,2026,3,1
25,val,823,1691,10,371,6,1
25,val,824,1671,10,531,1,1
25,val,825,525,10,1829,5,1
25,val,826,221,10,601,5,1
25,val,827,1161,10,1916,2,1
25,val,828,417,10,618,9,1
25,val,829,2226,9,263,28,1
25,val,830,2559,10,938,2,1
25,val,831,62,9,2412,612,1
25,val,832,1005,10,809,7,1
25,val,833,1174,9,1753,457,1
25,val,834,445,10,277,1241,1
25,val,835,2087,9,1432,69,1
25,val,836,187,10,1994,12,1
25,val,837,1601,13,68,24,1
25,val,838,1074,9,2580,77,1
25,val,839,198,10,683,4,1
25,val,840,634,9,2434,619,1
25,val,841,836,10,1756,4,1
25,val,842,1624,13,62,259,1
25,val,843,652,10,653,2,1
25,val,844,454,10,455,10,1
25,val,845,1494,10,1952,2,1
25,val,846,1325,10,832,1,1
25,val,847,377,9,2589,639,1
25,val,848,1197,9,2419,1077,1
25,val,849,1533,10,1928,7,1
25,val,850,668,10,1008,7,1
25,val,851,307,10,1755,43,1
25,val,852,429,10,250,5,1
25,val,853,595,10,602,485,1
25,val,854,1682,9,1184,3,1
25,val,855,54,10,1256,13,1
25,val,856,1199,9,480,116,1
25,val,857,855,10,1171,4,1
25,val,858,456,13,2616,215,1
25,val,859,479,9,963,1,1
25,val,860,1684,10,435,2,1
25,val,861,32,10,2427,4,1
25,val,862,2543,10,2399,1,1
25,val,863,225,10,2344,6,1
25,val,864,2381,10,1449,3,1
25,val,865,1505,10,2284,3,1
25,val,866,110,9,881,730,1
25,val,867,1783,14,330,1,1
25,val,868,2508,10,585,2,1
25,val,869,51,9,1969,156,1
25,val,870,1306,14,223,3,1
25,val,871,1724,9,2637,273,1
25,val,872,345,10,672,2,1
25,val,873,1933,10,912,2,1
25,val,874,1485,10,29,177,1
25,val,875,2452,9,699,976,1
25,val,876,2343,13,791,18,1
25,val,877,514,11,2444,8,1
25,val,878,401,9,183,720,1
25,val,879,1729,9,380,230,1
25,val,880,1707,10,997,1,1
25,val,881,983,9,312,65,1
25,val,882,620,13,546,1,1
25,val,883,2507,10,1366,485,1
25,val,884,1357,9,371,6,1
25,val,885,881,10,390,6,1
25,val,886,268,10,106,7,1
25,val,887,2144,10,941,574,1
25,val,888,692,9,114,1183,1
25,val,889,2496,9,687,47,1
25,val,890,261,10,133,1,1
25,val,891,143,9,659,10,1
25,val,892,1049,9,783,17,1
25,val,893,88,9,612,393,1
25,val,894,39,10,1705,24,1
25,val,895,962,10,1826,6,1
25,val,896,24,10,25,5,1
25,val,897,2604,13,1255,1,1
25,val,898,1596,9,1348,1812,1
25,val,899,2249,10,2250,8,1
25,val,900,853,10,1420,15,1
25,val,901,2220,10,2056,1793,1
25,val,902,344,9,103,1009,1
25,val,903,888,9,2231,2202,1
25,val,904,1347,9,595,448,1
25,val,905,366,10,39,3,1
25,val,906,1186,9,1165,12,1
25,val,907,673,10,674,3,1
25,val,908,1611,10,1402,2,1
25,val,909,1199,9,528,1093,1
25,val,910,1857,10,1104,2,1
25,val,911,545,9,1266,961,1
25,val,912,1,9,2695,1187,1
25,val,913,2458,13,868,189,1
25,val,914,158,10,1654,3,1
25,val,915,939,10,940,2,1
25,val,916,453,10,192,9,1
25,val,917,336,10,115,4,1
25,val,918,1631,9,450,772,1
25,val,919,2525,10,1367,1,1
25,val,920,2304,9,239,2341,1
25,val,921,83,10,713,6,1
25,val,922,1906,11,569,2,1
25,val,923,29,10,1191,2,1
25,val,924,2256,9,112,338,1
25,val,925,1299,10,1494,17,1
25,val,926,583,10,1753,5,1
25,val,927,586,10,2185,3,1
25,val,928,2301,10,1281,1,1
25,val,929,212,10,1259,7,1
25,val,930,991,10,971,3,1
25,val,931,469,10,85,4,1
25,val,932,357,9,2514,303,1
25,val,933,1814,10,986,3,1
25,val,934,971,10,1367,4,1
25,val,935,1060,10,401,1,1
25,val,936,2658,9,2549,648,1
25,val,937,1620,11,1621,3,1
25,val,938,2146,13,474,8,1
25,val,939,371,9,2564,832,1
25,val,940,141,9,2608,965,1
25,val,941,25,10,1609,6,1
25,val,942,1199,9,1974,603,1
25,val,943,2122,10,2624,55,1
25,val,944,1217,9,2338,212,1
25,val,945,383,9,339,19,1
25,val,946,2013,10,2207,4,1
25,val,947,115,10,116,20,1
25,val,948,2369,10,2370,5,1
25,val,949,328,10,1574,41,1
25,val,950,472,14,717,40,1
25,val,951,960,10,1566,1,1
25,val,952,1373,14,807,2,1
25,val,953,2056,10,2220,262,1
25,val,954,2489,10,2008,1,1
25,val,955,598,10,1057,4,1
25,val,956,146,10,147,5,1
25,val,957,1732,9,2547,249,1
25,val,958,189,10,1037,4,1
25,val,959,1708,10,1489,2,1
25,val,960,1523,10,826,16,1
25,val,961,81,11,719,3,1
25,val,962,1029,10,1030,3,1
25,val,963,687,10,1992,2,1
25,val,964,2181,10,936,8,1
25,val,965,1066,9,2644,127,1
25,val,966,551,10,1939,7,1
25,val,967,2607,10,1054,2,1
25,val,968,1284,10,1024,6,1
25,val,969,2223,13,791,19,1
25,val,970,2132,10,1092,6,1
25,val,971,2020,10,598,7,1
25,val,972,388,10,1065,14,1
25,val,973,1620,11,997,6,1
25,val,974,2401,10,146,149,1
25,val,975,971,14,689,2,1
25,val,976,1358,9,2388,2,1
25,val,977,2600,10,1328,2,1
25,val,978,2674,14,918,134,1
25,val,979,1423,10,2511,1,1
25,val,980,2143,10,2144,1,1
25,val,981,891,11,1097,5,1
25,val,982,1834,11,2085,4,1
25,val,983,2056,9,1877,73,1
25,val,984,2467,9,1127,12,1
25,val,985,2481,10,2482,3,1
25,val,986,1551,10,83,1,1
25,val,987,164,9,666,198,1
25,val,988,1167,10,1635,4,1
25,val,989,530,10,416,9,1
25,val,990,1634,9,1294,40,1
25,val,991,594,10,595,3,1
25,val,992,741,10,2665,5,1
25,val,993,1211,9,538,1,1
25,val,994,258,10,23,8,1
25,val,995,2606,10,151,2,1
25,val,996,2692,9,779,1055,1
25,val,997,518,14,1734,2,1
25,val,998,150,10,991,5,1
25,val,999,1641,10,458,3,1
25,val,1000,83,10,1551,1,1
25,val,1001,126,10,2680,2,1
25,val,1002,377,9,910,562,1
25,val,1003,514,11,1032,1,1
25,val,1004,2079,13,2115,23,1
25,val,1005,2688,10,1984,2,1
25,val,1006,221,14,963,5,1
25,val,1007,2347,9,145,321,1
25,val,1008,1437,9,1203,862,1
25,val,1009,1545,13,499,30,1
25,val,1010,834,9,1679,548,1
25,val,1011,1265,10,51,2,1
25,val,1012,2201,12,664,1011,1
25,val,1013,2157,9,2123,350,1
25,val,1014,832,9,217,787,1
25,val,1015,4,10,2514,6,1
25,val,1016,1775,10,1623,1,1
25,val,1017,602,10,595,61,1
25,val,1018,499,13,868,188,1
25,val,1019,790,10,1225,5,1
25,val,1020,1959,13,1583,55,1
25,val,1021,634,9,425,195,1
25,val,1022,62,9,243,983,1
25,val,1023,875,10,523,8,1
25,val,1024,1930,10,2662,1,1
25,val,1025,85,10,385,5,1
25,val,1026,858,10,714,7,1
25,val,1027,95,10,2638,22,1
25,val,1028,1177,10,1397,2,1
25,val,1029,1814,10,2657,9,1
25,val,1030,2013,10,1953,2,1
25,val,1031,2036,10,371,2,1
25,val,1032,176,10,2696,12,1
25,val,1033,2260,10,2456,4,1
25,val,1034,1,9,1546,259,1
25,val,1035,1888,12,992,496,1
25,val,1036,2624,10,2122,889,1
25,val,1037,963,10,222,3,1
25,val,1038,1828,10,875,2,1
25,val,1039,172,10,462,12,1
25,val,1040,658,10,659,2,1
25,val,1041,2360,13,646,88,1
25,val,1042,2184,13,655,15,1
25,val,1043,23,10,829,2,1
25,val,1044,1099,10,2195,17,1
25,val,1045,1299,10,1963,7,1
25,val,1046,45,10,2197,7,1
25,val,1047,1348,9,2015,645,1
25,val,1048,1647,10,616,5,1
25,val,1049,2702,10,60,1,1
25,val,1050,930,9,2433,1102,1
25,val,1051,328,9,2014,77,1
25,val,1052,545,10,2673,15,1
25,val,1053,1694,13,1262,150,1
25,val,1054,2518,9,32,798,1
25,val,1055,1044,10,1045,1,1
25,val,1056,138,10,158,1,1
25,val,1057,269,10,2257,6,1
25,val,1058,1239,9,1388,1094,1
25,val,1059,625,9,1898,120,1
25,val,1060,1196,10,541,5,1
25,val,1061,2301,10,2434,1,1
25,val,1062,2473,10,990,396,1
25,val,1063,462,10,912,227,1
25,val,1064,2103,10,611,8,1
25,val,1065,1570,10,799,6,1
25,val,1066,1957,9,1757,488,1
25,val,1067,1256,10,898,8,1
25,val,1068,240,9,77,106,1
25,val,1069,1825,10,1717,1,1
25,val,1070,768,10,2418,16,1
25,val,1071,1769,10,952,1130,1
25,val,1072,1317,10,1059,2,1
25,val,1073,1444,10,1028,1295,1
25,val,1074,1338,10,1689,4,1
25,val,1075,1157,10,1437,3,1
25,val,1076,4,10,2679,12,1
25,val,1077,28,10,205,5,1
25,val,1078,1357,9,376,327,1
25,val,1079,789,9,2058,2,1
25,val,1080,1569,14,1988,1,1
25,val,1081,1578,10,2231,1,1
25,val,1082,1456,9,377,183,1
25,val,1083,673,10,1060,1,1
25,val,1084,1963,10,1299,2,1
25,val,1085,2620,9,2033,825,1
25,val,1086,472,10,1590,4,1
25,val,1087,418,10,419,2,1
25,val,1088,2096,10,1193,12,1
25,val,1089,242,10,1393,11,1
25,val,1090,1399,10,746,7,1
25,val,1091,863,10,2153,3,1
25,val,1092,2693,14,1176,108,1
25,val,1093,579,10,2119,9,1
25,val,1094,467,10,882,13,1
25,val,1095,1154,9,2646,12,1
25,val,1096,1899,10,467,1,1
25,val,1097,522,10,523,5,1
25,val,1098,311,10,20,3,1
25,val,1099,210,10,211,2,1
25,val,1100,478,9,2638,936,1
25,val,1101,2065,14,1640,6,1
25,val,1102,359,14,2389,5,1
25,val,1103,1213,10,991,4,1
25,val,1104,1902,10,196,2,1
25,val,1105,2073,10,557,2,1
25,val,1106,401,9,980,9,1
25,val,1107,1975,10,1260,1,1
25,val,1108,2391,9,2074,1004,1
25,val,1109,1586,9,509,818,1
25,val,1110,380,10,1236,31,1
25,val,1111,94,9,2573,541,1
25,val,1112,879,9,1641,225,1
25,val,1113,2307,10,1293,9,1
25,val,1114,559,10,211,8,1
25,val,1115,1321,10,18,3,1
25,val,1116,1461,9,471,355,1
25,val,1117,69,10,608,1,1
25,val,1118,1050,9,1245,382,1
25,val,1119,2708,10,97,5,1
25,val,1120,733,9,1931,31,1
25,val,1121,1853,9,1351,1031,1
25,val,1122,242,10,209,5,1
25,val,1123,569,9,2368,5,1
25,val,1124,135,9,984,374,1
25,val,1125,879,9,213,33,1
25,val,1126,21,10,2451,81,1
25,val,1127,794,9,2553,106,1
25,val,1128,481,10,482,2,1
25,val,1129,2348,12,2202,2728,1
25,val,1130,942,14,1496,1,1
25,val,1131,141,10,2334,12,1
25,val,1132,1702,10,1703,3,1
25,val,1133,294,10,2024,8,1
25,val,1134,565,9,2614,135,1
25,val,1135,370,10,230,2,1
25,val,1136,253,10,2324,1,1
25,val,1137,1157,10,378,11,1
25,val,1138,2084,10,1634,3,1
25,val,1139,1591,10,2382,3,1
25,val,1140,513,11,514,2,1
25,val,1141,1171,14,1859,7,1
25,val,1142,1626,10,333,2,1
25,val,1143,1730,13,1697,425,1
25,val,1144,597,11,1243,5,1
25,val,1145,2707,10,18,2,1
25,val,1146,457,9,2179,823,1
25,val,1147,1971,9,2213,1142,1
25,val,1148,1074,10,1418,3,1
25,val,1149,2380,13,791,3,1
25,val,1150,1032,11,867,616,1
25,val,1151,1202,10,202,13,1
25,val,1152,135,9,1896,2,1
25,val,1153,2214,9,48,172,1
25,val,1154,45,10,2459,7,1
25,val,1155,2349,9,2452,671,1
25,val,1156,2116,10,1490,1169,1
25,val,1157,1186,9,2188,5,1
25,val,1158,2495,10,327,440,1
25,val,1159,403,9,2279,199,1
25,val,1160,1161,10,2420,4,1
25,val,1161,1087,16,1088,3,1
25,val,1162,1358,9,2292,2,1
25,val,1163,31,10,1662,3,1
25,val,1164,725,10,1080,8,1
25,val,1165,685,10,453,11,1
25,val,1166,844,10,1579,4,1
25,val,1167,1072,10,1501,6,1
25,val,1168,954,10,715,481,1
25,val,1169,1034,10,2102,2,1
25,val,1170,1436,9,2688,1,1
25,val,1171,438,11,1620,792,1
25,val,1172,2533,9,222,217,1
25,val,1173,2323,9,2696,1019,1
25,val,1174,1832,10,757,1,1
25,val,1175,810,10,2374,4,1
25,val,1176,1409,13,1291,1064,1
25,val,1177,926,14,1565,1,1
25,val,1178,1950,9,2670,859,1
25,val,1179,984,11,79,19,1
25,val,1180,717,14,718,1000,1
25,val,1181,879,9,1356,6,1
25,val,1182,390,14,427,6,1
25,val,1183,2431,10,12,1,1
25,val,1184,2694,10,1500,3,1
25,val,1185,621,10,422,2,1
25,val,1186,64,10,912,7,1
25,val,1187,807,14,1373,1,1
25,val,1188,2153,14,941,4,1
25,val,1189,432,9,1612,437,1
25,val,1190,1249,10,1544,3,1
25,val,1191,2088,10,223,5,1
25,val,1192,1552,10,84,2,1
25,val,1193,38,9,2135,689,1
25,val,1194,2427,11,700,6,1
25,val,1195,2398,10,2655,218,1
25,val,1196,770,11,91,3,1
25,val,1197,1443,10,1444,1,1
25,val,1198,1880,13,2115,24,1
25,val,1199,174,10,1135,18,1
25,val,1200,2324,10,253,1,1
25,val,1201,452,9,290,559,1
25,val,1202,1401,14,2673,1,1
25,val,1203,169,10,724,7,1
25,val,1204,18,9,2485,3,1
25,val,1205,2536,10,2221,1,1
25,val,1206,1380,10,1392,2,1
25,val,1207,1746,10,1830,1,1
25,val,1208,2663,9,2031,404,1
25,val,1209,2612,13,1941,83,1
25,val,1210,2449,13,2297,394,1
25,val,1211,662,10,2437,19,1
25,val,1212,2321,10,176,3,1
25,val,1213,2022,13,546,1,1
25,val,1214,943,10,1890,16,1
25,val,1215,791,9,1624,47,1
25,val,1216,990,10,1991,4,1
25,val,1217,2323,9,361,385,1
25,val,1218,230,9,1248,1541,1
25,val,1219,2451,10,21,756,1
25,val,1220,240,9,1941,1308,1
25,val,1221,2060,10,629,1,1
25,val,1222,2260,9,1824,607,1
25,val,1223,813,10,1473,11,1
25,val,1224,222,9,136,1056,1
25,val,1225,1243,11,597,9,1
25,val,1226,1863,10,708,599,1
25,val,1227,483,13,42,43,1
25,val,1228,543,10,1593,2,1
25,val,1229,1216,9,696,355,1
25,val,1230,1189,10,1190,2,1
25,val,1231,983,9,372,774,1
25,val,1232,829,10,23,5,1
25,val,1233,309,14,8,1,1
25,val,1234,659,10,1424,6,1
25,val,1235,1790,10,2124,6,1
25,val,1236,1104,10,2222,2,1
25,val,1237,2588,10,1338,379,1
25,val,1238,143,10,2335,28,1
25,val,1239,833,9,1973,500,1
25,val,1240,764,10,765,3,1
25,val,1241,1922,9,1383,525,1
25,val,1242,2015,9,691,1,1
25,val,1243,122,10,910,7,1
25,val,1244,972,10,2267,9,1
25,val,1245,401,9,1145,573,1
25,val,1246,983,9,751,76,1
25,val,1247,1837,10,176,1,1
25,val,1248,355,11,815,819,1
25,val,1249,64,9,983,34,1
25,val,1250,2493,13,999,8,1
25,val,1251,1647,10,2023,8,1
25,val,1252,1214,12,2294,2134,1
25,val,1253,736,10,376,3,1
25,val,1254,174,10,1370,22,1
25,val,1255,963,10,875,3,1
25,val,1256,1859,14,1171,6,1
25,val,1257,1726,10,104,1,1
25,val,1258,1281,10,2710,5,1
25,val,1259,1116,10,1132,2,1
25,test,0,509,7,573,11,0
25,test,1,16,1,18,6,0
25,test,2,537,1,316,2,0
25,test,3,125,2,391,1,0
25,test,4,15,1,98,4,0
25,test,5,179,1,761,2,0
25,test,6,829,1,310,3,0
25,test,7,634,1,674,2,0
25,test,8,44,1,52,3,0
25,test,9,771,1,786,4,0
25,test,10,196,1,655,11,0
25,test,11,477,1,51,4,0
25,test,12,42,1,101,8,0
25,test,13,18,1,12,5,0
25,test,14,375,1,374,7,0
25,test,15,354,1,341,3,0
25,test,16,137,1,206,5,0
25,test,17,483,1,19,3,0
25,test,18,816,1,102,3,0
25,test,19,288,1,618,6,0
25,test,20,485,1,106,168,0
25,test,21,12,1,18,1,0
25,test,22,130,1,134,2,0
25,test,23,332,1,208,4,0
25,test,24,136,0,292,51,0
25,test,25,383,1,47,2,0
25,test,26,90,1,89,4,0
25,test,27,744,0,412,33,0
25,test,28,582,0,697,556,0
25,test,29,331,1,878,2,0
25,test,30,151,1,318,9,0
25,test,31,151,1,354,1,0
25,test,32,637,1,747,2,0
25,test,33,652,0,484,379,0
25,test,34,124,1,581,2,0
25,test,35,470,1,817,4,0
25,test,36,765,1,213,3,0
25,test,37,710,1,52,2,0
25,test,38,521,1,226,4,0
25,test,39,553,1,192,2,0
25,test,40,11,1,10,1,0
25,test,41,52,1,295,3,0
25,test,42,31,0,717,8,0
25,test,43,890,1,573,23,0
25,test,44,603,1,203,2,0
25,test,45,375,1,437,2,0
25,test,46,226,1,222,3,0
25,test,47,573,1,890,14,0
25,test,48,24,1,603,3,0
25,test,49,743,1,129,2,0
25,test,50,441,1,836,76,0
25,test,51,395,2,642,2,0
25,test,52,514,0,301,3,0
25,test,53,760,1,759,1,0
25,test,54,552,1,100,1,0
25,test,55,155,1,322,5,0
25,test,56,268,1,601,5,0
25,test,57,310,1,863,13,0
25,test,58,341,0,151,1,0
25,test,59,330,2,104,2,0
25,test,60,180,1,761,7,0
25,test,61,81,1,144,2,0
25,test,62,384,1,628,31,0
25,test,63,195,1,304,1,0
25,test,64,187,1,15,3,0
25,test,65,170,1,712,53,0
25,test,66,815,1,608,2,0
25,test,67,465,1,32,262,0
25,test,68,565,1,277,3,0
25,test,69,665,0,604,322,0
25,test,70,452,2,451,19,0
25,test,71,369,1,897,6,0
25,test,72,161,1,765,3,0
25,test,73,391,2,272,3,0
25,test,74,766,1,183,1,0
25,test,75,270,1,178,60,0
25,test,76,37,1,522,6,0
25,test,77,310,0,6,3,0
25,test,78,178,1,152,7,0
25,test,79,524,1,163,3,0
25,test,80,600,1,296,4,0
25,test,81,744,1,801,3,0
25,test,82,653,1,509,1,0
25,test,83,438,1,158,4,0
25,test,84,292,1,702,5,0
25,test,85,24,1,497,3,0
25,test,86,50,1,185,7,0
25,test,87,477,1,639,3,0
25,test,88,15,1,187,2,0
25,test,89,772,1,735,2,0
25,test,90,831,1,189,1,0
25,test,91,262,0,221,262,0
25,test,92,561,1,329,2,0
25,test,93,904,1,590,1,0
25,test,94,297,2,350,2,0
25,test,95,9,1,51,3,0
25,test,96,15,1,277,741,0
25,test,97,47,2,118,3,0
25,test,98,697,0,38,117,0
25,test,99,650,2,649,2,0
25,test,100,99,1,78,3,0
25,test,101,688,1,687,2,0
25,test,102,203,1,603,1,0
25,test,103,725,1,252,13,0
25,test,104,849,1,562,4,0
25,test,105,685,1,359,5,0
25,test,106,344,0,843,20,0
25,test,107,243,1,538,2,0
25,test,108,250,1,455,45,0
25,test,109,82,1,838,8,0
25,test,110,707,1,456,1,0
25,test,111,23,0,911,28,0
25,test,112,219,1,139,2,0
25,test,113,653,0,861,183,0
25,test,114,917,1,210,3,0
25,test,115,802,1,649,45,0
25,test,116,445,1,597,200,0
25,test,117,129,1,323,11,0
25,test,118,155,1,154,9,0
25,test,119,80,1,66,2,0
25,test,120,78,1,683,7,0
25,test,121,637,1,351,1,0
25,test,122,102,1,291,8,0
25,test,123,799,1,390,2,0
25,test,124,755,1,82,2,0
25,test,125,664,5,339,2,0
25,test,126,725,1,494,9,0
25,test,127,604,1,281,5,0
25,test,128,23,1,496,1,0
25,test,129,369,1,300,6,0
25,test,130,828,1,723,3,0
25,test,131,256,0,546,21,0
25,test,132,755,0,15,7,0
25,test,133,471,1,4,5,0
25,test,134,80,1,115,7,0
25,test,135,850,0,480,38,0
25,test,136,74,1,629,5,0
25,test,137,461,1,338,1,0
25,test,138,692,1,358,1,0
25,test,139,530,1,501,143,0
25,test,140,159,1,686,18,0
25,test,141,483,0,38,447,0
25,test,142,811,1,725,5,0
25,test,143,479,1,151,2,0
25,test,144,267,1,601,2,0
25,test,145,371,1,58,2,0
25,test,146,889,0,227,15,0
25,test,147,854,4,121,13,0
25,test,148,672,1,50,1,0
25,test,149,639,1,477,1,0
25,test,150,117,1,116,1,0
25,test,151,607,1,606,2,0
25,test,152,315,1,369,3,0
25,test,153,900,0,879,267,0
25,test,154,160,1,181,3,0
25,test,155,13,1,508,4,0
25,test,156,339,1,682,1,0
25,test,157,189,1,188,2,0
25,test,158,140,1,139,5,0
25,test,159,205,1,74,1,0
25,test,160,212,0,797,394,0
25,test,161,251,0,613,17,0
25,test,162,344,1,435,1,0
25,test,163,887,1,170,41,0
25,test,164,277,1,884,30,0
25,test,165,329,0,849,212,0
25,test,166,303,1,195,3,0
25,test,167,455,2,406,7,0
25,test,168,296,1,600,3,0
25,test,169,759,1,580,27,0
25,test,170,370,1,83,3,0
25,test,171,710,1,296,2,0
25,test,172,702,1,292,5,0
25,test,173,787,1,22,6,0
25,test,174,89,2,691,7,0
25,test,175,98,0,550,639,0
25,test,176,118,5,57,4,0
25,test,177,4,1,562,2,0
25,test,178,525,0,111,80,0
25,test,179,534,1,313,5,0
25,test,180,143,1,192,2,0
25,test,181,263,1,813,15,0
25,test,182,437,1,673,10,0
25,test,183,701,1,484,3,0
25,test,184,451,1,16,7,0
25,test,185,106,1,485,13,0
25,test,186,529,1,595,6,0
25,test,187,434,1,741,2,0
25,test,188,573,16,509,8,1
25,test,189,18,10,16,6,1
25,test,190,316,10,537,4,1
25,test,191,391,11,125,1,1
25,test,192,98,10,15,8,1
25,test,193,761,10,179,1,1
25,test,194,310,10,829,12,1
25,test,195,674,10,634,4,1
25,test,196,52,10,44,5,1
25,test,197,786,10,771,3,1
25,test,198,655,10,196,2,1
25,test,199,51,10,477,7,1
25,test,200,101,10,42,4,1
25,test,201,12,10,18,1,1
25,test,202,374,10,375,8,1
25,test,203,341,10,354,3,1
25,test,204,206,10,137,9,1
25,test,205,19,10,483,5,1
25,test,206,102,10,816,9,1
25,test,207,618,10,288,13,1
25,test,208,106,10,485,13,1
25,test,209,18,10,12,5,1
25,test,210,134,10,130,2,1
25,test,211,208,10,332,7,1
25,test,212,292,9,136,7,1
25,test,213,47,10,383,2,1
25,test,214,89,10,90,7,1
25,test,215,412,9,744,286,1
25,test,216,697,9,582,282,1
25,test,217,878,10,331,1,1
25,test,218,318,10,151,2,1
25,test,219,354,10,151,2,1
25,test,220,747,10,637,1,1
25,test,221,484,9,652,405,1
25,test,222,581,10,124,1,1
25,test,223,817,10,470,2,1
25,test,224,213,10,765,4,1
25,test,225,52,10,710,3,1
25,test,226,226,10,521,11,1
25,test,227,192,10,553,2,1
25,test,228,10,10,11,4,1
25,test,229,295,10,52,2,1
25,test,230,717,9,31,3,1
25,test,231,573,10,890,15,1
25,test,232,203,10,603,1,1
25,test,233,437,10,375,3,1
25,test,234,222,10,226,5,1
25,test,235,890,10,573,22,1
25,test,236,603,10,24,1,1
25,test,237,129,10,743,12,1
25,test,238,836,10,441,45,1
25,test,239,642,11,395,3,1
25,test,240,301,9,514,5,1
25,test,241,759,10,760,3,1
25,test,242,100,10,552,3,1
25,test,243,322,10,155,9,1
25,test,244,601,10,268,4,1
25,test,245,863,10,310,3,1
25,test,246,151,9,341,2,1
25,test,247,104,11,330,5,1
25,test,248,761,10,180,8,1
25,test,249,144,10,81,2,1
25,test,250,628,10,384,563,1
25,test,251,304,10,195,6,1
25,test,252,15,10,187,2,1
25,test,253,712,10,170,283,1
25,test,254,608,10,815,6,1
25,test,255,32,10,465,423,1
25,test,256,277,10,565,4,1
25,test,257,604,9,665,22,1
25,test,258,451,11,452,7,1
25,test,259,897,10,369,2,1
25,test,260,765,10,161,5,1
25,test,261,272,11,391,6,1
25,test,262,183,10,766,5,1
25,test,263,178,10,270,419,1
25,test,264,522,10,37,5,1
25,test,265,6,9,310,4,1
25,test,266,152,10,178,3,1
25,test,267,163,10,524,3,1
25,test,268,296,10,600,3,1
25,test,269,801,10,744,3,1
25,test,270,509,10,653,5,1
25,test,271,158,10,438,2,1
25,test,272,702,10,292,5,1
25,test,273,497,10,24,1,1
25,test,274,185,10,50,5,1
25,test,275,639,10,477,2,1
25,test,276,187,10,15,3,1
25,test,277,735,10,772,7,1
25,test,278,189,10,831,3,1
25,test,279,221,9,262,274,1
25,test,280,329,10,561,3,1
25,test,281,590,10,904,3,1
25,test,282,350,11,297,4,1
25,test,283,51,10,9,3,1
25,test,284,277,10,15,107,1
25,test,285,118,11,47,4,1
25,test,286,38,9,697,12,1
25,test,287,649,11,650,2,1
25,test,288,78,10,99,12,1
25,test,289,687,10,688,7,1
25,test,290,603,10,203,1,1
25,test,291,252,10,725,2,1
25,test,292,562,10,849,5,1
25,test,293,359,10,685,3,1
25,test,294,843,9,344,148,1
25,test,295,538,10,243,2,1
25,test,296,455,10,250,17,1
25,test,297,838,10,82,2,1
25,test,298,456,10,707,4,1
25,test,299,911,9,23,271,1
25,test,300,139,10,219,1,1
25,test,301,861,9,653,428,1
25,test,302,210,10,917,6,1
25,test,303,649,10,802,262,1
25,test,304,597,10,445,351,1
25,test,305,323,10,129,2,1
25,test,306,154,10,155,8,1
25,test,307,66,10,80,7,1
25,test,308,683,10,78,7,1
25,test,309,351,10,637,1,1
25,test,310,291,10,102,3,1
25,test,311,390,10,799,2,1
25,test,312,82,10,755,11,1
25,test,313,339,14,664,2,1
25,test,314,494,10,725,4,1
25,test,315,281,10,604,6,1
25,test,316,496,10,23,4,1
25,test,317,300,10,369,2,1
25,test,318,723,10,828,2,1
25,test,319,546,9,256,377,1
25,test,320,15,9,755,1,1
25,test,321,4,10,471,2,1
25,test,322,115,10,80,6,1
25,test,323,480,9,850,8,1
25,test,324,629,10,74,1,1
25,test,325,338,10,461,4,1
25,test,326,358,10,692,3,1
25,test,327,501,10,530,530,1
25,test,328,686,10,159,4,1
25,test,329,38,9,483,462,1
25,test,330,725,10,811,5,1
25,test,331,151,10,479,3,1
25,test,332,601,10,267,1,1
25,test,333,58,10,371,2,1
25,test,334,227,9,889,237,1
25,test,335,121,13,854,104,1
25,test,336,50,10,672,12,1
25,test,337,477,10,639,1,1
25,test,338,116,10,117,3,1
25,test,339,606,10,607,6,1
25,test,340,369,10,315,2,1
25,test,341,879,9,900,121,1
25,test,342,181,10,160,8,1
25,test,343,508,10,13,6,1
25,test,344,682,10,339,2,1
25,test,345,188,10,189,2,1
25,test,346,139,10,140,3,1
25,test,347,74,10,205,5,1
25,test,348,797,9,212,49,1
25,test,349,613,9,251,554,1
25,test,350,435,10,344,1,1
25,test,351,170,10,887,17,1
25,test,352,884,10,277,673,1
25,test,353,849,9,329,19,1
25,test,354,195,10,303,2,1
25,test,355,406,11,455,3,1
25,test,356,600,10,296,4,1
25,test,357,580,10,759,74,1
25,test,358,83,10,370,4,1
25,test,359,296,10,710,10,1
25,test,360,292,10,702,5,1
25,test,361,22,10,787,4,1
25,test,362,691,11,89,1,1
25,test,363,550,9,98,570,1
25,test,364,57,14,118,4,1
25,test,365,562,10,4,3,1
25,test,366,111,9,525,239,1
25,test,367,313,10,534,4,1
25,test,368,192,10,143,2,1
25,test,369,813,10,263,48,1
25,test,370,673,10,437,4,1
25,test,371,484,10,701,8,1
25,test,372,16,10,451,8,1
25,test,373,485,10,106,163,1
25,test,374,595,10,529,5,1
25,test,375,741,10,434,1,1
29,val,0,1026,1,2209,448,0
29,val,1,2313,1,31,1,0
29,val,2,474,4,1958,5,0
29,val,3,1751,1,211,2,0
29,val,4,1136,1,395,2,0
29,val,5,66,2,997,3,0
29,val,6,1196,1,953,3,0
29,val,7,2025,0,577,3,0
29,val,8,1168,5,86,1,0
29,val,9,2424,1,79,3,0
29,val,10,53,1,34,5,0
29,val,11,810,1,930,8,0
29,val,12,2411,0,810,1,0
29,val,13,2386,6,2625,67,0
29,val,14,140,1,1900,1443,0
29,val,15,434,0,2078,225,0
29,val,16,2515,0,2166,500,0
29,val,17,1474,1,676,1,0
29,val,18,918,1,923,1,0
29,val,19,552,1,1098,5,0
29,val,20,2582,1,849,3,0
29,val,21,1397,1,49,4,0
29,val,22,2504,1,662,3,0
29,val,23,2311,1,1389,1,0
29,val,24,381,5,380,1,0
29,val,25,1863,1,1862,4,0
29,val,26,2104,1,1399,2,0
29,val,27,1765,2,2633,4,0
29,val,28,1722,0,11,279,0
29,val,29,1338,1,2457,54,0
29,val,30,2022,3,42,47,0
29,val,31,312,1,976,1,0
29,val,32,2639,0,1809,125,0
29,val,33,2133,1,23,7,0
29,val,34,396,1,357,2,0
29,val,35,1185,4,1656,90,0
29,val,36,2619,0,1217,27,0
29,val,37,2602,1,1270,1,0
29,val,38,79,2,1830,275,0
29,val,39,952,1,25,1076,0
29,val,40,906,0,519,236,0
29,val,41,79,2,1861,1897,0
29,val,42,93,0,430,8,0
29,val,43,2674,5,918,166,0
29,val,44,1865,0,143,27,0
29,val,45,826,1,1836,2,0
29,val,46,1205,1,2243,5,0
29,val,47,1432,1,1431,1,0
29,val,48,1895,0,1018,158,0
29,val,49,1202,2,1149,103,0
29,val,50,34,1,2300,17,0
29,val,51,1087,1,173,2266,0
29,val,52,285,1,2512,14,0
29,val,53,943,1,1806,6,0
29,val,54,150,1,1068,1,0
29,val,55,1123,0,399,1,0
29,val,56,317,4,2115,173,0
29,val,57,363,1,2013,5,0
29,val,58,1429,0,143,6,0
29,val,59,2497,0,230,39,0
29,val,60,1930,0,256,1367,0
29,val,61,2581,1,620,1,0
29,val,62,751,1,936,4,0
29,val,63,2012,1,583,1,0
29,val,64,2653,1,1771,1168,0
29,val,65,413,0,1600,45,0
29,val,66,12,1,334,9,0
29,val,67,671,5,2132,1,0
29,val,68,2398,1,2655,167,0
29,val,69,2413,4,1467,1510,0
29,val,70,287,3,249,10,0
29,val,71,1859,1,2054,5,0
29,val,72,1900,1,140,1411,0
29,val,73,327,1,10,5,0
29,val,74,862,1,1806,4,0
29,val,75,2614,1,2273,1,0
29,val,76,1770,1,225,1,0
29,val,77,1975,1,1260,1,0
29,val,78,459,1,409,2,0
29,val,79,1796,0,2516,832,0
29,val,80,54,1,102,9,0
29,val,81,5,0,810,1,0
29,val,82,2561,1,62,4,0
29,val,83,797,1,2142,10,0
29,val,84,2299,0,2154,833,0
29,val,85,8,1,1722,9,0
29,val,86,173,1,1087,588,0
29,val,87,114,0,803,1356,0
29,val,88,848,1,847,4,0
29,val,89,537,1,1538,332,0
29,val,90,871,0,1502,425,0
29,val,91,1391,0,1790,688,0
29,val,92,329,1,271,1,0
29,val,93,427,1,426,6,0
29,val,94,295,1,665,1,0
29,val,95,1705,1,439,2,0
29,val,96,1860,0,561,395,0
29,val,97,764,2,1765,101,0
29,val,98,1016,1,2599,4,0
29,val,99,641,1,1075,14,0
29,val,100,139,0,932,168,0
29,val,101,2421,0,12,17,0
29,val,102,452,1,151,2,0
29,val,103,1472,5,1613,1,0
29,val,104,997,2,1621,4,0
29,val,105,1230,1,978,1,0
29,val,106,1280,1,29,4,0
29,val,107,2092,1,1504,1,0
29,val,108,2455,1,1319,75,0
29,val,109,2255,1,211,2,0
29,val,110,77,4,767,511,0
29,val,111,150,1,1952,2,0
29,val,112,637,1,2187,2,0
29,val,113,35,1,981,6,0
29,val,114,1428,0,1235,28,0
29,val,115,1148,4,928,18,0
29,val,116,1056,1,843,2,0
29,val,117,1230,0,1348,50,0
29,val,118,79,1,879,4,0
29,val,119,2519,1,554,1,0
29,val,120,631,0,283,26,0
29,val,121,564,1,1945,4,0
29,val,122,1137,1,1136,6,0
29,val,123,738,0,1641,984,0
29,val,124,2472,1,1190,1,0
29,val,125,1245,1,347,4,0
29,val,126,672,1,64,462,0
29,val,127,233,1,1854,4,0
29,val,128,1965,1,1964,2,0
29,val,129,1415,0,1661,2,0
29,val,130,238,1,237,4,0
29,val,131,1999,1,941,5,0
29,val,132,2196,0,969,21,0
29,val,133,2384,1,1488,5,0
29,val,134,462,1,912,247,0
29,val,135,1896,3,957,451,0
29,val,136,1722,1,849,7,0
29,val,137,631,5,798,1,0
29,val,138,2456,1,550,2,0
29,val,139,1286,1,660,1,0
29,val,140,2237,1,1353,1,0
29,val,141,1279,1,2611,9,0
29,val,142,116,2,234,1,0
29,val,143,777,0,328,17,0
29,val,144,2134,1,194,7,0
29,val,145,2013,0,494,175,0
29,val,146,853,1,1420,13,0
29,val,147,10,1,34,8,0
29,val,148,1710,1,148,4,0
29,val,149,215,1,561,2,0
29,val,150,1986,1,468,4,0
29,val,151,952,0,479,26,0
29,val,152,1859,1,992,11,0
29,val,153,1569,5,1988,2,0
29,val,154,756,0,525,822,0
29,val,155,140,1,461,3,0
29,val,156,773,1,2001,4,0
29,val,157,1159,0,1722,16,0
29,val,158,1859,1,773,5,0
29,val,159,1270,0,490,285,0
29,val,160,1498,0,1814,1,0
29,val,161,2260,1,371,6,0
29,val,162,1303,1,315,2,0
29,val,163,1938,1,1319,2,0
29,val,164,531,1,336,100,0
29,val,165,147,0,2535,532,0
29,val,166,841,0,1695,140,0
29,val,167,2030,0,2614,329,0
29,val,168,141,1,394,3,0
29,val,169,2197,0,45,23,0
29,val,170,999,4,2529,17,0
29,val,171,349,1,746,4,0
29,val,172,1658,0,2042,199,0
29,val,173,1176,0,1538,367,0
29,val,174,99,1,71,3,0
29,val,175,1196,1,541,3,0
29,val,176,979,1,1773,8,0
29,val,177,547,0,383,4,0
29,val,178,556,1,2074,1,0
29,val,179,875,1,2364,9,0
29,val,180,2550,0,2687,115,0
29,val,181,148,1,55,1,0
29,val,182,1180,0,1631,118,0
29,val,183,344,1,230,4,0
29,val,184,1099,1,2195,10,0
29,val,185,1035,1,2069,13,0
29,val,186,595,1,2664,17,0
29,val,187,234,1,233,2,0
29,val,188,19,1,662,8,0
29,val,189,1620,2,997,5,0
29,val,190,1794,0,480,95,0
29,val,191,2641,1,454,1,0
29,val,192,2026,1,459,2,0
29,val,193,371,1,1691,4,0
29,val,194,531,1,1671,3,0
29,val,195,1829,1,525,2,0
29,val,196,601,1,221,3,0
29,val,197,1916,1,1161,2,0
29,val,198,618,1,417,12,0
29,val,199,263,0,2226,92,0
29,val,200,938,1,2559,20,0
29,val,201,2412,0,62,1,0
29,val,202,809,1,1005,3,0
29,val,203,1753,0,1174,14,0
29,val,204,277,1,445,172,0
29,val,205,1432,0,2087,755,0
29,val,206,1994,1,187,7,0
29,val,207,68,4,1601,257,0
29,val,208,2580,0,1074,468,0
29,val,209,683,1,198,10,0
29,val,210,2434,0,634,766,0
29,val,211,1756,1,836,1,0
29,val,212,62,4,1624,655,0
29,val,213,653,1,652,6,0
29,val,214,455,1,454,1,0
29,val,215,1952,1,1494,3,0
29,val,216,832,1,1325,2,0
29,val,217,2589,0,377,230,0
29,val,218,2419,0,1197,1283,0
29,val,219,1928,1,1533,3,0
29,val,220,1008,1,668,2,0
29,val,221,1755,1,307,154,0
29,val,222,250,1,429,4,0
29,val,223,602,1,595,72,0
29,val,224,1184,0,1682,20,0
29,val,225,1256,1,54,7,0
29,val,226,480,0,1199,20,0
29,val,227,1171,1,855,1,0
29,val,228,2616,4,456,602,0
29,val,229,963,0,479,1,0
29,val,230,435,1,1684,2,0
29,val,231,2427,1,32,4,0
29,val,232,2399,1,2543,3,0
29,val,233,2344,1,225,1,0
29,val,234,1449,1,2381,2,0
29,val,235,2284,1,1505,1,0
29,val,236,881,0,110,42,0
29,val,237,330,5,1783,1,0
29,val,238,585,1,2508,3,0
29,val,239,1969,0,51,2193,0
29,val,240,223,5,1306,1,0
29,val,241,2637,0,1724,279,0
29,val,242,672,1,345,53,0
29,val,243,912,1,1933,8,0
29,val,244,29,1,1485,38,0
29,val,245,699,0,2452,814,0
29,val,246,791,4,2343,14,0
29,val,247,2444,2,514,1,0
29,val,248,183,0,401,996,0
29,val,249,380,0,1729,230,0
29,val,250,997,1,1707,4,0
29,val,251,312,0,983,9,0
29,val,252,546,4,620,14,0
29,val,253,1366,1,2507,45,0
29,val,254,371,0,1357,130,0
29,val,255,390,1,881,5,0
29,val,256,106,1,268,1,0
29,val,257,941,1,2144,238,0
29,val,258,114,0,692,215,0
29,val,259,687,0,2496,1056,0
29,val,260,133,1,261,4,0
29,val,261,659,0,143,20,0
29,val,262,783,0,1049,137,0
29,val,263,612,0,88,286,0
29,val,264,1705,1,39,2,0
29,val,265,1826,1,962,1,0
29,val,266,25,1,24,5,0
29,val,267,1255,4,2604,3,0
29,val,268,1348,0,1596,19,0
29,val,269,2250,1,2249,1,0
29,val,270,1420,1,853,4,0
29,val,271,2056,1,2220,273,0
29,val,272,103,0,344,53,0
29,val,273,2231,0,888,1675,0
29,val,274,595,0,1347,373,0
29,val,275,39,1,366,6,0
29,val,276,1165,0,1186,1,0
29,val,277,674,1,673,2,0
29,val,278,1402,1,1611,1,0
29,val,279,528,0,1199,27,0
29,val,280,1104,1,1857,4,0
29,val,281,1266,0,545,491,0
29,val,282,2695,0,1,445,0
29,val,283,868,4,2458,53,0
29,val,284,1654,1,158,2,0
29,val,285,940,1,939,7,0
29,val,286,192,1,453,2,0
29,val,287,115,1,336,12,0
29,val,288,450,0,1631,115,0
29,val,289,1367,1,2525,23,0
29,val,290,239,0,2304,327,0
29,val,291,713,1,83,2,0
29,val,292,569,2,1906,5,0
29,val,293,1191,1,29,3,0
29,val,294,112,0,2256,1288,0
29,val,295,1494,1,1299,3,0
29,val,296,1753,1,583,3,0
29,val,297,2185,1,586,7,0
29,val,298,1281,1,2301,5,0
29,val,299,1259,1,212,9,0
29,val,300,971,1,991,11,0
29,val,301,85,1,469,3,0
29,val,302,2514,0,357,135,0
29,val,303,986,1,1814,2,0
29,val,304,1367,1,971,2,0
29,val,305,401,1,1060,3,0
29,val,306,2549,0,2658,803,0
29,val,307,1621,2,1620,1,0
29,val,308,474,4,2146,1042,0
29,val,309,2564,0,371,145,0
29,val,310,2608,0,141,218,0
29,val,311,1609,1,25,3,0
29,val,312,1974,0,1199,24,0
29,val,313,2624,1,2122,933,0
29,val,314,2338,0,1217,24,0
29,val,315,339,0,383,3,0
29,val,316,2207,1,2013,2,0
29,val,317,116,1,115,1,0
29,val,318,2370,1,2369,2,0
29,val,319,1574,1,328,2,0
29,val,320,717,5,472,2,0
29,val,321,1566,1,960,2,0
29,val,322,807,5,1373,1,0
29,val,323,2220,1,2056,1770,0
29,val,324,2008,1,2489,3,0
29,val,325,1057,1,598,8,0
29,val,326,147,1,146,1,0
29,val,327,2547,0,1732,264,0
29,val,328,1037,1,189,2,0
29,val,329,1489,1,1708,2,0
29,val,330,826,1,1523,2,0
29,val,331,719,2,81,2,0
29,val,332,1030,1,1029,2,0
29,val,333,1992,1,687,1,0
29,val,334,936,1,2181,5,0
29,val,335,2644,0,1066,1223,0
29,val,336,1939,1,551,3,0
29,val,337,1054,1,2607,3,0
29,val,338,1024,1,1284,5,0
29,val,339,791,4,2223,431,0
29,val,340,1092,1,2132,1,0
29,val,341,598,1,2020,6,0
29,val,342,1065,1,388,3,0
29,val,343,997,2,1620,10,0
29,val,344,146,1,2401,951,0
29,val,345,689,5,971,5,0
29,val,346,2388,0,1358,3,0
29,val,347,1328,1,2600,9,0
29,val,348,918,5,2674,39,0
29,val,349,2511,1,1423,1,0
29,val,350,2144,1,2143,1,0
29,val,351,1097,2,891,1,0
29,val,352,2085,2,1834,1,0
29,val,353,1877,0,2056,220,0
29,val,354,1127,0,2467,318,0
29,val,355,2482,1,2481,1,0
29,val,356,83,1,1551,1,0
29,val,357,666,0,164,13,0
29,val,358,1635,1,1167,3,0
29,val,359,416,1,530,3,0
29,val,360,1294,0,1634,763,0
29,val,361,595,1,594,2,0
29,val,362,2665,1,741,2,0
29,val,363,538,0,1211,2,0
29,val,364,23,1,258,3,0
29,val,365,151,1,2606,21,0
29,val,366,779,0,2692,194,0
29,val,367,1734,5,518,6,0
29,val,368,991,1,150,11,0
29,val,369,458,1,1641,3,0
29,val,370,1551,1,83,1,0
29,val,371,2680,1,126,2,0
29,val,372,910,0,377,275,0
29,val,373,1032,2,514,3,0
29,val,374,2115,4,2079,13,0
29,val,375,1984,1,2688,5,0
29,val,376,963,5,221,2,0
29,val,377,145,0,2347,189,0
29,val,378,1203,0,1437,1843,0
29,val,379,499,4,1545,1037,0
29,val,380,1679,0,834,4,0
29,val,381,51,1,1265,3,0
29,val,382,664,3,2201,46,0
29,val,383,2123,0,2157,84,0
29,val,384,217,0,832,469,0
29,val,385,2514,1,4,2,0
29,val,386,1623,1,1775,1,0
29,val,387,595,1,602,436,0
29,val,388,868,4,499,68,0
29,val,389,1225,1,790,2,0
29,val,390,1583,4,1959,6,0
29,val,391,425,0,634,836,0
29,val,392,243,0,62,6,0
29,val,393,523,1,875,7,0
29,val,394,2662,1,1930,1,0
29,val,395,385,1,85,5,0
29,val,396,714,1,858,1,0
29,val,397,2638,1,95,3,0
29,val,398,1397,1,1177,15,0
29,val,399,2657,1,1814,2,0
29,val,400,1953,1,2013,8,0
29,val,401,371,1,2036,1,0
29,val,402,2696,1,176,3,0
29,val,403,2456,1,2260,6,0
29,val,404,1546,0,1,323,0
29,val,405,992,3,1888,12,0
29,val,406,2122,1,2624,43,0
29,val,407,222,1,963,1,0
29,val,408,875,1,1828,17,0
29,val,409,462,1,172,1,0
29,val,410,659,1,658,1,0
29,val,411,646,4,2360,1,0
29,val,412,655,4,2184,118,0
29,val,413,829,1,23,4,0
29,val,414,2195,1,1099,103,0
29,val,415,1963,1,1299,2,0
29,val,416,2197,1,45,2,0
29,val,417,2015,0,1348,35,0
29,val,418,616,1,1647,3,0
29,val,419,60,1,2702,3,0
29,val,420,2433,0,930,2293,0
29,val,421,2014,0,328,14,0
29,val,422,2673,1,545,2,0
29,val,423,1262,4,1694,32,0
29,val,424,32,0,2518,401,0
29,val,425,1045,1,1044,1,0
29,val,426,158,1,138,3,0
29,val,427,2257,1,269,2,0
29,val,428,1388,0,1239,46,0
29,val,429,1898,0,625,388,0
29,val,430,541,1,1196,2,0
29,val,431,2434,1,2301,6,0
29,val,432,990,1,2473,46,0
29,val,433,912,1,462,852,0
29,val,434,611,1,2103,4,0
29,val,435,799,1,1570,4,0
29,val,436,1757,0,1957,1437,0
29,val,437,898,1,1256,12,0
29,val,438,77,0,240,925,0
29,val,439,1717,1,1825,1,0
29,val,440,2418,1,768,2,0
29,val,441,952,1,1769,873,0
29,val,442,1059,1,1317,4,0
29,val,443,1028,1,1444,853,0
29,val,444,1689,1,1338,2,0
29,val,445,1437,1,1157,2,0
29,val,446,2679,1,4,1,0
29,val,447,205,1,28,4,0
29,val,448,376,0,1357,579,0
29,val,449,2058,0,789,5,0
29,val,450,1988,5,1569,4,0
29,val,451,2231,1,1578,2,0
29,val,452,377,0,1456,21,0
29,val,453,1060,1,673,1,0
29,val,454,1299,1,1963,7,0
29,val,455,2033,0,2620,440,0
29,val,456,1590,1,472,2,0
29,val,457,419,1,418,6,0
29,val,458,1193,1,2096,7,0
29,val,459,1393,1,242,2,0
29,val,460,746,1,1399,4,0
29,val,461,2153,1,863,6,0
29,val,462,1176,5,2693,106,0
29,val,463,2119,1,579,5,0
29,val,464,882,1,467,1,0
29,val,465,2646,0,1154,306,0
29,val,466,467,1,1899,10,0
29,val,467,523,1,522,4,0
29,val,468,20,1,311,5,0
29,val,469,211,1,210,12,0
29,val,470,2638,0,478,169,0
29,val,471,1640,5,2065,6,0
29,val,472,2389,5,359,3,0
29,val,473,991,1,1213,9,0
29,val,474,196,1,1902,4,0
29,val,475,557,1,2073,1,0
29,val,476,980,0,401,225,0
29,val,477,1260,1,1975,1,0
29,val,478,2074,0,2391,1795,0
29,val,479,509,0,1586,708,0
29,val,480,1236,1,380,2,0
29,val,481,2573,0,94,424,0
29,val,482,1641,0,879,191,0
29,val,483,1293,1,2307,3,0
29,val,484,211,1,559,8,0
29,val,485,18,1,1321,17,0
29,val,486,471,0,1461,656,0
29,val,487,608,1,69,1,0
29,val,488,1245,0,1050,1345,0
29,val,489,97,1,2708,6,0
29,val,490,1931,0,733,810,0
29,val,491,1351,0,1853,66,0
29,val,492,209,1,242,4,0
29,val,493,2368,0,569,2,0
29,val,494,984,0,135,377,0
29,val,495,213,0,879,134,0
29,val,496,2451,1,21,713,0
29,val,497,2553,0,794,305,0
29,val,498,482,1,481,3,0
29,val,499,2202,3,2348,157,0
29,val,500,1496,5,942,1,0
29,val,501,2334,1,141,3,0
29,val,502,1703,1,1702,1,0
29,val,503,2024,1,294,1,0
29,val,504,2614,0,565,93,0
29,val,505,230,1,370,2,0
29,val,506,2324,1,253,1,0
29,val,507,378,1,1157,1,0
29,val,508,1634,1,2084,2,0
29,val,509,2382,1,1591,5,0
29,val,510,514,2,513,3,0
29,val,511,1859,5,1171,3,0
29,val,512,333,1,1626,3,0
29,val,513,1697,4,1730,44,0
29,val,514,1243,2,597,10,0
29,val,515,18,1,2707,22,0
29,val,516,2179,0,457,60,0
29,val,517,2213,0,1971,215,0
29,val,518,1418,1,1074,2,0
29,val,519,791,4,2380,3,0
29,val,520,867,2,1032,142,0
29,val,521,202,1,1202,4,0
29,val,522,1896,0,135,54,0
29,val,523,48,0,2214,566,0
29,val,524,2459,1,45,2,0
29,val,525,2452,0,2349,91,0
29,val,526,1490,1,2116,30,0
29,val,527,2188,0,1186,1,0
29,val,528,327,1,2495,36,0
29,val,529,2279,0,403,245,0
29,val,530,2420,1,1161,1,0
29,val,531,1088,7,1087,1,0
29,val,532,2292,0,1358,3,0
29,val,533,1662,1,31,1,0
29,val,534,1080,1,725,11,0
29,val,535,453,1,685,11,0
29,val,536,1579,1,844,5,0
29,val,537,1501,1,1072,1,0
29,val,538,715,1,954,622,0
29,val,539,2102,1,1034,1,0
29,val,540,2688,0,1436,13,0
29,val,541,1620,2,438,52,0
29,val,542,222,0,2533,373,0
29,val,543,2696,0,2323,517,0
29,val,544,757,1,1832,12,0
29,val,545,2374,1,810,3,0
29,val,546,1291,4,1409,30,0
29,val,547,1565,5,926,1,0
29,val,548,2670,0,1950,154,0
29,val,549,79,2,984,129,0
29,val,550,718,5,717,1554,0
29,val,551,1356,0,879,49,0
29,val,552,427,5,390,7,0
29,val,553,12,1,2431,9,0
29,val,554,1500,1,2694,8,0
29,val,555,422,1,621,2,0
29,val,556,912,1,64,4,0
29,val,557,1373,5,807,2,0
29,val,558,941,5,2153,5,0
29,val,559,1612,0,432,1473,0
29,val,560,1544,1,1249,2,0
29,val,561,223,1,2088,13,0
29,val,562,84,1,1552,1,0
29,val,563,2135,0,38,329,0
29,val,564,700,2,2427,95,0
29,val,565,2655,1,2398,2474,0
29,val,566,91,2,770,1,0
29,val,567,1444,1,1443,1,0
29,val,568,2115,4,1880,436,0
29,val,569,1135,1,174,3,0
29,val,570,253,1,2324,1,0
29,val,571,290,0,452,188,0
29,val,572,2673,5,1401,1,0
29,val,573,724,1,169,4,0
29,val,574,2485,0,18,121,0
29,val,575,2221,1,2536,7,0
29,val,576,1392,1,1380,2,0
29,val,577,1830,1,1746,4,0
29,val,578,2031,0,2663,121,0
29,val,579,1941,4,2612,22,0
29,val,580,2297,4,2449,135,0
29,val,581,2437,1,662,5,0
29,val,582,176,1,2321,6,0
29,val,583,546,4,2022,3,0
29,val,584,1890,1,943,1,0
29,val,585,1624,0,791,505,0
29,val,586,1991,1,990,5,0
29,val,587,361,0,2323,528,0
29,val,588,1248,0,230,34,0
29,val,589,21,1,2451,93,0
29,val,590,1941,0,240,759,0
29,val,591,629,1,2060,2,0
29,val,592,1824,0,2260,391,0
29,val,593,1473,1,813,9,0
29,val,594,136,0,222,72,0
29,val,595,597,2,1243,76,0
29,val,596,708,1,1863,201,0
29,val,597,42,4,483,112,0
29,val,598,1593,1,543,4,0
29,val,599,696,0,1216,171,0
29,val,600,1190,1,1189,6,0
29,val,601,372,0,983,14,0
29,val,602,23,1,829,3,0
29,val,603,8,5,309,4,0
29,val,604,1424,1,659,6,0
29,val,605,2124,1,1790,5,0
29,val,606,2222,1,1104,1,0
29,val,607,1338,1,2588,11,0
29,val,608,2335,1,143,1,0
29,val,609,1973,0,833,1872,0
29,val,610,765,1,764,5,0
29,val,611,1383,0,1922,75,0
29,val,612,691,0,2015,3,0
29,val,613,910,1,122,8,0
29,val,614,2267,1,972,6,0
29,val,615,1145,0,401,1018,0
29,val,616,751,0,983,23,0
29,val,617,176,1,1837,24,0
29,val,618,815,2,355,761,0
29,val,619,983,0,64,19,0
29,val,620,999,4,2493,67,0
29,val,621,2023,1,1647,2,0
29,val,622,2294,3,1214,447,0
29,val,623,376,1,736,7,0
29,val,624,1370,1,174,7,0
29,val,625,875,1,963,3,0
29,val,626,1171,5,1859,7,0
29,val,627,104,1,1726,1,0
29,val,628,2710,1,1281,1,0
29,val,629,1132,1,1116,3,0
29,val,630,2209,10,1026,1618,1
29,val,631,31,10,2313,3,1
29,val,632,1958,13,474,3,1
29,val,633,211,10,1751,14,1
29,val,634,395,10,1136,2,1
29,val,635,997,11,66,5,1
29,val,636,953,10,1196,2,1
29,val,637,577,9,2025,1,1
29,val,638,86,14,1168,1,1
29,val,639,79,10,2424,33,1
29,val,640,34,10,53,8,1
29,val,641,930,10,810,2,1
29,val,642,810,9,2411,2,1
29,val,643,2625,15,2386,518,1
29,val,644,1900,10,140,1464,1
29,val,645,2078,9,434,386,1
29,val,646,2166,9,2515,605,1
29,val,647,676,10,1474,3,1
29,val,648,923,10,918,3,1
29,val,649,1098,10,552,1,1
29,val,650,849,10,2582,19,1
29,val,651,49,10,1397,11,1
29,val,652,662,10,2504,28,1
29,val,653,1389,10,2311,2,1
29,val,654,380,14,381,1,1
29,val,655,1862,10,1863,1,1
29,val,656,1399,10,2104,7,1
29,val,657,2633,11,1765,2,1
29,val,658,11,9,1722,479,1
29,val,659,2457,10,1338,369,1
29,val,660,42,12,2022,447,1
29,val,661,976,10,312,1,1
29,val,662,1809,9,2639,729,1
29,val,663,23,10,2133,2,1
29,val,664,357,10,396,3,1
29,val,665,1656,13,1185,48,1
29,val,666,1217,9,2619,651,1
29,val,667,1270,10,2602,8,1
29,val,668,1830,11,79,30,1
29,val,669,25,10,952,910,1
29,val,670,519,9,906,22,1
29,val,671,1861,11,79,23,1
29,val,672,430,9,93,6,1
29,val,673,918,14,2674,49,1
29,val,674,143,9,1865,119,1
29,val,675,1836,10,826,20,1
29,val,676,2243,10,1205,588,1
29,val,677,1431,10,1432,5,1
29,val,678,1018,9,1895,8,1
29,val,679,1149,11,1202,968,1
29,val,680,2300,10,34,4,1
29,val,681,173,10,1087,617,1
29,val,682,2512,10,285,1790,1
29,val,683,1806,10,943,1,1
29,val,684,1068,10,150,5,1
29,val,685,399,9,1123,2,1
29,val,686,2115,13,317,29,1
29,val,687,2013,10,363,2,1
29,val,688,143,9,1429,1,1
29,val,689,230,9,2497,603,1
29,val,690,256,9,1930,35,1
29,val,691,620,10,2581,2,1
29,val,692,936,10,751,5,1
29,val,693,583,10,2012,4,1
29,val,694,1771,10,2653,263,1
29,val,695,1600,9,413,290,1
29,val,696,334,10,12,1,1
29,val,697,2132,14,671,1,1
29,val,698,2655,10,2398,2505,1
29,val,699,1467,13,2413,116,1
29,val,700,249,12,287,4,1
29,val,701,2054,10,1859,4,1
29,val,702,140,10,1900,1418,1
29,val,703,10,10,327,21,1
29,val,704,1806,10,862,6,1
29,val,705,2273,10,2614,21,1
29,val,706,225,10,1770,3,1
29,val,707,1260,10,1975,1,1
29,val,708,409,10,459,12,1
29,val,709,2516,9,1796,223,1
29,val,710,102,10,54,7,1
29,val,711,810,9,5,3,1
29,val,712,62,10,2561,48,1
29,val,713,2142,10,797,3,1
29,val,714,2154,9,2299,250,1
29,val,715,1722,10,8,9,1
29,val,716,1087,10,173,2273,1
29,val,717,803,9,114,1193,1
29,val,718,847,10,848,1,1
29,val,719,1538,10,537,52,1
29,val,720,1502,9,871,639,1
29,val,721,1790,9,1391,722,1
29,val,722,271,10,329,1,1
29,val,723,426,10,427,6,1
29,val,724,665,10,295,3,1
29,val,725,439,10,1705,9,1
29,val,726,561,9,1860,971,1
29,val,727,1765,11,764,1287,1
29,val,728,2599,10,1016,2,1
29,val,729,1075,10,641,2,1
29,val,730,932,9,139,271,1
29,val,731,12,9,2421,3,1
29,val,732,151,10,452,20,1
29,val,733,1613,14,1472,13,1
29,val,734,1621,11,997,5,1
29,val,735,978,10,1230,3,1
29,val,736,29,10,1280,10,1
29,val,737,1504,10,2092,3,1
29,val,738,1319,10,2455,1755,1
29,val,739,211,10,2255,5,1
29,val,740,767,13,77,15,1
29,val,741,1952,10,150,14,1
29,val,742,2187,10,637,1,1
29,val,743,981,10,35,3,1
29,val,744,1235,9,1428,996,1
29,val,745,928,13,1148,13,1
29,val,746,843,10,1056,3,1
29,val,747,1348,9,1230,231,1
29,val,748,879,10,79,2,1
29,val,749,554,10,2519,3,1
29,val,750,283,9,631,10,1
29,val,751,1945,10,564,1,1
29,val,752,1136,10,1137,6,1
29,val,753,1641,9,738,31,1
29,val,754,1190,10,2472,4,1
29,val,755,347,10,1245,6,1
29,val,756,64,10,672,86,1
29,val,757,1854,10,233,3,1
29,val,758,1964,10,1965,8,1
29,val,759,1661,9,1415,2,1
29,val,760,237,10,238,1,1
29,val,761,941,10,1999,12,1
29,val,762,969,9,2196,707,1
29,val,763,1488,10,2384,3,1
29,val,764,912,10,462,916,1
29,val,765,957,12,1896,1821,1
29,val,766,849,10,1722,3,1
29,val,767,798,14,631,1,1
29,val,768,550,10,2456,9,1
29,val,769,660,10,1286,3,1
29,val,770,1353,10,2237,7,1
29,val,771,2611,10,1279,1,1
29,val,772,234,11,116,7,1
29,val,773,328,9,777,583,1
29,val,774,194,10,2134,4,1
29,val,775,494,9,2013,998,1
29,val,776,1420,10,853,4,1
29,val,777,34,10,10,5,1
29,val,778,148,10,1710,3,1
29,val,779,561,10,215,2,1
29,val,780,468,10,1986,5,1
29,val,781,479,9,952,5,1
29,val,782,992,10,1859,3,1
29,val,783,1988,14,1569,4,1
29,val,784,525,9,756,339,1
29,val,785,461,10,140,2,1
29,val,786,2001,10,773,4,1
29,val,787,1722,9,1159,5,1
29,val,788,773,10,1859,7,1
29,val,789,490,9,1270,442,1
29,val,790,1814,9,1498,1,1
29,val,791,371,10,2260,2,1
29,val,792,315,10,1303,2,1
29,val,793,1319,10,1938,5,1
29,val,794,336,10,531,21,1
29,val,795,2535,9,147,626,1
29,val,796,1695,9,841,158,1
29,val,797,2614,9,2030,6,1
29,val,798,394,10,141,4,1
29,val,799,45,9,2197,7,1
29,val,800,2529,13,999,4,1
29,val,801,746,10,349,1,1
29,val,802,2042,9,1658,270,1
29,val,803,1538,9,1176,28,1
29,val,804,71,10,99,5,1
29,val,805,541,10,1196,2,1
29,val,806,1773,10,979,2,1
29,val,807,383,9,547,60,1
29,val,808,2074,10,556,2,1
29,val,809,2364,10,875,2,1
29,val,810,2687,9,2550,592,1
29,val,811,55,10,148,3,1
29,val,812,1631,9,1180,1061,1
29,val,813,230,10,344,2,1
29,val,814,2195,10,1099,95,1
29,val,815,2069,10,1035,2,1
29,val,816,2664,10,595,724,1
29,val,817,233,10,234,2,1
29,val,818,662,10,19,8,1
29,val,819,997,11,1620,8,1
29,val,820,480,9,1794,166,1
29,val,821,454,10,2641,10,1
29,val,822,459,10,2026,3,1
29,val,823,1691,10,371,6,1
29,val,824,1671,10,531,1,1
29,val,825,525,10,1829,5,1
29,val,826,221,10,601,5,1
29,val,827,1161,10,1916,2,1
29,val,828,417,10,618,9,1
29,val,829,2226,9,263,29,1
29,val,830,2559,10,938,2,1
29,val,831,62,9,2412,590,1
29,val,832,1005,10,809,7,1
29,val,833,1174,9,1753,442,1
29,val,834,445,10,277,1217,1
29,val,835,2087,9,1432,69,1
29,val,836,187,10,1994,12,1
29,val,837,1601,13,68,24,1
29,val,838,1074,9,2580,75,1
29,val,839,198,10,683,4,1
29,val,840,634,9,2434,613,1
29,val,841,836,10,1756,4,1
29,val,842,1624,13,62,258,1
29,val,843,652,10,653,2,1
29,val,844,454,10,455,10,1
29,val,845,1494,10,1952,2,1
29,val,846,1325,10,832,1,1
29,val,847,377,9,2589,616,1
29,val,848,1197,9,2419,1074,1
29,val,849,1533,10,1928,7,1
29,val,850,668,10,1008,7,1
29,val,851,307,10,1755,44,1
29,val,852,429,10,250,5,1
29,val,853,595,10,602,466,1
29,val,854,1682,9,1184,2,1
29,val,855,54,10,1256,13,1
29,val,856,1199,9,480,115,1
29,val,857,855,10,1171,4,1
29,val,858,456,13,2616,209,1
29,val,859,479,9,963,1,1
29,val,860,1684,10,435,2,1
29,val,861,32,10,2427,4,1
29,val,862,2543,10,2399,1,1
29,val,863,225,10,2344,6,1
29,val,864,2381,10,1449,3,1
29,val,865,1505,10,2284,3,1
29,val,866,110,9,881,732,1
29,val,867,1783,14,330,1,1
29,val,868,2508,10,585,2,1
29,val,869,51,9,1969,159,1
29,val,870,1306,14,223,3,1
29,val,871,1724,9,2637,270,1
29,val,872,345,10,672,2,1
29,val,873,1933,10,912,2,1
29,val,874,1485,10,29,184,1
29,val,875,2452,9,699,967,1
29,val,876,2343,13,791,18,1
29,val,877,514,11,2444,8,1
29,val,878,401,9,183,709,1
29,val,879,1729,9,380,237,1
29,val,880,1707,10,997,1,1
29,val,881,983,9,312,67,1
29,val,882,620,13,546,1,1
29,val,883,2507,10,1366,496,1
29,val,884,1357,9,371,6,1
29,val,885,881,10,390,6,1
29,val,886,268,10,106,7,1
29,val,887,2144,10,941,583,1
29,val,888,692,9,114,1180,1
29,val,889,2496,9,687,49,1
29,val,890,261,10,133,1,1
29,val,891,143,9,659,10,1
29,val,892,1049,9,783,18,1
29,val,893,88,9,612,381,1
29,val,894,39,10,1705,23,1
29,val,895,962,10,1826,6,1
29,val,896,24,10,25,5,1
29,val,897,2604,13,1255,1,1
29,val,898,1596,9,1348,1883,1
29,val,899,2249,10,2250,8,1
29,val,900,853,10,1420,14,1
29,val,901,2220,10,2056,1759,1
29,val,902,344,9,103,997,1
29,val,903,888,9,2231,2222,1
29,val,904,1347,9,595,456,1
29,val,905,366,10,39,3,1
29,val,906,1186,9,1165,13,1
29,val,907,673,10,674,3,1
29,val,908,1611,10,1402,2,1
29,val,909,1199,9,528,1095,1
29,val,910,1857,10,1104,2,1
29,val,911,545,9,1266,960,1
29,val,912,1,9,2695,1180,1
29,val,913,2458,13,868,189,1
29,val,914,158,10,1654,3,1
29,val,915,939,10,940,2,1
29,val,916,453,10,192,9,1
29,val,917,336,10,115,4,1
29,val,918,1631,9,450,761,1
29,val,919,2525,10,1367,1,1
29,val,920,2304,9,239,2325,1
29,val,921,83,10,713,6,1
29,val,922,1906,11,569,2,1
29,val,923,29,10,1191,2,1
29,val,924,2256,9,112,348,1
29,val,925,1299,10,1494,17,1
29,val,926,583,10,1753,5,1
29,val,927,586,10,2185,3,1
29,val,928,2301,10,1281,1,1
29,val,929,212,10,1259,7,1
29,val,930,991,10,971,3,1
29,val,931,469,10,85,4,1
29,val,932,357,9,2514,306,1
29,val,933,1814,10,986,3,1
29,val,934,971,10,1367,4,1
29,val,935,1060,10,401,1,1
29,val,936,2658,9,2549,648,1
29,val,937,1620,11,1621,3,1
29,val,938,2146,13,474,8,1
29,val,939,371,9,2564,833,1
29,val,940,141,9,2608,962,1
29,val,941,25,10,1609,6,1
29,val,942,1199,9,1974,609,1
29,val,943,2122,10,2624,56,1
29,val,944,1217,9,2338,205,1
29,val,945,383,9,339,19,1
29,val,946,2013,10,2207,4,1
29,val,947,115,10,116,20,1
29,val,948,2369,10,2370,5,1
29,val,949,328,10,1574,41,1
29,val,950,472,14,717,37,1
29,val,951,960,10,1566,1,1
29,val,952,1373,14,807,2,1
29,val,953,2056,10,2220,261,1
29,val,954,2489,10,2008,1,1
29,val,955,598,10,1057,4,1
29,val,956,146,10,147,5,1
29,val,957,1732,9,2547,242,1
29,val,958,189,10,1037,4,1
29,val,959,1708,10,1489,2,1
29,val,960,1523,10,826,16,1
29,val,961,81,11,719,3,1
29,val,962,1029,10,1030,3,1
29,val,963,687,10,1992,2,1
29,val,964,2181,10,936,8,1
29,val,965,1066,9,2644,125,1
29,val,966,551,10,1939,7,1
29,val,967,2607,10,1054,2,1
29,val,968,1284,10,1024,6,1
29,val,969,2223,13,791,20,1
29,val,970,2132,10,1092,6,1
29,val,971,2020,10,598,7,1
29,val,972,388,10,1065,14,1
29,val,973,1620,11,997,6,1
29,val,974,2401,10,146,140,1
29,val,975,971,14,689,2,1
29,val,976,1358,9,2388,2,1
29,val,977,2600,10,1328,2,1
29,val,978,2674,14,918,142,1
29,val,979,1423,10,2511,1,1
29,val,980,2143,10,2144,1,1
29,val,981,891,11,1097,5,1
29,val,982,1834,11,2085,4,1
29,val,983,2056,9,1877,68,1
29,val,984,2467,9,1127,10,1
29,val,985,2481,10,2482,3,1
29,val,986,1551,10,83,1,1
29,val,987,164,9,666,195,1
29,val,988,1167,10,1635,4,1
29,val,989,530,10,416,9,1
29,val,990,1634,9,1294,40,1
29,val,991,594,10,595,3,1
29,val,992,741,10,2665,5,1
29,val,993,1211,9,538,1,1
29,val,994,258,10,23,8,1
29,val,995,2606,10,151,2,1
29,val,996,2692,9,779,1053,1
29,val,997,518,14,1734,2,1
29,val,998,150,10,991,5,1
29,val,999,1641,10,458,3,1
29,val,1000,83,10,1551,1,1
29,val,1001,126,10,2680,2,1
29,val,1002,377,9,910,568,1
29,val,1003,514,11,1032,1,1
29,val,1004,2079,13,2115,23,1
29,val,1005,2688,10,1984,2,1
29,val,1006,221,14,963,5,1
29,val,1007,2347,9,145,304,1
29,val,1008,1437,9,1203,858,1
29,val,1009,1545,13,499,30,1
29,val,1010,834,9,1679,540,1
29,val,1011,1265,10,51,2,1
29,val,1012,2201,12,664,1043,1
29,val,1013,2157,9,2123,342,1
29,val,1014,832,9,217,785,1
29,val,1015,4,10,2514,6,1
29,val,1016,1775,10,1623,1,1
29,val,1017,602,10,595,64,1
29,val,1018,499,13,868,187,1
29,val,1019,790,10,1225,5,1
29,val,1020,1959,13,1583,54,1
29,val,1021,634,9,425,198,1
29,val,1022,62,9,243,981,1
29,val,1023,875,10,523,8,1
29,val,1024,1930,10,2662,1,1
29,val,1025,85,10,385,5,1
29,val,1026,858,10,714,7,1
29,val,1027,95,10,2638,22,1
29,val,1028,1177,10,1397,2,1
29,val,1029,1814,10,2657,9,1
29,val,1030,2013,10,1953,2,1
29,val,1031,2036,10,371,2,1
29,val,1032,176,10,2696,12,1
29,val,1033,2260,10,2456,4,1
29,val,1034,1,9,1546,251,1
29,val,1035,1888,12,992,501,1
29,val,1036,2624,10,2122,906,1
29,val,1037,963,10,222,3,1
29,val,1038,1828,10,875,2,1
29,val,1039,172,10,462,12,1
29,val,1040,658,10,659,1,1
29,val,1041,2360,13,646,89,1
29,val,1042,2184,13,655,15,1
29,val,1043,23,10,829,2,1
29,val,1044,1099,10,2195,17,1
29,val,1045,1299,10,1963,7,1
29,val,1046,45,10,2197,7,1
29,val,1047,1348,9,2015,650,1
29,val,1048,1647,10,616,5,1
29,val,1049,2702,10,60,1,1
29,val,1050,930,9,2433,1097,1
29,val,1051,328,9,2014,75,1
29,val,1052,545,10,2673,15,1
29,val,1053,1694,13,1262,149,1
29,val,1054,2518,9,32,802,1
29,val,1055,1044,10,1045,1,1
29,val,1056,138,10,158,1,1
29,val,1057,269,10,2257,6,1
29,val,1058,1239,9,1388,1090,1
29,val,1059,625,9,1898,123,1
29,val,1060,1196,10,541,5,1
29,val,1061,2301,10,2434,1,1
29,val,1062,2473,10,990,414,1
29,val,1063,462,10,912,231,1
29,val,1064,2103,10,611,8,1
29,val,1065,1570,10,799,5,1
29,val,1066,1957,9,1757,477,1
29,val,1067,1256,10,898,8,1
29,val,1068,240,9,77,103,1
29,val,1069,1825,10,1717,1,1
29,val,1070,768,10,2418,15,1
29,val,1071,1769,10,952,1150,1
29,val,1072,1317,10,1059,2,1
29,val,1073,1444,10,1028,1281,1
29,val,1074,1338,10,1689,4,1
29,val,1075,1157,10,1437,3,1
29,val,1076,4,10,2679,12,1
29,val,1077,28,10,205,5,1
29,val,1078,1357,9,376,342,1
29,val,1079,789,9,2058,2,1
29,val,1080,1569,14,1988,1,1
29,val,1081,1578,10,2231,1,1
29,val,1082,1456,9,377,180,1
29,val,1083,673,10,1060,1,1
29,val,1084,1963,10,1299,2,1
29,val,1085,2620,9,2033,825,1
29,val,1086,472,10,1590,4,1
29,val,1087,418,10,419,2,1
29,val,1088,2096,10,1193,12,1
29,val,1089,242,10,1393,11,1
29,val,1090,1399,10,746,7,1
29,val,1091,863,10,2153,3,1
29,val,1092,2693,14,1176,112,1
29,val,1093,579,10,2119,9,1
29,val,1094,467,10,882,13,1
29,val,1095,1154,9,2646,12,1
29,val,1096,1899,10,467,1,1
29,val,1097,522,10,523,3,1
29,val,1098,311,10,20,3,1
29,val,1099,210,10,211,2,1
29,val,1100,478,9,2638,929,1
29,val,1101,2065,14,1640,6,1
29,val,1102,359,14,2389,5,1
29,val,1103,1213,10,991,4,1
29,val,1104,1902,10,196,2,1
29,val,1105,2073,10,557,2,1
29,val,1106,401,9,980,9,1
29,val,1107,1975,10,1260,1,1
29,val,1108,2391,9,2074,1000,1
29,val,1109,1586,9,509,817,1
29,val,1110,380,10,1236,31,1
29,val,1111,94,9,2573,549,1
29,val,1112,879,9,1641,223,1
29,val,1113,2307,10,1293,9,1
29,val,1114,559,10,211,8,1
29,val,1115,1321,10,18,3,1
29,val,1116,1461,9,471,365,1
29,val,1117,69,10,608,1,1
29,val,1118,1050,9,1245,388,1
29,val,1119,2708,10,97,5,1
29,val,1120,733,9,1931,30,1
29,val,1121,1853,9,1351,1031,1
29,val,1122,242,10,209,5,1
29,val,1123,569,9,2368,5,1
29,val,1124,135,9,984,385,1
29,val,1125,879,9,213,33,1
29,val,1126,21,10,2451,83,1
29,val,1127,794,9,2553,96,1
29,val,1128,481,10,482,2,1
29,val,1129,2348,12,2202,2728,1
29,val,1130,942,14,1496,1,1
29,val,1131,141,10,2334,11,1
29,val,1132,1702,10,1703,3,1
29,val,1133,294,10,2024,8,1
29,val,1134,565,9,2614,129,1
29,val,1135,370,10,230,2,1
29,val,1136,253,10,2324,1,1
29,val,1137,1157,10,378,11,1
29,val,1138,2084,10,1634,3,1
29,val,1139,1591,10,2382,3,1
29,val,1140,513,11,514,2,1
29,val,1141,1171,14,1859,7,1
29,val,1142,1626,10,333,2,1
29,val,1143,1730,13,1697,428,1
29,val,1144,597,11,1243,5,1
29,val,1145,2707,10,18,2,1
29,val,1146,457,9,2179,815,1
29,val,1147,1971,9,2213,1137,1
29,val,1148,1074,10,1418,3,1
29,val,1149,2380,13,791,3,1
29,val,1150,1032,11,867,613,1
29,val,1151,1202,10,202,13,1
29,val,1152,135,9,1896,2,1
29,val,1153,2214,9,48,174,1
29,val,1154,45,10,2459,7,1
29,val,1155,2349,9,2452,680,1
29,val,1156,2116,10,1490,1168,1
29,val,1157,1186,9,2188,5,1
29,val,1158,2495,10,327,497,1
29,val,1159,403,9,2279,207,1
29,val,1160,1161,10,2420,3,1
29,val,1161,1087,16,1088,3,1
29,val,1162,1358,9,2292,2,1
29,val,1163,31,10,1662,3,1
29,val,1164,725,10,1080,8,1
29,val,1165,685,10,453,11,1
29,val,1166,844,10,1579,4,1
29,val,1167,1072,10,1501,6,1
29,val,1168,954,10,715,474,1
29,val,1169,1034,10,2102,2,1
29,val,1170,1436,9,2688,1,1
29,val,1171,438,11,1620,796,1
29,val,1172,2533,9,222,218,1
29,val,1173,2323,9,2696,1018,1
29,val,1174,1832,10,757,1,1
29,val,1175,810,10,2374,4,1
29,val,1176,1409,13,1291,1063,1
29,val,1177,926,14,1565,1,1
29,val,1178,1950,9,2670,848,1
29,val,1179,984,11,79,21,1
29,val,1180,717,14,718,998,1
29,val,1181,879,9,1356,6,1
29,val,1182,390,14,427,6,1
29,val,1183,2431,10,12,1,1
29,val,1184,2694,10,1500,3,1
29,val,1185,621,10,422,2,1
29,val,1186,64,10,912,7,1
29,val,1187,807,14,1373,1,1
29,val,1188,2153,14,941,4,1
29,val,1189,432,9,1612,438,1
29,val,1190,1249,10,1544,3,1
29,val,1191,2088,10,223,5,1
29,val,1192,1552,10,84,2,1
29,val,1193,38,9,2135,696,1
29,val,1194,2427,11,700,6,1
29,val,1195,2398,10,2655,207,1
29,val,1196,770,11,91,3,1
29,val,1197,1443,10,1444,1,1
29,val,1198,1880,13,2115,24,1
29,val,1199,174,10,1135,18,1
29,val,1200,2324,10,253,1,1
29,val,1201,452,9,290,561,1
29,val,1202,1401,14,2673,1,1
29,val,1203,169,10,724,7,1
29,val,1204,18,9,2485,3,1
29,val,1205,2536,10,2221,1,1
29,val,1206,1380,10,1392,2,1
29,val,1207,1746,10,1830,1,1
29,val,1208,2663,9,2031,388,1
29,val,1209,2612,13,1941,84,1
29,val,1210,2449,13,2297,390,1
29,val,1211,662,10,2437,19,1
29,val,1212,2321,10,176,3,1
29,val,1213,2022,13,546,1,1
29,val,1214,943,10,1890,16,1
29,val,1215,791,9,1624,48,1
29,val,1216,990,10,1991,4,1
29,val,1217,2323,9,361,377,1
29,val,1218,230,9,1248,1539,1
29,val,1219,2451,10,21,768,1
29,val,1220,240,9,1941,1305,1
29,val,1221,2060,10,629,1,1
29,val,1222,2260,9,1824,598,1
29,val,1223,813,10,1473,11,1
29,val,1224,222,9,136,1055,1
29,val,1225,1243,11,597,9,1
29,val,1226,1863,10,708,587,1
29,val,1227,483,13,42,45,1
29,val,1228,543,10,1593,2,1
29,val,1229,1216,9,696,367,1
29,val,1230,1189,10,1190,1,1
29,val,1231,983,9,372,761,1
29,val,1232,829,10,23,5,1
29,val,1233,309,14,8,1,1
29,val,1234,659,10,1424,6,1
29,val,1235,1790,10,2124,6,1
29,val,1236,1104,10,2222,2,1
29,val,1237,2588,10,1338,372,1
29,val,1238,143,10,2335,29,1
29,val,1239,833,9,1973,486,1
29,val,1240,764,10,765,3,1
29,val,1241,1922,9,1383,534,1
29,val,1242,2015,9,691,1,1
29,val,1243,122,10,910,7,1
29,val,1244,972,10,2267,9,1
29,val,1245,401,9,1145,583,1
29,val,1246,983,9,751,77,1
29,val,1247,1837,10,176,1,1
29,val,1248,355,11,815,819,1
29,val,1249,64,9,983,32,1
29,val,1250,2493,13,999,7,1
29,val,1251,1647,10,2023,8,1
29,val,1252,1214,12,2294,2124,1
29,val,1253,736,10,376,2,1
29,val,1254,174,10,1370,22,1
29,val,1255,963,10,875,3,1
29,val,1256,1859,14,1171,6,1
29,val,1257,1726,10,104,1,1
29,val,1258,1281,10,2710,5,1
29,val,1259,1116,10,1132,2,1
29,test,0,509,7,573,11,0
29,test,1,16,1,18,6,0
29,test,2,537,1,316,2,0
29,test,3,125,2,391,1,0
29,test,4,15,1,98,4,0
29,test,5,179,1,761,2,0
29,test,6,829,1,310,3,0
29,test,7,634,1,674,2,0
29,test,8,44,1,52,3,0
29,test,9,771,1,786,4,0
29,test,10,196,1,655,11,0
29,test,11,477,1,51,4,0
29,test,12,42,1,101,8,0
29,test,13,18,1,12,5,0
29,test,14,375,1,374,7,0
29,test,15,354,1,341,3,0
29,test,16,137,1,206,4,0
29,test,17,483,1,19,3,0
29,test,18,816,1,102,3,0
29,test,19,288,1,618,6,0
29,test,20,485,1,106,170,0
29,test,21,12,1,18,1,0
29,test,22,130,1,134,2,0
29,test,23,332,1,208,4,0
29,test,24,136,0,292,53,0
29,test,25,383,1,47,2,0
29,test,26,90,1,89,4,0
29,test,27,744,0,412,33,0
29,test,28,582,0,697,557,0
29,test,29,331,1,878,2,0
29,test,30,151,1,318,9,0
29,test,31,151,1,354,1,0
29,test,32,637,1,747,2,0
29,test,33,652,0,484,380,0
29,test,34,124,1,581,2,0
29,test,35,470,1,817,4,0
29,test,36,765,1,213,3,0
29,test,37,710,1,52,2,0
29,test,38,521,1,226,4,0
29,test,39,553,1,192,2,0
29,test,40,11,1,10,1,0
29,test,41,52,1,295,3,0
29,test,42,31,0,717,8,0
29,test,43,890,1,573,23,0
29,test,44,603,1,203,2,0
29,test,45,375,1,437,2,0
29,test,46,226,1,222,3,0
29,test,47,573,1,890,12,0
29,test,48,24,1,603,3,0
29,test,49,743,1,129,2,0
29,test,50,441,1,836,74,0
29,test,51,395,2,642,2,0
29,test,52,514,0,301,3,0
29,test,53,760,1,759,1,0
29,test,54,552,1,100,1,0
29,test,55,155,1,322,5,0
29,test,56,268,1,601,5,0
29,test,57,310,1,863,13,0
29,test,58,341,0,151,1,0
29,test,59,330,2,104,2,0
29,test,60,180,1,761,7,0
29,test,61,81,1,144,2,0
29,test,62,384,1,628,31,0
29,test,63,195,1,304,1,0
29,test,64,187,1,15,3,0
29,test,65,170,1,712,53,0
29,test,66,815,1,608,2,0
29,test,67,465,1,32,259,0
29,test,68,565,1,277,4,0
29,test,69,665,0,604,327,0
29,test,70,452,2,451,19,0
29,test,71,369,1,897,6,0
29,test,72,161,1,765,3,0
29,test,73,391,2,272,3,0
29,test,74,766,1,183,1,0
29,test,75,270,1,178,62,0
29,test,76,37,1,522,6,0
29,test,77,310,0,6,3,0
29,test,78,178,1,152,7,0
29,test,79,524,1,163,3,0
29,test,80,600,1,296,4,0
29,test,81,744,1,801,2,0
29,test,82,653,1,509,1,0
29,test,83,438,1,158,4,0
29,test,84,292,1,702,5,0
29,test,85,24,1,497,3,0
29,test,86,50,1,185,7,0
29,test,87,477,1,639,3,0
29,test,88,15,1,187,2,0
29,test,89,772,1,735,2,0
29,test,90,831,1,189,1,0
29,test,91,262,0,221,259,0
29,test,92,561,1,329,2,0
29,test,93,904,1,590,1,0
29,test,94,297,2,350,2,0
29,test,95,9,1,51,3,0
29,test,96,15,1,277,743,0
29,test,97,47,2,118,3,0
29,test,98,697,0,38,128,0
29,test,99,650,2,649,2,0
29,test,100,99,1,78,3,0
29,test,101,688,1,687,2,0
29,test,102,203,1,603,1,0
29,test,103,725,1,252,13,0
29,test,104,849,1,562,4,0
29,test,105,685,1,359,5,0
29,test,106,344,0,843,19,0
29,test,107,243,1,538,2,0
29,test,108,250,1,455,47,0
29,test,109,82,1,838,8,0
29,test,110,707,1,456,1,0
29,test,111,23,0,911,27,0
29,test,112,219,1,139,2,0
29,test,113,653,0,861,179,0
29,test,114,917,1,210,3,0
29,test,115,802,1,649,44,0
29,test,116,445,1,597,197,0
29,test,117,129,1,323,11,0
29,test,118,155,1,154,9,0
29,test,119,80,1,66,2,0
29,test,120,78,1,683,7,0
29,test,121,637,1,351,1,0
29,test,122,102,1,291,8,0
29,test,123,799,1,390,2,0
29,test,124,755,1,82,2,0
29,test,125,664,5,339,2,0
29,test,126,725,1,494,9,0
29,test,127,604,1,281,5,0
29,test,128,23,1,496,1,0
29,test,129,369,1,300,6,0
29,test,130,828,1,723,3,0
29,test,131,256,0,546,21,0
29,test,132,755,0,15,7,0
29,test,133,471,1,4,5,0
29,test,134,80,1,115,7,0
29,test,135,850,0,480,41,0
29,test,136,74,1,629,5,0
29,test,137,461,1,338,1,0
29,test,138,692,1,358,1,0
29,test,139,530,1,501,140,0
29,test,140,159,1,686,18,0
29,test,141,483,0,38,451,0
29,test,142,811,1,725,5,0
29,test,143,479,1,151,2,0
29,test,144,267,1,601,2,0
29,test,145,371,1,58,2,0
29,test,146,889,0,227,14,0
29,test,147,854,4,121,13,0
29,test,148,672,1,50,1,0
29,test,149,639,1,477,1,0
29,test,150,117,1,116,1,0
29,test,151,607,1,606,2,0
29,test,152,315,1,369,3,0
29,test,153,900,0,879,260,0
29,test,154,160,1,181,3,0
29,test,155,13,1,508,4,0
29,test,156,339,1,682,1,0
29,test,157,189,1,188,2,0
29,test,158,140,1,139,5,0
29,test,159,205,1,74,1,0
29,test,160,212,0,797,392,0
29,test,161,251,0,613,16,0
29,test,162,344,1,435,1,0
29,test,163,887,1,170,43,0
29,test,164,277,1,884,30,0
29,test,165,329,0,849,215,0
29,test,166,303,1,195,3,0
29,test,167,455,2,406,7,0
29,test,168,296,1,600,3,0
29,test,169,759,1,580,27,0
29,test,170,370,1,83,3,0
29,test,171,710,1,296,2,0
29,test,172,702,1,292,5,0
29,test,173,787,1,22,6,0
29,test,174,89,2,691,7,0
29,test,175,98,0,550,639,0
29,test,176,118,5,57,4,0
29,test,177,4,1,562,2,0
29,test,178,525,0,111,77,0
29,test,179,534,1,313,5,0
29,test,180,143,1,192,2,0
29,test,181,263,1,813,15,0
29,test,182,437,1,673,10,0
29,test,183,701,1,484,3,0
29,test,184,451,1,16,7,0
29,test,185,106,1,485,13,0
29,test,186,529,1,595,6,0
29,test,187,434,1,741,2,0
29,test,188,573,16,509,8,1
29,test,189,18,10,16,6,1
29,test,190,316,10,537,4,1
29,test,191,391,11,125,1,1
29,test,192,98,10,15,8,1
29,test,193,761,10,179,1,1
29,test,194,310,10,829,12,1
29,test,195,674,10,634,4,1
29,test,196,52,10,44,5,1
29,test,197,786,10,771,3,1
29,test,198,655,10,196,2,1
29,test,199,51,10,477,7,1
29,test,200,101,10,42,4,1
29,test,201,12,10,18,1,1
29,test,202,374,10,375,8,1
29,test,203,341,10,354,3,1
29,test,204,206,10,137,9,1
29,test,205,19,10,483,5,1
29,test,206,102,10,816,9,1
29,test,207,618,10,288,13,1
29,test,208,106,10,485,13,1
29,test,209,18,10,12,5,1
29,test,210,134,10,130,2,1
29,test,211,208,10,332,7,1
29,test,212,292,9,136,7,1
29,test,213,47,10,383,2,1
29,test,214,89,10,90,7,1
29,test,215,412,9,744,283,1
29,test,216,697,9,582,271,1
29,test,217,878,10,331,1,1
29,test,218,318,10,151,2,1
29,test,219,354,10,151,1,1
29,test,220,747,10,637,1,1
29,test,221,484,9,652,405,1
29,test,222,581,10,124,1,1
29,test,223,817,10,470,2,1
29,test,224,213,10,765,4,1
29,test,225,52,10,710,3,1
29,test,226,226,10,521,11,1
29,test,227,192,10,553,2,1
29,test,228,10,10,11,4,1
29,test,229,295,10,52,2,1
29,test,230,717,9,31,3,1
29,test,231,573,10,890,14,1
29,test,232,203,10,603,1,1
29,test,233,437,10,375,3,1
29,test,234,222,10,226,5,1
29,test,235,890,10,573,22,1
29,test,236,603,10,24,1,1
29,test,237,129,10,743,12,1
29,test,238,836,10,441,45,1
29,test,239,642,11,395,3,1
29,test,240,301,9,514,5,1
29,test,241,759,10,760,3,1
29,test,242,100,10,552,3,1
29,test,243,322,10,155,9,1
29,test,244,601,10,268,4,1
29,test,245,863,10,310,3,1
29,test,246,151,9,341,2,1
29,test,247,104,11,330,5,1
29,test,248,761,10,180,8,1
29,test,249,144,10,81,2,1
29,test,250,628,10,384,555,1
29,test,251,304,10,195,6,1
29,test,252,15,10,187,2,1
29,test,253,712,10,170,283,1
29,test,254,608,10,815,6,1
29,test,255,32,10,465,415,1
29,test,256,277,10,565,4,1
29,test,257,604,9,665,23,1
29,test,258,451,11,452,7,1
29,test,259,897,10,369,2,1
29,test,260,765,10,161,5,1
29,test,261,272,11,391,6,1
29,test,262,183,10,766,5,1
29,test,263,178,10,270,421,1
29,test,264,522,10,37,5,1
29,test,265,6,9,310,4,1
29,test,266,152,10,178,3,1
29,test,267,163,10,524,3,1
29,test,268,296,10,600,3,1
29,test,269,801,10,744,3,1
29,test,270,509,10,653,5,1
29,test,271,158,10,438,2,1
29,test,272,702,10,292,5,1
29,test,273,497,10,24,1,1
29,test,274,185,10,50,5,1
29,test,275,639,10,477,2,1
29,test,276,187,10,15,3,1
29,test,277,735,10,772,7,1
29,test,278,189,10,831,3,1
29,test,279,221,9,262,280,1
29,test,280,329,10,561,3,1
29,test,281,590,10,904,3,1
29,test,282,350,11,297,4,1
29,test,283,51,10,9,3,1
29,test,284,277,10,15,110,1
29,test,285,118,11,47,4,1
29,test,286,38,9,697,12,1
29,test,287,649,11,650,2,1
29,test,288,78,10,99,12,1
29,test,289,687,10,688,7,1
29,test,290,603,10,203,1,1
29,test,291,252,10,725,2,1
29,test,292,562,10,849,5,1
29,test,293,359,10,685,3,1
29,test,294,843,9,344,155,1
29,test,295,538,10,243,2,1
29,test,296,455,10,250,17,1
29,test,297,838,10,82,2,1
29,test,298,456,10,707,4,1
29,test,299,911,9,23,278,1
29,test,300,139,10,219,1,1
29,test,301,861,9,653,428,1
29,test,302,210,10,917,6,1
29,test,303,649,10,802,250,1
29,test,304,597,10,445,349,1
29,test,305,323,10,129,2,1
29,test,306,154,10,155,8,1
29,test,307,66,10,80,7,1
29,test,308,683,10,78,7,1
29,test,309,351,10,637,1,1
29,test,310,291,10,102,3,1
29,test,311,390,10,799,2,1
29,test,312,82,10,755,11,1
29,test,313,339,14,664,2,1
29,test,314,494,10,725,4,1
29,test,315,281,10,604,6,1
29,test,316,496,10,23,4,1
29,test,317,300,10,369,2,1
29,test,318,723,10,828,2,1
29,test,319,546,9,256,380,1
29,test,320,15,9,755,1,1
29,test,321,4,10,471,2,1
29,test,322,115,10,80,6,1
29,test,323,480,9,850,8,1
29,test,324,629,10,74,1,1
29,test,325,338,10,461,4,1
29,test,326,358,10,692,3,1
29,test,327,501,10,530,537,1
29,test,328,686,10,159,4,1
29,test,329,38,9,483,464,1
29,test,330,725,10,811,5,1
29,test,331,151,10,479,3,1
29,test,332,601,10,267,1,1
29,test,333,58,10,371,2,1
29,test,334,227,9,889,232,1
29,test,335,121,13,854,104,1
29,test,336,50,10,672,12,1
29,test,337,477,10,639,1,1
29,test,338,116,10,117,3,1
29,test,339,606,10,607,6,1
29,test,340,369,10,315,2,1
29,test,341,879,9,900,119,1
29,test,342,181,10,160,8,1
29,test,343,508,10,13,6,1
29,test,344,682,10,339,2,1
29,test,345,188,10,189,2,1
29,test,346,139,10,140,3,1
29,test,347,74,10,205,5,1
29,test,348,797,9,212,48,1
29,test,349,613,9,251,552,1
29,test,350,435,10,344,1,1
29,test,351,170,10,887,18,1
29,test,352,884,10,277,674,1
29,test,353,849,9,329,20,1
29,test,354,195,10,303,2,1
29,test,355,406,11,455,3,1
29,test,356,600,10,296,4,1
29,test,357,580,10,759,72,1
29,test,358,83,10,370,4,1
29,test,359,296,10,710,10,1
29,test,360,292,10,702,5,1
29,test,361,22,10,787,4,1
29,test,362,691,11,89,1,1
29,test,363,550,9,98,569,1
29,test,364,57,14,118,4,1
29,test,365,562,10,4,3,1
29,test,366,111,9,525,241,1
29,test,367,313,10,534,4,1
29,test,368,192,10,143,2,1
29,test,369,813,10,263,48,1
29,test,370,673,10,437,4,1
29,test,371,484,10,701,8,1
29,test,372,16,10,451,8,1
29,test,373,485,10,106,163,1
29,test,374,595,10,529,5,1
29,test,375,741,10,434,1,1
