epoch,param,frob_norm,numel
0,encoder.node_encoder.rel_emb.weight,34.64716339111328,1152
0,encoder.edge_encoder.emb.weight,33.825103759765625,1152
0,encoder.exp_edge_fixer.exp_edge_attr.weight,8.669381141662598,64
0,encoder.exp_edge_fixer.exp_edge_query_emb.weight,0.33166471123695374,1152
0,layers.0.models.0.self_attn.Q.weight,4.614980697631836,4096
0,layers.0.models.0.self_attn.K.weight,4.664189338684082,4096
0,layers.0.models.0.self_attn.E.weight,4.6112380027771,4096
0,layers.0.models.0.self_attn.V.weight,4.595578193664551,4096
0,layers.0.models.0.self_attn.V_gate.weight,4.605673313140869,4096
0,layers.0.models.0.self_attn.shared_rel_emb_table.weight,0.3471538722515106,1152
0,layers.0.models.0.self_attn.proj_q.weight,0.6380593776702881,4096
0,layers.0.models.0.self_attn.proj_k.weight,0.6335214972496033,4096
0,layers.0.models.0.self_attn.proj_e.weight,0.6331114172935486,4096
0,layers.0.models.0.self_attn.proj_vg.weight,0.6296879053115845,4096
0,layers.0.models.0.norm1_attn.weight,8.0,64
0,layers.0.models.0.norm1_attn.bias,3.790702152173253e-08,64
0,layers.0.ff_linear1.weight,6.538359642028809,8192
0,layers.0.ff_linear1.bias,0.850950300693512,128
0,layers.0.ff_linear2.weight,4.628841876983643,8192
0,layers.0.ff_linear2.bias,0.39487066864967346,64
0,layers.0.norm2.weight,8.0,64
0,layers.0.norm2.bias,3.1144320900011735e-08,64
0,layers.1.models.0.self_attn.Q.weight,4.593023300170898,4096
0,layers.1.models.0.self_attn.K.weight,4.64304256439209,4096
0,layers.1.models.0.self_attn.E.weight,4.5644121170043945,4096
0,layers.1.models.0.self_attn.V.weight,4.656393527984619,4096
0,layers.1.models.0.self_attn.V_gate.weight,4.646382808685303,4096
0,layers.1.models.0.self_attn.shared_rel_emb_table.weight,0.3312881588935852,1152
0,layers.1.models.0.self_attn.proj_q.weight,0.6281277537345886,4096
0,layers.1.models.0.self_attn.proj_k.weight,0.6404760479927063,4096
0,layers.1.models.0.self_attn.proj_e.weight,0.6423947811126709,4096
0,layers.1.models.0.self_attn.proj_vg.weight,0.6512190699577332,4096
0,layers.1.models.0.norm1_attn.weight,8.0,64
0,layers.1.models.0.norm1_attn.bias,3.090175582087795e-08,64
0,layers.1.ff_linear1.weight,6.506361484527588,8192
0,layers.1.ff_linear1.bias,0.7952653169631958,128
0,layers.1.ff_linear2.weight,4.674179553985596,8192
0,layers.1.ff_linear2.bias,0.419028103351593,64
0,layers.1.norm2.weight,8.0,64
0,layers.1.norm2.bias,3.0386829052986286e-08,64
0,layers.2.models.0.self_attn.Q.weight,4.650762557983398,4096
0,layers.2.models.0.self_attn.K.weight,4.628804683685303,4096
0,layers.2.models.0.self_attn.E.weight,4.649021148681641,4096
0,layers.2.models.0.self_attn.V.weight,4.633573532104492,4096
0,layers.2.models.0.self_attn.V_gate.weight,4.584985256195068,4096
0,layers.2.models.0.self_attn.shared_rel_emb_table.weight,0.33828115463256836,1152
0,layers.2.models.0.self_attn.proj_q.weight,0.639258623123169,4096
0,layers.2.models.0.self_attn.proj_k.weight,0.6402505040168762,4096
0,layers.2.models.0.self_attn.proj_e.weight,0.6374741792678833,4096
0,layers.2.models.0.self_attn.proj_vg.weight,0.647386372089386,4096
0,layers.2.models.0.norm1_attn.weight,8.0,64
0,layers.2.models.0.norm1_attn.bias,3.256566571963049e-08,64
0,layers.2.ff_linear1.weight,6.524629592895508,8192
0,layers.2.ff_linear1.bias,0.8260793685913086,128
0,layers.2.ff_linear2.weight,4.651684761047363,8192
0,layers.2.ff_linear2.bias,0.4188999831676483,64
0,layers.2.norm2.weight,8.0,64
0,layers.2.norm2.bias,3.210189092328619e-08,64
0,layers.3.models.0.self_attn.Q.weight,4.630083084106445,4096
0,layers.3.models.0.self_attn.K.weight,4.661801338195801,4096
0,layers.3.models.0.self_attn.E.weight,4.61771297454834,4096
0,layers.3.models.0.self_attn.V.weight,4.653903961181641,4096
0,layers.3.models.0.self_attn.V_gate.weight,4.61885929107666,4096
0,layers.3.models.0.self_attn.shared_rel_emb_table.weight,0.3413904011249542,1152
0,layers.3.models.0.self_attn.proj_q.weight,0.6350242495536804,4096
0,layers.3.models.0.self_attn.proj_k.weight,0.6488427519798279,4096
0,layers.3.models.0.self_attn.proj_e.weight,0.6394138336181641,4096
0,layers.3.models.0.self_attn.proj_vg.weight,0.6436108350753784,4096
0,layers.3.models.0.norm1_attn.weight,8.0,64
0,layers.3.models.0.norm1_attn.bias,3.198271869564451e-08,64
0,layers.3.ff_linear1.weight,6.542016983032227,8192
0,layers.3.ff_linear1.bias,0.7962095737457275,128
0,layers.3.ff_linear2.weight,4.630913734436035,8192
0,layers.3.ff_linear2.bias,0.41800254583358765,64
0,layers.3.norm2.weight,8.0,64
0,layers.3.norm2.bias,3.1372792363981716e-08,64
0,layers.4.models.0.self_attn.Q.weight,4.59841251373291,4096
0,layers.4.models.0.self_attn.K.weight,4.622622013092041,4096
0,layers.4.models.0.self_attn.E.weight,4.639195919036865,4096
0,layers.4.models.0.self_attn.V.weight,4.667628288269043,4096
0,layers.4.models.0.self_attn.V_gate.weight,4.563180446624756,4096
0,layers.4.models.0.self_attn.shared_rel_emb_table.weight,0.3391152024269104,1152
0,layers.4.models.0.self_attn.proj_q.weight,0.6427567005157471,4096
0,layers.4.models.0.self_attn.proj_k.weight,0.6445364356040955,4096
0,layers.4.models.0.self_attn.proj_e.weight,0.6383675336837769,4096
0,layers.4.models.0.self_attn.proj_vg.weight,0.6406525373458862,4096
0,layers.4.models.0.norm1_attn.weight,8.0,64
0,layers.4.models.0.norm1_attn.bias,3.5431721556733464e-08,64
0,layers.4.ff_linear1.weight,6.521729469299316,8192
0,layers.4.ff_linear1.bias,0.7911076545715332,128
0,layers.4.ff_linear2.weight,4.619788646697998,8192
0,layers.4.ff_linear2.bias,0.39432212710380554,64
0,layers.4.norm2.weight,8.0,64
0,layers.4.norm2.bias,1.8579646265948213e-08,64
0,post_mp.rel_emb.weight,34.1320686340332,1152
0,post_mp.scorer.weight,0.5652807950973511,128
0,post_mp.scorer.bias,0.014865225180983543,1
1,encoder.node_encoder.rel_emb.weight,34.6470832824707,1152
1,encoder.edge_encoder.emb.weight,33.82459259033203,1152
1,encoder.exp_edge_fixer.exp_edge_attr.weight,8.669381141662598,64
1,encoder.exp_edge_fixer.exp_edge_query_emb.weight,0.3318009078502655,1152
1,layers.0.models.0.self_attn.Q.weight,4.614981174468994,4096
1,layers.0.models.0.self_attn.K.weight,4.6644158363342285,4096
1,layers.0.models.0.self_attn.E.weight,4.611549377441406,4096
1,layers.0.models.0.self_attn.V.weight,4.59567403793335,4096
1,layers.0.models.0.self_attn.V_gate.weight,4.605651378631592,4096
1,layers.0.models.0.self_attn.shared_rel_emb_table.weight,0.3471914231777191,1152
1,layers.0.models.0.self_attn.proj_q.weight,0.6382548809051514,4096
1,layers.0.models.0.self_attn.proj_k.weight,0.6335612535476685,4096
1,layers.0.models.0.self_attn.proj_e.weight,0.6330692172050476,4096
1,layers.0.models.0.self_attn.proj_vg.weight,0.6297786831855774,4096
1,layers.0.models.0.norm1_attn.weight,8.000207901000977,64
1,layers.0.models.0.norm1_attn.bias,0.003190816380083561,64
1,layers.0.ff_linear1.weight,6.538338661193848,8192
1,layers.0.ff_linear1.bias,0.8511852025985718,128
1,layers.0.ff_linear2.weight,4.628957271575928,8192
1,layers.0.ff_linear2.bias,0.3950479030609131,64
1,layers.0.norm2.weight,7.999942779541016,64
1,layers.0.norm2.bias,0.0027766742277890444,64
1,layers.1.models.0.self_attn.Q.weight,4.593085289001465,4096
1,layers.1.models.0.self_attn.K.weight,4.6431450843811035,4096
1,layers.1.models.0.self_attn.E.weight,4.564589023590088,4096
1,layers.1.models.0.self_attn.V.weight,4.656227111816406,4096
1,layers.1.models.0.self_attn.V_gate.weight,4.645883560180664,4096
1,layers.1.models.0.self_attn.shared_rel_emb_table.weight,0.3320939838886261,1152
1,layers.1.models.0.self_attn.proj_q.weight,0.6285365223884583,4096
1,layers.1.models.0.self_attn.proj_k.weight,0.6404616832733154,4096
1,layers.1.models.0.self_attn.proj_e.weight,0.6424700021743774,4096
1,layers.1.models.0.self_attn.proj_vg.weight,0.6521503329277039,4096
1,layers.1.models.0.norm1_attn.weight,7.999740123748779,64
1,layers.1.models.0.norm1_attn.bias,0.0025200119707733393,64
1,layers.1.ff_linear1.weight,6.505889415740967,8192
1,layers.1.ff_linear1.bias,0.7954679727554321,128
1,layers.1.ff_linear2.weight,4.674055099487305,8192
1,layers.1.ff_linear2.bias,0.41895654797554016,64
1,layers.1.norm2.weight,7.9998931884765625,64
1,layers.1.norm2.bias,0.0024213239084929228,64
1,layers.2.models.0.self_attn.Q.weight,4.650752067565918,4096
1,layers.2.models.0.self_attn.K.weight,4.628993988037109,4096
1,layers.2.models.0.self_attn.E.weight,4.649139881134033,4096
1,layers.2.models.0.self_attn.V.weight,4.633849143981934,4096
1,layers.2.models.0.self_attn.V_gate.weight,4.585170269012451,4096
1,layers.2.models.0.self_attn.shared_rel_emb_table.weight,0.33850619196891785,1152
1,layers.2.models.0.self_attn.proj_q.weight,0.6398095488548279,4096
1,layers.2.models.0.self_attn.proj_k.weight,0.6404392123222351,4096
1,layers.2.models.0.self_attn.proj_e.weight,0.6373568177223206,4096
1,layers.2.models.0.self_attn.proj_vg.weight,0.6481621861457825,4096
1,layers.2.models.0.norm1_attn.weight,8.000134468078613,64
1,layers.2.models.0.norm1_attn.bias,0.002729508327320218,64
1,layers.2.ff_linear1.weight,6.524444580078125,8192
1,layers.2.ff_linear1.bias,0.82621169090271,128
1,layers.2.ff_linear2.weight,4.651581764221191,8192
1,layers.2.ff_linear2.bias,0.418530136346817,64
1,layers.2.norm2.weight,8.000081062316895,64
1,layers.2.norm2.bias,0.0028444118797779083,64
1,layers.3.models.0.self_attn.Q.weight,4.630107402801514,4096
1,layers.3.models.0.self_attn.K.weight,4.6617913246154785,4096
1,layers.3.models.0.self_attn.E.weight,4.617731094360352,4096
1,layers.3.models.0.self_attn.V.weight,4.653919696807861,4096
1,layers.3.models.0.self_attn.V_gate.weight,4.618563175201416,4096
1,layers.3.models.0.self_attn.shared_rel_emb_table.weight,0.3423337936401367,1152
1,layers.3.models.0.self_attn.proj_q.weight,0.6354349255561829,4096
1,layers.3.models.0.self_attn.proj_k.weight,0.6488144397735596,4096
1,layers.3.models.0.self_attn.proj_e.weight,0.6394879221916199,4096
1,layers.3.models.0.self_attn.proj_vg.weight,0.6447538733482361,4096
1,layers.3.models.0.norm1_attn.weight,8.000213623046875,64
1,layers.3.models.0.norm1_attn.bias,0.002967235865071416,64
1,layers.3.ff_linear1.weight,6.542385101318359,8192
1,layers.3.ff_linear1.bias,0.7961685061454773,128
1,layers.3.ff_linear2.weight,4.631402492523193,8192
1,layers.3.ff_linear2.bias,0.4178415536880493,64
1,layers.3.norm2.weight,8.000262260437012,64
1,layers.3.norm2.bias,0.0030029253102838993,64
1,layers.4.models.0.self_attn.Q.weight,4.59843111038208,4096
1,layers.4.models.0.self_attn.K.weight,4.623053550720215,4096
1,layers.4.models.0.self_attn.E.weight,4.639603137969971,4096
1,layers.4.models.0.self_attn.V.weight,4.668212890625,4096
1,layers.4.models.0.self_attn.V_gate.weight,4.563582420349121,4096
1,layers.4.models.0.self_attn.shared_rel_emb_table.weight,0.3401317894458771,1152
1,layers.4.models.0.self_attn.proj_q.weight,0.6435022354125977,4096
1,layers.4.models.0.self_attn.proj_k.weight,0.6447322368621826,4096
1,layers.4.models.0.self_attn.proj_e.weight,0.6384298205375671,4096
1,layers.4.models.0.self_attn.proj_vg.weight,0.6426751017570496,4096
1,layers.4.models.0.norm1_attn.weight,8.001638412475586,64
1,layers.4.models.0.norm1_attn.bias,0.004470599815249443,64
1,layers.4.ff_linear1.weight,6.521643161773682,8192
1,layers.4.ff_linear1.bias,0.7911214828491211,128
1,layers.4.ff_linear2.weight,4.619916915893555,8192
1,layers.4.ff_linear2.bias,0.39513370394706726,64
1,layers.4.norm2.weight,7.998584747314453,64
1,layers.4.norm2.bias,0.004232099279761314,64
1,post_mp.rel_emb.weight,34.13005065917969,1152
1,post_mp.scorer.weight,0.5624701380729675,128
1,post_mp.scorer.bias,0.015613063238561153,1
2,encoder.node_encoder.rel_emb.weight,34.64698028564453,1152
2,encoder.edge_encoder.emb.weight,33.824180603027344,1152
2,encoder.exp_edge_fixer.exp_edge_attr.weight,8.669381141662598,64
2,encoder.exp_edge_fixer.exp_edge_query_emb.weight,0.3325825035572052,1152
2,layers.0.models.0.self_attn.Q.weight,4.614981174468994,4096
2,layers.0.models.0.self_attn.K.weight,4.66583251953125,4096
2,layers.0.models.0.self_attn.E.weight,4.61323356628418,4096
2,layers.0.models.0.self_attn.V.weight,4.595823764801025,4096
2,layers.0.models.0.self_attn.V_gate.weight,4.605682849884033,4096
2,layers.0.models.0.self_attn.shared_rel_emb_table.weight,0.34739622473716736,1152
2,layers.0.models.0.self_attn.proj_q.weight,0.6398440003395081,4096
2,layers.0.models.0.self_attn.proj_k.weight,0.6336786150932312,4096
2,layers.0.models.0.self_attn.proj_e.weight,0.6329911351203918,4096
2,layers.0.models.0.self_attn.proj_vg.weight,0.630131721496582,4096
2,layers.0.models.0.norm1_attn.weight,8.000693321228027,64
2,layers.0.models.0.norm1_attn.bias,0.007095843553543091,64
2,layers.0.ff_linear1.weight,6.539057731628418,8192
2,layers.0.ff_linear1.bias,0.8512365221977234,128
2,layers.0.ff_linear2.weight,4.630274295806885,8192
2,layers.0.ff_linear2.bias,0.39505743980407715,64
2,layers.0.norm2.weight,8.000190734863281,64
2,layers.0.norm2.bias,0.0066034612245857716,64
2,layers.1.models.0.self_attn.Q.weight,4.59348201751709,4096
2,layers.1.models.0.self_attn.K.weight,4.643716812133789,4096
2,layers.1.models.0.self_attn.E.weight,4.565311908721924,4096
2,layers.1.models.0.self_attn.V.weight,4.656548500061035,4096
2,layers.1.models.0.self_attn.V_gate.weight,4.645687580108643,4096
2,layers.1.models.0.self_attn.shared_rel_emb_table.weight,0.3357410430908203,1152
2,layers.1.models.0.self_attn.proj_q.weight,0.6312066316604614,4096
2,layers.1.models.0.self_attn.proj_k.weight,0.6411242485046387,4096
2,layers.1.models.0.self_attn.proj_e.weight,0.64313143491745,4096
2,layers.1.models.0.self_attn.proj_vg.weight,0.6574185490608215,4096
2,layers.1.models.0.norm1_attn.weight,7.999583721160889,64
2,layers.1.models.0.norm1_attn.bias,0.0054717473685741425,64
2,layers.1.ff_linear1.weight,6.505857467651367,8192
2,layers.1.ff_linear1.bias,0.7959423065185547,128
2,layers.1.ff_linear2.weight,4.674492835998535,8192
2,layers.1.ff_linear2.bias,0.41896045207977295,64
2,layers.1.norm2.weight,7.999925136566162,64
2,layers.1.norm2.bias,0.005225379019975662,64
2,layers.2.models.0.self_attn.Q.weight,4.650799751281738,4096
2,layers.2.models.0.self_attn.K.weight,4.6294660568237305,4096
2,layers.2.models.0.self_attn.E.weight,4.649472713470459,4096
2,layers.2.models.0.self_attn.V.weight,4.63448429107666,4096
2,layers.2.models.0.self_attn.V_gate.weight,4.5857834815979,4096
2,layers.2.models.0.self_attn.shared_rel_emb_table.weight,0.34124377369880676,1152
2,layers.2.models.0.self_attn.proj_q.weight,0.6427740454673767,4096
2,layers.2.models.0.self_attn.proj_k.weight,0.6410756707191467,4096
2,layers.2.models.0.self_attn.proj_e.weight,0.6375200748443604,4096
2,layers.2.models.0.self_attn.proj_vg.weight,0.6532736420631409,4096
2,layers.2.models.0.norm1_attn.weight,8.000319480895996,64
2,layers.2.models.0.norm1_attn.bias,0.005868048407137394,64
2,layers.2.ff_linear1.weight,6.524183750152588,8192
2,layers.2.ff_linear1.bias,0.8264913558959961,128
2,layers.2.ff_linear2.weight,4.651478290557861,8192
2,layers.2.ff_linear2.bias,0.4180842339992523,64
2,layers.2.norm2.weight,8.000236511230469,64
2,layers.2.norm2.bias,0.006373686715960503,64
2,layers.3.models.0.self_attn.Q.weight,4.630125045776367,4096
2,layers.3.models.0.self_attn.K.weight,4.6619086265563965,4096
2,layers.3.models.0.self_attn.E.weight,4.617964267730713,4096
2,layers.3.models.0.self_attn.V.weight,4.653926372528076,4096
2,layers.3.models.0.self_attn.V_gate.weight,4.618077754974365,4096
2,layers.3.models.0.self_attn.shared_rel_emb_table.weight,0.3472909927368164,1152
2,layers.3.models.0.self_attn.proj_q.weight,0.6383932828903198,4096
2,layers.3.models.0.self_attn.proj_k.weight,0.6490317583084106,4096
2,layers.3.models.0.self_attn.proj_e.weight,0.6397156119346619,4096
2,layers.3.models.0.self_attn.proj_vg.weight,0.6512770652770996,4096
2,layers.3.models.0.norm1_attn.weight,8.00048542022705,64
2,layers.3.models.0.norm1_attn.bias,0.006544020958244801,64
2,layers.3.ff_linear1.weight,6.543206691741943,8192
2,layers.3.ff_linear1.bias,0.7957956194877625,128
2,layers.3.ff_linear2.weight,4.632481575012207,8192
2,layers.3.ff_linear2.bias,0.4180479645729065,64
2,layers.3.norm2.weight,8.000656127929688,64
2,layers.3.norm2.bias,0.006676817778497934,64
2,layers.4.models.0.self_attn.Q.weight,4.598398208618164,4096
2,layers.4.models.0.self_attn.K.weight,4.625003337860107,4096
2,layers.4.models.0.self_attn.E.weight,4.641471862792969,4096
2,layers.4.models.0.self_attn.V.weight,4.669179916381836,4096
2,layers.4.models.0.self_attn.V_gate.weight,4.564255714416504,4096
2,layers.4.models.0.self_attn.shared_rel_emb_table.weight,0.34544023871421814,1152
2,layers.4.models.0.self_attn.proj_q.weight,0.6469706892967224,4096
2,layers.4.models.0.self_attn.proj_k.weight,0.6453965306282043,4096
2,layers.4.models.0.self_attn.proj_e.weight,0.6387378573417664,4096
2,layers.4.models.0.self_attn.proj_vg.weight,0.6514524221420288,4096
2,layers.4.models.0.norm1_attn.weight,8.003541946411133,64
2,layers.4.models.0.norm1_attn.bias,0.010637989267706871,64
2,layers.4.ff_linear1.weight,6.521246433258057,8192
2,layers.4.ff_linear1.bias,0.7911253571510315,128
2,layers.4.ff_linear2.weight,4.62025260925293,8192
2,layers.4.ff_linear2.bias,0.3964401185512543,64
2,layers.4.norm2.weight,7.996727466583252,64
2,layers.4.norm2.bias,0.010573160834610462,64
2,post_mp.rel_emb.weight,34.12654113769531,1152
2,post_mp.scorer.weight,0.5583639740943909,128
2,post_mp.scorer.bias,0.01672660931944847,1
3,encoder.node_encoder.rel_emb.weight,34.64679718017578,1152
3,encoder.edge_encoder.emb.weight,33.824684143066406,1152
3,encoder.exp_edge_fixer.exp_edge_attr.weight,8.669381141662598,64
3,encoder.exp_edge_fixer.exp_edge_query_emb.weight,0.33455774188041687,1152
3,layers.0.models.0.self_attn.Q.weight,4.614981174468994,4096
3,layers.0.models.0.self_attn.K.weight,4.6712751388549805,4096
3,layers.0.models.0.self_attn.E.weight,4.619606018066406,4096
3,layers.0.models.0.self_attn.V.weight,4.595872402191162,4096
3,layers.0.models.0.self_attn.V_gate.weight,4.60565710067749,4096
3,layers.0.models.0.self_attn.shared_rel_emb_table.weight,0.3478795289993286,1152
3,layers.0.models.0.self_attn.proj_q.weight,0.6474169492721558,4096
3,layers.0.models.0.self_attn.proj_k.weight,0.6342957019805908,4096
3,layers.0.models.0.self_attn.proj_e.weight,0.6330515146255493,4096
3,layers.0.models.0.self_attn.proj_vg.weight,0.6307284832000732,4096
3,layers.0.models.0.norm1_attn.weight,8.001498222351074,64
3,layers.0.models.0.norm1_attn.bias,0.010728025808930397,64
3,layers.0.ff_linear1.weight,6.542265892028809,8192
3,layers.0.ff_linear1.bias,0.8497129678726196,128
3,layers.0.ff_linear2.weight,4.634453296661377,8192
3,layers.0.ff_linear2.bias,0.39498043060302734,64
3,layers.0.norm2.weight,8.001029014587402,64
3,layers.0.norm2.bias,0.011708248406648636,64
3,layers.1.models.0.self_attn.Q.weight,4.594718933105469,4096
3,layers.1.models.0.self_attn.K.weight,4.6455535888671875,4096
3,layers.1.models.0.self_attn.E.weight,4.56719446182251,4096
3,layers.1.models.0.self_attn.V.weight,4.658414840698242,4096
3,layers.1.models.0.self_attn.V_gate.weight,4.6466217041015625,4096
3,layers.1.models.0.self_attn.shared_rel_emb_table.weight,0.3447057902812958,1152
3,layers.1.models.0.self_attn.proj_q.weight,0.6397812366485596,4096
3,layers.1.models.0.self_attn.proj_k.weight,0.6438794136047363,4096
3,layers.1.models.0.self_attn.proj_e.weight,0.6457116603851318,4096
3,layers.1.models.0.self_attn.proj_vg.weight,0.6716194748878479,4096
3,layers.1.models.0.norm1_attn.weight,7.999678134918213,64
3,layers.1.models.0.norm1_attn.bias,0.008289739489555359,64
3,layers.1.ff_linear1.weight,6.507068157196045,8192
3,layers.1.ff_linear1.bias,0.7965981364250183,128
3,layers.1.ff_linear2.weight,4.676608562469482,8192
3,layers.1.ff_linear2.bias,0.4192033112049103,64
3,layers.1.norm2.weight,8.000353813171387,64
3,layers.1.norm2.bias,0.008008178323507309,64
3,layers.2.models.0.self_attn.Q.weight,4.651004314422607,4096
3,layers.2.models.0.self_attn.K.weight,4.6307053565979,4096
3,layers.2.models.0.self_attn.E.weight,4.650478363037109,4096
3,layers.2.models.0.self_attn.V.weight,4.635679244995117,4096
3,layers.2.models.0.self_attn.V_gate.weight,4.587067604064941,4096
3,layers.2.models.0.self_attn.shared_rel_emb_table.weight,0.3496088981628418,1152
3,layers.2.models.0.self_attn.proj_q.weight,0.6516565680503845,4096
3,layers.2.models.0.self_attn.proj_k.weight,0.6430640816688538,4096
3,layers.2.models.0.self_attn.proj_e.weight,0.6387467980384827,4096
3,layers.2.models.0.self_attn.proj_vg.weight,0.6672180891036987,4096
3,layers.2.models.0.norm1_attn.weight,8.00078296661377,64
3,layers.2.models.0.norm1_attn.bias,0.008864013478159904,64
3,layers.2.ff_linear1.weight,6.5241241455078125,8192
3,layers.2.ff_linear1.bias,0.8268377184867859,128
3,layers.2.ff_linear2.weight,4.652034282684326,8192
3,layers.2.ff_linear2.bias,0.4174495041370392,64
3,layers.2.norm2.weight,8.000714302062988,64
3,layers.2.norm2.bias,0.009646369144320488,64
3,layers.3.models.0.self_attn.Q.weight,4.630075454711914,4096
3,layers.3.models.0.self_attn.K.weight,4.662364482879639,4096
3,layers.3.models.0.self_attn.E.weight,4.618584156036377,4096
3,layers.3.models.0.self_attn.V.weight,4.6543288230896,4096
3,layers.3.models.0.self_attn.V_gate.weight,4.617844581604004,4096
3,layers.3.models.0.self_attn.shared_rel_emb_table.weight,0.35924726724624634,1152
3,layers.3.models.0.self_attn.proj_q.weight,0.6460500955581665,4096
3,layers.3.models.0.self_attn.proj_k.weight,0.6496611833572388,4096
3,layers.3.models.0.self_attn.proj_e.weight,0.6403607130050659,4096
3,layers.3.models.0.self_attn.proj_vg.weight,0.6678190231323242,4096
3,layers.3.models.0.norm1_attn.weight,8.000662803649902,64
3,layers.3.models.0.norm1_attn.bias,0.009786101058125496,64
3,layers.3.ff_linear1.weight,6.544400691986084,8192
3,layers.3.ff_linear1.bias,0.795081615447998,128
3,layers.3.ff_linear2.weight,4.633942604064941,8192
3,layers.3.ff_linear2.bias,0.4182984232902527,64
3,layers.3.norm2.weight,8.000934600830078,64
3,layers.3.norm2.bias,0.010005082003772259,64
3,layers.4.models.0.self_attn.Q.weight,4.598773002624512,4096
3,layers.4.models.0.self_attn.K.weight,4.63018798828125,4096
3,layers.4.models.0.self_attn.E.weight,4.646720886230469,4096
3,layers.4.models.0.self_attn.V.weight,4.670603275299072,4096
3,layers.4.models.0.self_attn.V_gate.weight,4.565291404724121,4096
3,layers.4.models.0.self_attn.shared_rel_emb_table.weight,0.35869070887565613,1152
3,layers.4.models.0.self_attn.proj_q.weight,0.6563225388526917,4096
3,layers.4.models.0.self_attn.proj_k.weight,0.6476643681526184,4096
3,layers.4.models.0.self_attn.proj_e.weight,0.6398507356643677,4096
3,layers.4.models.0.self_attn.proj_vg.weight,0.6715893149375916,4096
3,layers.4.models.0.norm1_attn.weight,8.004652976989746,64
3,layers.4.models.0.norm1_attn.bias,0.014935705810785294,64
3,layers.4.ff_linear1.weight,6.52085018157959,8192
3,layers.4.ff_linear1.bias,0.7911512851715088,128
3,layers.4.ff_linear2.weight,4.621225833892822,8192
3,layers.4.ff_linear2.bias,0.397231787443161,64
3,layers.4.norm2.weight,7.995275497436523,64
3,layers.4.norm2.bias,0.014929871074855328,64
3,post_mp.rel_emb.weight,34.12284851074219,1152
3,post_mp.scorer.weight,0.5544803142547607,128
3,post_mp.scorer.bias,0.01753811165690422,1
4,encoder.node_encoder.rel_emb.weight,34.64638137817383,1152
4,encoder.edge_encoder.emb.weight,33.82630157470703,1152
4,encoder.exp_edge_fixer.exp_edge_attr.weight,8.669381141662598,64
4,encoder.exp_edge_fixer.exp_edge_query_emb.weight,0.33775803446769714,1152
4,layers.0.models.0.self_attn.Q.weight,4.614981651306152,4096
4,layers.0.models.0.self_attn.K.weight,4.688778400421143,4096
4,layers.0.models.0.self_attn.E.weight,4.638767719268799,4096
4,layers.0.models.0.self_attn.V.weight,4.595203399658203,4096
4,layers.0.models.0.self_attn.V_gate.weight,4.605086803436279,4096
4,layers.0.models.0.self_attn.shared_rel_emb_table.weight,0.348772257566452,1152
4,layers.0.models.0.self_attn.proj_q.weight,0.6785662174224854,4096
4,layers.0.models.0.self_attn.proj_k.weight,0.6389333009719849,4096
4,layers.0.models.0.self_attn.proj_e.weight,0.6361996531486511,4096
4,layers.0.models.0.self_attn.proj_vg.weight,0.6317351460456848,4096
4,layers.0.models.0.norm1_attn.weight,8.002073287963867,64
4,layers.0.models.0.norm1_attn.bias,0.014241388067603111,64
4,layers.0.ff_linear1.weight,6.551518440246582,8192
4,layers.0.ff_linear1.bias,0.8444576859474182,128
4,layers.0.ff_linear2.weight,4.644270896911621,8192
4,layers.0.ff_linear2.bias,0.3948134481906891,64
4,layers.0.norm2.weight,8.0029878616333,64
4,layers.0.norm2.bias,0.019461721181869507,64
4,layers.1.models.0.self_attn.Q.weight,4.598488807678223,4096
4,layers.1.models.0.self_attn.K.weight,4.650405406951904,4096
4,layers.1.models.0.self_attn.E.weight,4.5721940994262695,4096
4,layers.1.models.0.self_attn.V.weight,4.662034034729004,4096
4,layers.1.models.0.self_attn.V_gate.weight,4.648879051208496,4096
4,layers.1.models.0.self_attn.shared_rel_emb_table.weight,0.3620171546936035,1152
4,layers.1.models.0.self_attn.proj_q.weight,0.6625411510467529,4096
4,layers.1.models.0.self_attn.proj_k.weight,0.6526347994804382,4096
4,layers.1.models.0.self_attn.proj_e.weight,0.6533620953559875,4096
4,layers.1.models.0.self_attn.proj_vg.weight,0.6996617317199707,4096
4,layers.1.models.0.norm1_attn.weight,8.000003814697266,64
4,layers.1.models.0.norm1_attn.bias,0.012664491310715675,64
4,layers.1.ff_linear1.weight,6.510183334350586,8192
4,layers.1.ff_linear1.bias,0.7974198460578918,128
4,layers.1.ff_linear2.weight,4.681291103363037,8192
4,layers.1.ff_linear2.bias,0.4195840656757355,64
4,layers.1.norm2.weight,8.001131057739258,64
4,layers.1.norm2.bias,0.01310975756496191,64
4,layers.2.models.0.self_attn.Q.weight,4.652016639709473,4096
4,layers.2.models.0.self_attn.K.weight,4.633392810821533,4096
4,layers.2.models.0.self_attn.E.weight,4.652866840362549,4096
4,layers.2.models.0.self_attn.V.weight,4.6375346183776855,4096
4,layers.2.models.0.self_attn.V_gate.weight,4.589196681976318,4096
4,layers.2.models.0.self_attn.shared_rel_emb_table.weight,0.36634305119514465,1152
4,layers.2.models.0.self_attn.proj_q.weight,0.671471357345581,4096
4,layers.2.models.0.self_attn.proj_k.weight,0.6470791697502136,4096
4,layers.2.models.0.self_attn.proj_e.weight,0.6418341398239136,4096
4,layers.2.models.0.self_attn.proj_vg.weight,0.6943057179450989,4096
4,layers.2.models.0.norm1_attn.weight,8.00146198272705,64
4,layers.2.models.0.norm1_attn.bias,0.012279700487852097,64
4,layers.2.ff_linear1.weight,6.524791240692139,8192
4,layers.2.ff_linear1.bias,0.8272820711135864,128
4,layers.2.ff_linear2.weight,4.653861045837402,8192
4,layers.2.ff_linear2.bias,0.4168468415737152,64
4,layers.2.norm2.weight,8.001459121704102,64
4,layers.2.norm2.bias,0.013276787474751472,64
4,layers.3.models.0.self_attn.Q.weight,4.630213737487793,4096
4,layers.3.models.0.self_attn.K.weight,4.663415431976318,4096
4,layers.3.models.0.self_attn.E.weight,4.6197829246521,4096
4,layers.3.models.0.self_attn.V.weight,4.655031204223633,4096
4,layers.3.models.0.self_attn.V_gate.weight,4.617887020111084,4096
4,layers.3.models.0.self_attn.shared_rel_emb_table.weight,0.3784228563308716,1152
4,layers.3.models.0.self_attn.proj_q.weight,0.6609086990356445,4096
4,layers.3.models.0.self_attn.proj_k.weight,0.6511080265045166,4096
4,layers.3.models.0.self_attn.proj_e.weight,0.6419686675071716,4096
4,layers.3.models.0.self_attn.proj_vg.weight,0.6952337622642517,4096
4,layers.3.models.0.norm1_attn.weight,8.00080680847168,64
4,layers.3.models.0.norm1_attn.bias,0.01264955010265112,64
4,layers.3.ff_linear1.weight,6.546279430389404,8192
4,layers.3.ff_linear1.bias,0.7939144968986511,128
4,layers.3.ff_linear2.weight,4.636115074157715,8192
4,layers.3.ff_linear2.bias,0.4186161458492279,64
4,layers.3.norm2.weight,8.001020431518555,64
4,layers.3.norm2.bias,0.01313913706690073,64
4,layers.4.models.0.self_attn.Q.weight,4.599031925201416,4096
4,layers.4.models.0.self_attn.K.weight,4.637253284454346,4096
4,layers.4.models.0.self_attn.E.weight,4.653625965118408,4096
4,layers.4.models.0.self_attn.V.weight,4.6723222732543945,4096
4,layers.4.models.0.self_attn.V_gate.weight,4.56666374206543,4096
4,layers.4.models.0.self_attn.shared_rel_emb_table.weight,0.3781347870826721,1152
4,layers.4.models.0.self_attn.proj_q.weight,0.6730147004127502,4096
4,layers.4.models.0.self_attn.proj_k.weight,0.6525113582611084,4096
4,layers.4.models.0.self_attn.proj_e.weight,0.6430896520614624,4096
4,layers.4.models.0.self_attn.proj_vg.weight,0.6985478401184082,4096
4,layers.4.models.0.norm1_attn.weight,8.004061698913574,64
4,layers.4.models.0.norm1_attn.bias,0.018439283594489098,64
4,layers.4.ff_linear1.weight,6.520905017852783,8192
4,layers.4.ff_linear1.bias,0.7913413047790527,128
4,layers.4.ff_linear2.weight,4.622951984405518,8192
4,layers.4.ff_linear2.bias,0.397733598947525,64
4,layers.4.norm2.weight,7.995502471923828,64
4,layers.4.norm2.bias,0.019152376800775528,64
4,post_mp.rel_emb.weight,34.11928939819336,1152
4,post_mp.scorer.weight,0.5522148609161377,128
4,post_mp.scorer.bias,0.0182937104254961,1
5,encoder.node_encoder.rel_emb.weight,34.64595031738281,1152
5,encoder.edge_encoder.emb.weight,33.82891082763672,1152
5,encoder.exp_edge_fixer.exp_edge_attr.weight,8.669381141662598,64
5,encoder.exp_edge_fixer.exp_edge_query_emb.weight,0.3415919542312622,1152
5,layers.0.models.0.self_attn.Q.weight,4.614984512329102,4096
5,layers.0.models.0.self_attn.K.weight,4.7185139656066895,4096
5,layers.0.models.0.self_attn.E.weight,4.668732643127441,4096
5,layers.0.models.0.self_attn.V.weight,4.593872547149658,4096
5,layers.0.models.0.self_attn.V_gate.weight,4.603724956512451,4096
5,layers.0.models.0.self_attn.shared_rel_emb_table.weight,0.3503381609916687,1152
5,layers.0.models.0.self_attn.proj_q.weight,0.7397905588150024,4096
5,layers.0.models.0.self_attn.proj_k.weight,0.6539062857627869,4096
5,layers.0.models.0.self_attn.proj_e.weight,0.6518568396568298,4096
5,layers.0.models.0.self_attn.proj_vg.weight,0.6332931518554688,4096
5,layers.0.models.0.norm1_attn.weight,8.002143859863281,64
5,layers.0.models.0.norm1_attn.bias,0.017600353807210922,64
5,layers.0.ff_linear1.weight,6.566161155700684,8192
5,layers.0.ff_linear1.bias,0.8355509638786316,128
5,layers.0.ff_linear2.weight,4.658557415008545,8192
5,layers.0.ff_linear2.bias,0.39519089460372925,64
5,layers.0.norm2.weight,8.004963874816895,64
5,layers.0.norm2.bias,0.026780320331454277,64
5,layers.1.models.0.self_attn.Q.weight,4.603946208953857,4096
5,layers.1.models.0.self_attn.K.weight,4.65784215927124,4096
5,layers.1.models.0.self_attn.E.weight,4.579764366149902,4096
5,layers.1.models.0.self_attn.V.weight,4.665793418884277,4096
5,layers.1.models.0.self_attn.V_gate.weight,4.651771545410156,4096
5,layers.1.models.0.self_attn.shared_rel_emb_table.weight,0.38637104630470276,1152
5,layers.1.models.0.self_attn.proj_q.weight,0.7072674036026001,4096
5,layers.1.models.0.self_attn.proj_k.weight,0.6700401306152344,4096
5,layers.1.models.0.self_attn.proj_e.weight,0.6704728007316589,4096
5,layers.1.models.0.self_attn.proj_vg.weight,0.7394962906837463,4096
5,layers.1.models.0.norm1_attn.weight,8.000078201293945,64
5,layers.1.models.0.norm1_attn.bias,0.016848666593432426,64
5,layers.1.ff_linear1.weight,6.514609336853027,8192
5,layers.1.ff_linear1.bias,0.7975848317146301,128
5,layers.1.ff_linear2.weight,4.6875810623168945,8192
5,layers.1.ff_linear2.bias,0.4202114939689636,64
5,layers.1.norm2.weight,8.001740455627441,64
5,layers.1.norm2.bias,0.018550589680671692,64
5,layers.2.models.0.self_attn.Q.weight,4.654607772827148,4096
5,layers.2.models.0.self_attn.K.weight,4.638077735900879,4096
5,layers.2.models.0.self_attn.E.weight,4.656980514526367,4096
5,layers.2.models.0.self_attn.V.weight,4.6393046379089355,4096
5,layers.2.models.0.self_attn.V_gate.weight,4.590716361999512,4096
5,layers.2.models.0.self_attn.shared_rel_emb_table.weight,0.38969388604164124,1152
5,layers.2.models.0.self_attn.proj_q.weight,0.7013401985168457,4096
5,layers.2.models.0.self_attn.proj_k.weight,0.6547155976295471,4096
5,layers.2.models.0.self_attn.proj_e.weight,0.6478114128112793,4096
5,layers.2.models.0.self_attn.proj_vg.weight,0.7326121926307678,4096
5,layers.2.models.0.norm1_attn.weight,8.001923561096191,64
5,layers.2.models.0.norm1_attn.bias,0.01574219949543476,64
5,layers.2.ff_linear1.weight,6.526050090789795,8192
5,layers.2.ff_linear1.bias,0.8278913497924805,128
5,layers.2.ff_linear2.weight,4.656549453735352,8192
5,layers.2.ff_linear2.bias,0.41672828793525696,64
5,layers.2.norm2.weight,8.001973152160645,64
5,layers.2.norm2.bias,0.017131928354501724,64
5,layers.3.models.0.self_attn.Q.weight,4.630309104919434,4096
5,layers.3.models.0.self_attn.K.weight,4.665314674377441,4096
5,layers.3.models.0.self_attn.E.weight,4.621943950653076,4096
5,layers.3.models.0.self_attn.V.weight,4.656120300292969,4096
5,layers.3.models.0.self_attn.V_gate.weight,4.618168830871582,4096
5,layers.3.models.0.self_attn.shared_rel_emb_table.weight,0.40166598558425903,1152
5,layers.3.models.0.self_attn.proj_q.weight,0.682124137878418,4096
5,layers.3.models.0.self_attn.proj_k.weight,0.6534578204154968,4096
5,layers.3.models.0.self_attn.proj_e.weight,0.6457478404045105,4096
5,layers.3.models.0.self_attn.proj_vg.weight,0.730800211429596,4096
5,layers.3.models.0.norm1_attn.weight,8.000839233398438,64
5,layers.3.models.0.norm1_attn.bias,0.016002867370843887,64
5,layers.3.ff_linear1.weight,6.549020290374756,8192
5,layers.3.ff_linear1.bias,0.7932778000831604,128
5,layers.3.ff_linear2.weight,4.639580726623535,8192
5,layers.3.ff_linear2.bias,0.419136643409729,64
5,layers.3.norm2.weight,8.000927925109863,64
5,layers.3.norm2.bias,0.017389394342899323,64
5,layers.4.models.0.self_attn.Q.weight,4.600773811340332,4096
5,layers.4.models.0.self_attn.K.weight,4.6459431648254395,4096
5,layers.4.models.0.self_attn.E.weight,4.662332057952881,4096
5,layers.4.models.0.self_attn.V.weight,4.674952030181885,4096
5,layers.4.models.0.self_attn.V_gate.weight,4.568943023681641,4096
5,layers.4.models.0.self_attn.shared_rel_emb_table.weight,0.40002205967903137,1152
5,layers.4.models.0.self_attn.proj_q.weight,0.6972188949584961,4096
5,layers.4.models.0.self_attn.proj_k.weight,0.6625295877456665,4096
5,layers.4.models.0.self_attn.proj_e.weight,0.65003901720047,4096
5,layers.4.models.0.self_attn.proj_vg.weight,0.7266185283660889,4096
5,layers.4.models.0.norm1_attn.weight,8.00274658203125,64
5,layers.4.models.0.norm1_attn.bias,0.025583507493138313,64
5,layers.4.ff_linear1.weight,6.522443771362305,8192
5,layers.4.ff_linear1.bias,0.7914413809776306,128
5,layers.4.ff_linear2.weight,4.626605033874512,8192
5,layers.4.ff_linear2.bias,0.39867815375328064,64
5,layers.4.norm2.weight,7.997037887573242,64
5,layers.4.norm2.bias,0.02816813252866268,64
5,post_mp.rel_emb.weight,34.11585998535156,1152
5,post_mp.scorer.weight,0.5514024496078491,128
5,post_mp.scorer.bias,0.020014561712741852,1
6,encoder.node_encoder.rel_emb.weight,34.64594268798828,1152
6,encoder.edge_encoder.emb.weight,33.83302688598633,1152
6,encoder.exp_edge_fixer.exp_edge_attr.weight,8.669381141662598,64
6,encoder.exp_edge_fixer.exp_edge_query_emb.weight,0.34614264965057373,1152
6,layers.0.models.0.self_attn.Q.weight,4.614986896514893,4096
6,layers.0.models.0.self_attn.K.weight,4.749864101409912,4096
6,layers.0.models.0.self_attn.E.weight,4.697744846343994,4096
6,layers.0.models.0.self_attn.V.weight,4.592741012573242,4096
6,layers.0.models.0.self_attn.V_gate.weight,4.602273464202881,4096
6,layers.0.models.0.self_attn.shared_rel_emb_table.weight,0.3533812165260315,1152
6,layers.0.models.0.self_attn.proj_q.weight,0.8100498914718628,4096
6,layers.0.models.0.self_attn.proj_k.weight,0.6773799061775208,4096
6,layers.0.models.0.self_attn.proj_e.weight,0.6792990565299988,4096
6,layers.0.models.0.self_attn.proj_vg.weight,0.6360560059547424,4096
6,layers.0.models.0.norm1_attn.weight,8.002222061157227,64
6,layers.0.models.0.norm1_attn.bias,0.02100277878344059,64
6,layers.0.ff_linear1.weight,6.581999778747559,8192
6,layers.0.ff_linear1.bias,0.8259176015853882,128
6,layers.0.ff_linear2.weight,4.6752800941467285,8192
6,layers.0.ff_linear2.bias,0.39549973607063293,64
6,layers.0.norm2.weight,8.00692367553711,64
6,layers.0.norm2.bias,0.03212469071149826,64
6,layers.1.models.0.self_attn.Q.weight,4.610689640045166,4096
6,layers.1.models.0.self_attn.K.weight,4.668101787567139,4096
6,layers.1.models.0.self_attn.E.weight,4.59060525894165,4096
6,layers.1.models.0.self_attn.V.weight,4.670240879058838,4096
6,layers.1.models.0.self_attn.V_gate.weight,4.654580116271973,4096
6,layers.1.models.0.self_attn.shared_rel_emb_table.weight,0.4176888167858124,1152
6,layers.1.models.0.self_attn.proj_q.weight,0.7765897512435913,4096
6,layers.1.models.0.self_attn.proj_k.weight,0.6918593049049377,4096
6,layers.1.models.0.self_attn.proj_e.weight,0.694182813167572,4096
6,layers.1.models.0.self_attn.proj_vg.weight,0.789030134677887,4096
6,layers.1.models.0.norm1_attn.weight,7.99993371963501,64
6,layers.1.models.0.norm1_attn.bias,0.01995965465903282,64
6,layers.1.ff_linear1.weight,6.519192695617676,8192
6,layers.1.ff_linear1.bias,0.7974953055381775,128
6,layers.1.ff_linear2.weight,4.694479465484619,8192
6,layers.1.ff_linear2.bias,0.4203281104564667,64
6,layers.1.norm2.weight,8.002209663391113,64
6,layers.1.norm2.bias,0.023211922496557236,64
6,layers.2.models.0.self_attn.Q.weight,4.658666610717773,4096
6,layers.2.models.0.self_attn.K.weight,4.645081520080566,4096
6,layers.2.models.0.self_attn.E.weight,4.663322925567627,4096
6,layers.2.models.0.self_attn.V.weight,4.641846179962158,4096
6,layers.2.models.0.self_attn.V_gate.weight,4.592568874359131,4096
6,layers.2.models.0.self_attn.shared_rel_emb_table.weight,0.41985926032066345,1152
6,layers.2.models.0.self_attn.proj_q.weight,0.7443280220031738,4096
6,layers.2.models.0.self_attn.proj_k.weight,0.6677678823471069,4096
6,layers.2.models.0.self_attn.proj_e.weight,0.6579375267028809,4096
6,layers.2.models.0.self_attn.proj_vg.weight,0.783668041229248,4096
6,layers.2.models.0.norm1_attn.weight,8.002443313598633,64
6,layers.2.models.0.norm1_attn.bias,0.019215969368815422,64
6,layers.2.ff_linear1.weight,6.5279622077941895,8192
6,layers.2.ff_linear1.bias,0.8285385966300964,128
6,layers.2.ff_linear2.weight,4.660074710845947,8192
6,layers.2.ff_linear2.bias,0.41691532731056213,64
6,layers.2.norm2.weight,8.002460479736328,64
6,layers.2.norm2.bias,0.02119847573339939,64
6,layers.3.models.0.self_attn.Q.weight,4.6315178871154785,4096
6,layers.3.models.0.self_attn.K.weight,4.669360637664795,4096
6,layers.3.models.0.self_attn.E.weight,4.626036643981934,4096
6,layers.3.models.0.self_attn.V.weight,4.657911777496338,4096
6,layers.3.models.0.self_attn.V_gate.weight,4.618881702423096,4096
6,layers.3.models.0.self_attn.shared_rel_emb_table.weight,0.43142661452293396,1152
6,layers.3.models.0.self_attn.proj_q.weight,0.7134934663772583,4096
6,layers.3.models.0.self_attn.proj_k.weight,0.6600897908210754,4096
6,layers.3.models.0.self_attn.proj_e.weight,0.6565477252006531,4096
6,layers.3.models.0.self_attn.proj_vg.weight,0.7783967852592468,4096
6,layers.3.models.0.norm1_attn.weight,8.001047134399414,64
6,layers.3.models.0.norm1_attn.bias,0.019757231697440147,64
6,layers.3.ff_linear1.weight,6.552257537841797,8192
6,layers.3.ff_linear1.bias,0.7925690412521362,128
6,layers.3.ff_linear2.weight,4.643736362457275,8192
6,layers.3.ff_linear2.bias,0.419854074716568,64
6,layers.3.norm2.weight,8.000994682312012,64
6,layers.3.norm2.bias,0.022182291373610497,64
6,layers.4.models.0.self_attn.Q.weight,4.604537487030029,4096
6,layers.4.models.0.self_attn.K.weight,4.656325817108154,4096
6,layers.4.models.0.self_attn.E.weight,4.673416614532471,4096
6,layers.4.models.0.self_attn.V.weight,4.678829193115234,4096
6,layers.4.models.0.self_attn.V_gate.weight,4.572478771209717,4096
6,layers.4.models.0.self_attn.shared_rel_emb_table.weight,0.42793938517570496,1152
6,layers.4.models.0.self_attn.proj_q.weight,0.7331023812294006,4096
6,layers.4.models.0.self_attn.proj_k.weight,0.6784987449645996,4096
6,layers.4.models.0.self_attn.proj_e.weight,0.6628834009170532,4096
6,layers.4.models.0.self_attn.proj_vg.weight,0.7639784812927246,4096
6,layers.4.models.0.norm1_attn.weight,8.001617431640625,64
6,layers.4.models.0.norm1_attn.bias,0.033395953476428986,64
6,layers.4.ff_linear1.weight,6.524829387664795,8192
6,layers.4.ff_linear1.bias,0.7920331358909607,128
6,layers.4.ff_linear2.weight,4.632658958435059,8192
6,layers.4.ff_linear2.bias,0.3992884159088135,64
6,layers.4.norm2.weight,7.999060153961182,64
6,layers.4.norm2.bias,0.036606140434741974,64
6,post_mp.rel_emb.weight,34.11237716674805,1152
6,post_mp.scorer.weight,0.5513207316398621,128
6,post_mp.scorer.bias,0.02152889594435692,1
7,encoder.node_encoder.rel_emb.weight,34.64604949951172,1152
7,encoder.edge_encoder.emb.weight,33.83903121948242,1152
7,encoder.exp_edge_fixer.exp_edge_attr.weight,8.669381141662598,64
7,encoder.exp_edge_fixer.exp_edge_query_emb.weight,0.3520859181880951,1152
7,layers.0.models.0.self_attn.Q.weight,4.614989280700684,4096
7,layers.0.models.0.self_attn.K.weight,4.776345252990723,4096
7,layers.0.models.0.self_attn.E.weight,4.720475673675537,4096
7,layers.0.models.0.self_attn.V.weight,4.592254161834717,4096
7,layers.0.models.0.self_attn.V_gate.weight,4.6012468338012695,4096
7,layers.0.models.0.self_attn.shared_rel_emb_table.weight,0.35781556367874146,1152
7,layers.0.models.0.self_attn.proj_q.weight,0.8719307780265808,4096
7,layers.0.models.0.self_attn.proj_k.weight,0.703158438205719,4096
7,layers.0.models.0.self_attn.proj_e.weight,0.7080986499786377,4096
7,layers.0.models.0.self_attn.proj_vg.weight,0.6401369571685791,4096
7,layers.0.models.0.norm1_attn.weight,8.002705574035645,64
7,layers.0.models.0.norm1_attn.bias,0.024917365983128548,64
7,layers.0.ff_linear1.weight,6.594404697418213,8192
7,layers.0.ff_linear1.bias,0.8180540800094604,128
7,layers.0.ff_linear2.weight,4.689418792724609,8192
7,layers.0.ff_linear2.bias,0.3958424925804138,64
7,layers.0.norm2.weight,8.008997917175293,64
7,layers.0.norm2.bias,0.035705115646123886,64
7,layers.1.models.0.self_attn.Q.weight,4.617341995239258,4096
7,layers.1.models.0.self_attn.K.weight,4.682052135467529,4096
7,layers.1.models.0.self_attn.E.weight,4.605701923370361,4096
7,layers.1.models.0.self_attn.V.weight,4.676104545593262,4096
7,layers.1.models.0.self_attn.V_gate.weight,4.657647132873535,4096
7,layers.1.models.0.self_attn.shared_rel_emb_table.weight,0.45619475841522217,1152
7,layers.1.models.0.self_attn.proj_q.weight,0.8726590871810913,4096
7,layers.1.models.0.self_attn.proj_k.weight,0.7173740863800049,4096
7,layers.1.models.0.self_attn.proj_e.weight,0.728010892868042,4096
7,layers.1.models.0.self_attn.proj_vg.weight,0.8519560098648071,4096
7,layers.1.models.0.norm1_attn.weight,7.999719619750977,64
7,layers.1.models.0.norm1_attn.bias,0.02204246073961258,64
7,layers.1.ff_linear1.weight,6.5238189697265625,8192
7,layers.1.ff_linear1.bias,0.7969023585319519,128
7,layers.1.ff_linear2.weight,4.701283931732178,8192
7,layers.1.ff_linear2.bias,0.4201168715953827,64
7,layers.1.norm2.weight,8.002552032470703,64
7,layers.1.norm2.bias,0.02689138427376747,64
7,layers.2.models.0.self_attn.Q.weight,4.663710594177246,4096
7,layers.2.models.0.self_attn.K.weight,4.655040264129639,4096
7,layers.2.models.0.self_attn.E.weight,4.6724700927734375,4096
7,layers.2.models.0.self_attn.V.weight,4.644863605499268,4096
7,layers.2.models.0.self_attn.V_gate.weight,4.594697952270508,4096
7,layers.2.models.0.self_attn.shared_rel_emb_table.weight,0.4574342370033264,1152
7,layers.2.models.0.self_attn.proj_q.weight,0.8073129653930664,4096
7,layers.2.models.0.self_attn.proj_k.weight,0.6865450739860535,4096
7,layers.2.models.0.self_attn.proj_e.weight,0.6729604005813599,4096
7,layers.2.models.0.self_attn.proj_vg.weight,0.8486697673797607,4096
7,layers.2.models.0.norm1_attn.weight,8.002860069274902,64
7,layers.2.models.0.norm1_attn.bias,0.022518791258335114,64
7,layers.2.ff_linear1.weight,6.530058860778809,8192
7,layers.2.ff_linear1.bias,0.8285881280899048,128
7,layers.2.ff_linear2.weight,4.663867473602295,8192
7,layers.2.ff_linear2.bias,0.4169761538505554,64
7,layers.2.norm2.weight,8.002941131591797,64
7,layers.2.norm2.bias,0.02517215721309185,64
7,layers.3.models.0.self_attn.Q.weight,4.633484363555908,4096
7,layers.3.models.0.self_attn.K.weight,4.676513195037842,4096
7,layers.3.models.0.self_attn.E.weight,4.633708477020264,4096
7,layers.3.models.0.self_attn.V.weight,4.660532474517822,4096
7,layers.3.models.0.self_attn.V_gate.weight,4.620168209075928,4096
7,layers.3.models.0.self_attn.shared_rel_emb_table.weight,0.46878570318222046,1152
7,layers.3.models.0.self_attn.proj_q.weight,0.7640684843063354,4096
7,layers.3.models.0.self_attn.proj_k.weight,0.674822211265564,4096
7,layers.3.models.0.self_attn.proj_e.weight,0.6786907315254211,4096
7,layers.3.models.0.self_attn.proj_vg.weight,0.8420932292938232,4096
7,layers.3.models.0.norm1_attn.weight,8.001376152038574,64
7,layers.3.models.0.norm1_attn.bias,0.023352758958935738,64
7,layers.3.ff_linear1.weight,6.556190013885498,8192
7,layers.3.ff_linear1.bias,0.7916979193687439,128
7,layers.3.ff_linear2.weight,4.649014949798584,8192
7,layers.3.ff_linear2.bias,0.420210063457489,64
7,layers.3.norm2.weight,8.001211166381836,64
7,layers.3.norm2.bias,0.0267186276614666,64
7,layers.4.models.0.self_attn.Q.weight,4.609121322631836,4096
7,layers.4.models.0.self_attn.K.weight,4.668056964874268,4096
7,layers.4.models.0.self_attn.E.weight,4.686358451843262,4096
7,layers.4.models.0.self_attn.V.weight,4.684154510498047,4096
7,layers.4.models.0.self_attn.V_gate.weight,4.5773115158081055,4096
7,layers.4.models.0.self_attn.shared_rel_emb_table.weight,0.46144187450408936,1152
7,layers.4.models.0.self_attn.proj_q.weight,0.7849724292755127,4096
7,layers.4.models.0.self_attn.proj_k.weight,0.7030535340309143,4096
7,layers.4.models.0.self_attn.proj_e.weight,0.6831711530685425,4096
7,layers.4.models.0.self_attn.proj_vg.weight,0.810595691204071,4096
7,layers.4.models.0.norm1_attn.weight,8.000978469848633,64
7,layers.4.models.0.norm1_attn.bias,0.0410819835960865,64
7,layers.4.ff_linear1.weight,6.528621673583984,8192
7,layers.4.ff_linear1.bias,0.7922089695930481,128
7,layers.4.ff_linear2.weight,4.640352249145508,8192
7,layers.4.ff_linear2.bias,0.39967307448387146,64
7,layers.4.norm2.weight,8.000162124633789,64
7,layers.4.norm2.bias,0.041869014501571655,64
7,post_mp.rel_emb.weight,34.10860824584961,1152
7,post_mp.scorer.weight,0.5509300231933594,128
7,post_mp.scorer.bias,0.02228429913520813,1
8,encoder.node_encoder.rel_emb.weight,34.64665985107422,1152
8,encoder.edge_encoder.emb.weight,33.846370697021484,1152
8,encoder.exp_edge_fixer.exp_edge_attr.weight,8.669381141662598,64
8,encoder.exp_edge_fixer.exp_edge_query_emb.weight,0.3595776855945587,1152
8,layers.0.models.0.self_attn.Q.weight,4.614978313446045,4096
8,layers.0.models.0.self_attn.K.weight,4.799163818359375,4096
8,layers.0.models.0.self_attn.E.weight,4.738986015319824,4096
8,layers.0.models.0.self_attn.V.weight,4.592039108276367,4096
8,layers.0.models.0.self_attn.V_gate.weight,4.600749969482422,4096
8,layers.0.models.0.self_attn.shared_rel_emb_table.weight,0.36302047967910767,1152
8,layers.0.models.0.self_attn.proj_q.weight,0.9235605597496033,4096
8,layers.0.models.0.self_attn.proj_k.weight,0.7263706922531128,4096
8,layers.0.models.0.self_attn.proj_e.weight,0.7306789755821228,4096
8,layers.0.models.0.self_attn.proj_vg.weight,0.6446174383163452,4096
8,layers.0.models.0.norm1_attn.weight,8.003320693969727,64
8,layers.0.models.0.norm1_attn.bias,0.02885621227324009,64
8,layers.0.ff_linear1.weight,6.6055216789245605,8192
8,layers.0.ff_linear1.bias,0.810534656047821,128
8,layers.0.ff_linear2.weight,4.703101634979248,8192
8,layers.0.ff_linear2.bias,0.3962066173553467,64
8,layers.0.norm2.weight,8.011231422424316,64
8,layers.0.norm2.bias,0.038742296397686005,64
8,layers.1.models.0.self_attn.Q.weight,4.623471736907959,4096
8,layers.1.models.0.self_attn.K.weight,4.70081901550293,4096
8,layers.1.models.0.self_attn.E.weight,4.626287460327148,4096
8,layers.1.models.0.self_attn.V.weight,4.683089256286621,4096
8,layers.1.models.0.self_attn.V_gate.weight,4.661273002624512,4096
8,layers.1.models.0.self_attn.shared_rel_emb_table.weight,0.4981963336467743,1152
8,layers.1.models.0.self_attn.proj_q.weight,0.9912999868392944,4096
8,layers.1.models.0.self_attn.proj_k.weight,0.7463134527206421,4096
8,layers.1.models.0.self_attn.proj_e.weight,0.7768964171409607,4096
8,layers.1.models.0.self_attn.proj_vg.weight,0.9213517904281616,4096
8,layers.1.models.0.norm1_attn.weight,7.999487400054932,64
8,layers.1.models.0.norm1_attn.bias,0.023708581924438477,64
8,layers.1.ff_linear1.weight,6.528753280639648,8192
8,layers.1.ff_linear1.bias,0.7968521118164062,128
8,layers.1.ff_linear2.weight,4.7086310386657715,8192
8,layers.1.ff_linear2.bias,0.41980117559432983,64
8,layers.1.norm2.weight,8.002910614013672,64
8,layers.1.norm2.bias,0.030674563720822334,64
8,layers.2.models.0.self_attn.Q.weight,4.6678290367126465,4096
8,layers.2.models.0.self_attn.K.weight,4.667187690734863,4096
8,layers.2.models.0.self_attn.E.weight,4.683547019958496,4096
8,layers.2.models.0.self_attn.V.weight,4.648687362670898,4096
8,layers.2.models.0.self_attn.V_gate.weight,4.5974507331848145,4096
8,layers.2.models.0.self_attn.shared_rel_emb_table.weight,0.49676695466041565,1152
8,layers.2.models.0.self_attn.proj_q.weight,0.8859263062477112,4096
8,layers.2.models.0.self_attn.proj_k.weight,0.706886351108551,4096
8,layers.2.models.0.self_attn.proj_e.weight,0.689619779586792,4096
8,layers.2.models.0.self_attn.proj_vg.weight,0.9182777404785156,4096
8,layers.2.models.0.norm1_attn.weight,8.003368377685547,64
8,layers.2.models.0.norm1_attn.bias,0.025767648592591286,64
8,layers.2.ff_linear1.weight,6.532893180847168,8192
8,layers.2.ff_linear1.bias,0.8277984261512756,128
8,layers.2.ff_linear2.weight,4.668609142303467,8192
8,layers.2.ff_linear2.bias,0.4171912968158722,64
8,layers.2.norm2.weight,8.003442764282227,64
8,layers.2.norm2.bias,0.029093576595187187,64
8,layers.3.models.0.self_attn.Q.weight,4.6373066902160645,4096
8,layers.3.models.0.self_attn.K.weight,4.687849521636963,4096
8,layers.3.models.0.self_attn.E.weight,4.644877910614014,4096
8,layers.3.models.0.self_attn.V.weight,4.6646552085876465,4096
8,layers.3.models.0.self_attn.V_gate.weight,4.622633934020996,4096
8,layers.3.models.0.self_attn.shared_rel_emb_table.weight,0.5112138986587524,1152
8,layers.3.models.0.self_attn.proj_q.weight,0.8282652497291565,4096
8,layers.3.models.0.self_attn.proj_k.weight,0.6999805569648743,4096
8,layers.3.models.0.self_attn.proj_e.weight,0.7108311653137207,4096
8,layers.3.models.0.self_attn.proj_vg.weight,0.9152805209159851,4096
8,layers.3.models.0.norm1_attn.weight,8.001880645751953,64
8,layers.3.models.0.norm1_attn.bias,0.02640182338654995,64
8,layers.3.ff_linear1.weight,6.560421466827393,8192
8,layers.3.ff_linear1.bias,0.7911416292190552,128
8,layers.3.ff_linear2.weight,4.654691696166992,8192
8,layers.3.ff_linear2.bias,0.4203472137451172,64
8,layers.3.norm2.weight,8.001497268676758,64
8,layers.3.norm2.bias,0.030540602281689644,64
8,layers.4.models.0.self_attn.Q.weight,4.616440773010254,4096
8,layers.4.models.0.self_attn.K.weight,4.684385776519775,4096
8,layers.4.models.0.self_attn.E.weight,4.704854488372803,4096
8,layers.4.models.0.self_attn.V.weight,4.689480781555176,4096
8,layers.4.models.0.self_attn.V_gate.weight,4.581936359405518,4096
8,layers.4.models.0.self_attn.shared_rel_emb_table.weight,0.4990028440952301,1152
8,layers.4.models.0.self_attn.proj_q.weight,0.8546152710914612,4096
8,layers.4.models.0.self_attn.proj_k.weight,0.7403526902198792,4096
8,layers.4.models.0.self_attn.proj_e.weight,0.715452253818512,4096
8,layers.4.models.0.self_attn.proj_vg.weight,0.8718154430389404,4096
8,layers.4.models.0.norm1_attn.weight,7.999758720397949,64
8,layers.4.models.0.norm1_attn.bias,0.047311246395111084,64
8,layers.4.ff_linear1.weight,6.533049583435059,8192
8,layers.4.ff_linear1.bias,0.7927635908126831,128
8,layers.4.ff_linear2.weight,4.649641036987305,8192
8,layers.4.ff_linear2.bias,0.400367796421051,64
8,layers.4.norm2.weight,8.001675605773926,64
8,layers.4.norm2.bias,0.04250514134764671,64
8,post_mp.rel_emb.weight,34.104923248291016,1152
8,post_mp.scorer.weight,0.5512747764587402,128
8,post_mp.scorer.bias,0.022177623584866524,1
9,encoder.node_encoder.rel_emb.weight,34.64724349975586,1152
9,encoder.edge_encoder.emb.weight,33.85348892211914,1152
9,encoder.exp_edge_fixer.exp_edge_attr.weight,8.669381141662598,64
9,encoder.exp_edge_fixer.exp_edge_query_emb.weight,0.36756235361099243,1152
9,layers.0.models.0.self_attn.Q.weight,4.61498498916626,4096
9,layers.0.models.0.self_attn.K.weight,4.8135175704956055,4096
9,layers.0.models.0.self_attn.E.weight,4.749733924865723,4096
9,layers.0.models.0.self_attn.V.weight,4.592244625091553,4096
9,layers.0.models.0.self_attn.V_gate.weight,4.600647449493408,4096
9,layers.0.models.0.self_attn.shared_rel_emb_table.weight,0.36830011010169983,1152
9,layers.0.models.0.self_attn.proj_q.weight,0.9521979689598083,4096
9,layers.0.models.0.self_attn.proj_k.weight,0.7377908825874329,4096
9,layers.0.models.0.self_attn.proj_e.weight,0.745171308517456,4096
9,layers.0.models.0.self_attn.proj_vg.weight,0.649124264717102,4096
9,layers.0.models.0.norm1_attn.weight,8.00403881072998,64
9,layers.0.models.0.norm1_attn.bias,0.03284178674221039,64
9,layers.0.ff_linear1.weight,6.617392539978027,8192
9,layers.0.ff_linear1.bias,0.8030088543891907,128
9,layers.0.ff_linear2.weight,4.717767715454102,8192
9,layers.0.ff_linear2.bias,0.39634817838668823,64
9,layers.0.norm2.weight,8.013337135314941,64
9,layers.0.norm2.bias,0.04095061868429184,64
9,layers.1.models.0.self_attn.Q.weight,4.62954568862915,4096
9,layers.1.models.0.self_attn.K.weight,4.723546504974365,4096
9,layers.1.models.0.self_attn.E.weight,4.650538921356201,4096
9,layers.1.models.0.self_attn.V.weight,4.6903076171875,4096
9,layers.1.models.0.self_attn.V_gate.weight,4.664727687835693,4096
9,layers.1.models.0.self_attn.shared_rel_emb_table.weight,0.539918839931488,1152
9,layers.1.models.0.self_attn.proj_q.weight,1.1089699268341064,4096
9,layers.1.models.0.self_attn.proj_k.weight,0.7777984142303467,4096
9,layers.1.models.0.self_attn.proj_e.weight,0.8332514762878418,4096
9,layers.1.models.0.self_attn.proj_vg.weight,0.9887004494667053,4096
9,layers.1.models.0.norm1_attn.weight,7.999226093292236,64
9,layers.1.models.0.norm1_attn.bias,0.025114350020885468,64
9,layers.1.ff_linear1.weight,6.5331525802612305,8192
9,layers.1.ff_linear1.bias,0.7970046997070312,128
9,layers.1.ff_linear2.weight,4.715689659118652,8192
9,layers.1.ff_linear2.bias,0.4197556674480438,64
9,layers.1.norm2.weight,8.003207206726074,64
9,layers.1.norm2.bias,0.03344178944826126,64
9,layers.2.models.0.self_attn.Q.weight,4.671530723571777,4096
9,layers.2.models.0.self_attn.K.weight,4.680574893951416,4096
9,layers.2.models.0.self_attn.E.weight,4.696784973144531,4096
9,layers.2.models.0.self_attn.V.weight,4.652410984039307,4096
9,layers.2.models.0.self_attn.V_gate.weight,4.59962272644043,4096
9,layers.2.models.0.self_attn.shared_rel_emb_table.weight,0.5352606177330017,1152
9,layers.2.models.0.self_attn.proj_q.weight,0.9694858193397522,4096
9,layers.2.models.0.self_attn.proj_k.weight,0.7305280566215515,4096
9,layers.2.models.0.self_attn.proj_e.weight,0.7094088196754456,4096
9,layers.2.models.0.self_attn.proj_vg.weight,0.9828014373779297,4096
9,layers.2.models.0.norm1_attn.weight,8.003881454467773,64
9,layers.2.models.0.norm1_attn.bias,0.02830362878739834,64
9,layers.2.ff_linear1.weight,6.534806728363037,8192
9,layers.2.ff_linear1.bias,0.827966034412384,128
9,layers.2.ff_linear2.weight,4.67218017578125,8192
9,layers.2.ff_linear2.bias,0.41757941246032715,64
9,layers.2.norm2.weight,8.00398063659668,64
9,layers.2.norm2.bias,0.03229084610939026,64
9,layers.3.models.0.self_attn.Q.weight,4.641146183013916,4096
9,layers.3.models.0.self_attn.K.weight,4.702030181884766,4096
9,layers.3.models.0.self_attn.E.weight,4.6590094566345215,4096
9,layers.3.models.0.self_attn.V.weight,4.668818950653076,4096
9,layers.3.models.0.self_attn.V_gate.weight,4.625047206878662,4096
9,layers.3.models.0.self_attn.shared_rel_emb_table.weight,0.5541281700134277,1152
9,layers.3.models.0.self_attn.proj_q.weight,0.9043731689453125,4096
9,layers.3.models.0.self_attn.proj_k.weight,0.7339312434196472,4096
9,layers.3.models.0.self_attn.proj_e.weight,0.7471329569816589,4096
9,layers.3.models.0.self_attn.proj_vg.weight,0.9860910773277283,4096
9,layers.3.models.0.norm1_attn.weight,8.002341270446777,64
9,layers.3.models.0.norm1_attn.bias,0.02892659790813923,64
9,layers.3.ff_linear1.weight,6.564207077026367,8192
9,layers.3.ff_linear1.bias,0.7910482287406921,128
9,layers.3.ff_linear2.weight,4.659870624542236,8192
9,layers.3.ff_linear2.bias,0.42082199454307556,64
9,layers.3.norm2.weight,8.001871109008789,64
9,layers.3.norm2.bias,0.033694956451654434,64
9,layers.4.models.0.self_attn.Q.weight,4.6247172355651855,4096
9,layers.4.models.0.self_attn.K.weight,4.70286750793457,4096
9,layers.4.models.0.self_attn.E.weight,4.727147102355957,4096
9,layers.4.models.0.self_attn.V.weight,4.6951494216918945,4096
9,layers.4.models.0.self_attn.V_gate.weight,4.587072849273682,4096
9,layers.4.models.0.self_attn.shared_rel_emb_table.weight,0.5359745621681213,1152
9,layers.4.models.0.self_attn.proj_q.weight,0.9318259358406067,4096
9,layers.4.models.0.self_attn.proj_k.weight,0.7859391570091248,4096
9,layers.4.models.0.self_attn.proj_e.weight,0.7524867057800293,4096
9,layers.4.models.0.self_attn.proj_vg.weight,0.9330576658248901,4096
9,layers.4.models.0.norm1_attn.weight,7.998976707458496,64
9,layers.4.models.0.norm1_attn.bias,0.05354546010494232,64
9,layers.4.ff_linear1.weight,6.538343906402588,8192
9,layers.4.ff_linear1.bias,0.7938304543495178,128
9,layers.4.ff_linear2.weight,4.659848690032959,8192
9,layers.4.ff_linear2.bias,0.4006842076778412,64
9,layers.4.norm2.weight,8.001601219177246,64
9,layers.4.norm2.bias,0.042403221130371094,64
9,post_mp.rel_emb.weight,34.10190963745117,1152
9,post_mp.scorer.weight,0.5510050058364868,128
9,post_mp.scorer.bias,0.021908681839704514,1
10,encoder.node_encoder.rel_emb.weight,34.64776611328125,1152
10,encoder.edge_encoder.emb.weight,33.86008071899414,1152
10,encoder.exp_edge_fixer.exp_edge_attr.weight,8.669381141662598,64
10,encoder.exp_edge_fixer.exp_edge_query_emb.weight,0.37564003467559814,1152
10,layers.0.models.0.self_attn.Q.weight,4.614973545074463,4096
10,layers.0.models.0.self_attn.K.weight,4.82653284072876,4096
10,layers.0.models.0.self_attn.E.weight,4.75948429107666,4096
10,layers.0.models.0.self_attn.V.weight,4.592355251312256,4096
10,layers.0.models.0.self_attn.V_gate.weight,4.600784778594971,4096
10,layers.0.models.0.self_attn.shared_rel_emb_table.weight,0.3737863004207611,1152
10,layers.0.models.0.self_attn.proj_q.weight,0.978712797164917,4096
10,layers.0.models.0.self_attn.proj_k.weight,0.7489936947822571,4096
10,layers.0.models.0.self_attn.proj_e.weight,0.7584235668182373,4096
10,layers.0.models.0.self_attn.proj_vg.weight,0.6536070704460144,4096
10,layers.0.models.0.norm1_attn.weight,8.004572868347168,64
10,layers.0.models.0.norm1_attn.bias,0.03657226637005806,64
10,layers.0.ff_linear1.weight,6.627669811248779,8192
10,layers.0.ff_linear1.bias,0.7964795827865601,128
10,layers.0.ff_linear2.weight,4.7301530838012695,8192
10,layers.0.ff_linear2.bias,0.39666593074798584,64
10,layers.0.norm2.weight,8.015531539916992,64
10,layers.0.norm2.bias,0.04307065159082413,64
10,layers.1.models.0.self_attn.Q.weight,4.634951591491699,4096
10,layers.1.models.0.self_attn.K.weight,4.748430252075195,4096
10,layers.1.models.0.self_attn.E.weight,4.678143501281738,4096
10,layers.1.models.0.self_attn.V.weight,4.697440147399902,4096
10,layers.1.models.0.self_attn.V_gate.weight,4.667870044708252,4096
10,layers.1.models.0.self_attn.shared_rel_emb_table.weight,0.5783734917640686,1152
10,layers.1.models.0.self_attn.proj_q.weight,1.2308214902877808,4096
10,layers.1.models.0.self_attn.proj_k.weight,0.8134003281593323,4096
10,layers.1.models.0.self_attn.proj_e.weight,0.9017056226730347,4096
10,layers.1.models.0.self_attn.proj_vg.weight,1.0518772602081299,4096
10,layers.1.models.0.norm1_attn.weight,7.99910831451416,64
10,layers.1.models.0.norm1_attn.bias,0.025587746873497963,64
10,layers.1.ff_linear1.weight,6.537081241607666,8192
10,layers.1.ff_linear1.bias,0.79686039686203,128
10,layers.1.ff_linear2.weight,4.721820831298828,8192
10,layers.1.ff_linear2.bias,0.4196513593196869,64
10,layers.1.norm2.weight,8.003599166870117,64
10,layers.1.norm2.bias,0.035340603440999985,64
10,layers.2.models.0.self_attn.Q.weight,4.673956871032715,4096
10,layers.2.models.0.self_attn.K.weight,4.694850444793701,4096
10,layers.2.models.0.self_attn.E.weight,4.7114338874816895,4096
10,layers.2.models.0.self_attn.V.weight,4.655425071716309,4096
10,layers.2.models.0.self_attn.V_gate.weight,4.6015520095825195,4096
10,layers.2.models.0.self_attn.shared_rel_emb_table.weight,0.5699824690818787,1152
10,layers.2.models.0.self_attn.proj_q.weight,1.054029107093811,4096
10,layers.2.models.0.self_attn.proj_k.weight,0.7541674375534058,4096
10,layers.2.models.0.self_attn.proj_e.weight,0.7304619550704956,4096
10,layers.2.models.0.self_attn.proj_vg.weight,1.039834976196289,4096
10,layers.2.models.0.norm1_attn.weight,8.004486083984375,64
10,layers.2.models.0.norm1_attn.bias,0.030439326539635658,64
10,layers.2.ff_linear1.weight,6.53689432144165,8192
10,layers.2.ff_linear1.bias,0.8279473185539246,128
10,layers.2.ff_linear2.weight,4.675559043884277,8192
10,layers.2.ff_linear2.bias,0.417425274848938,64
10,layers.2.norm2.weight,8.004630088806152,64
10,layers.2.norm2.bias,0.03508618846535683,64
10,layers.3.models.0.self_attn.Q.weight,4.6452860832214355,4096
10,layers.3.models.0.self_attn.K.weight,4.718088150024414,4096
10,layers.3.models.0.self_attn.E.weight,4.6751627922058105,4096
10,layers.3.models.0.self_attn.V.weight,4.6733856201171875,4096
10,layers.3.models.0.self_attn.V_gate.weight,4.627509117126465,4096
10,layers.3.models.0.self_attn.shared_rel_emb_table.weight,0.593578040599823,1152
10,layers.3.models.0.self_attn.proj_q.weight,0.9811229109764099,4096
10,layers.3.models.0.self_attn.proj_k.weight,0.7701194882392883,4096
10,layers.3.models.0.self_attn.proj_e.weight,0.7831524610519409,4096
10,layers.3.models.0.self_attn.proj_vg.weight,1.0508369207382202,4096
10,layers.3.models.0.norm1_attn.weight,8.002873420715332,64
10,layers.3.models.0.norm1_attn.bias,0.03185485675930977,64
10,layers.3.ff_linear1.weight,6.567648410797119,8192
10,layers.3.ff_linear1.bias,0.7910727262496948,128
10,layers.3.ff_linear2.weight,4.664770603179932,8192
10,layers.3.ff_linear2.bias,0.42115336656570435,64
10,layers.3.norm2.weight,8.002291679382324,64
10,layers.3.norm2.bias,0.037198349833488464,64
10,layers.4.models.0.self_attn.Q.weight,4.634083271026611,4096
10,layers.4.models.0.self_attn.K.weight,4.723593711853027,4096
10,layers.4.models.0.self_attn.E.weight,4.751697540283203,4096
10,layers.4.models.0.self_attn.V.weight,4.700506210327148,4096
10,layers.4.models.0.self_attn.V_gate.weight,4.591863632202148,4096
10,layers.4.models.0.self_attn.shared_rel_emb_table.weight,0.5699028968811035,1152
10,layers.4.models.0.self_attn.proj_q.weight,1.0154459476470947,4096
10,layers.4.models.0.self_attn.proj_k.weight,0.8358625769615173,4096
10,layers.4.models.0.self_attn.proj_e.weight,0.7977667450904846,4096
10,layers.4.models.0.self_attn.proj_vg.weight,0.9883838891983032,4096
10,layers.4.models.0.norm1_attn.weight,7.998314380645752,64
10,layers.4.models.0.norm1_attn.bias,0.058907441794872284,64
10,layers.4.ff_linear1.weight,6.543537139892578,8192
10,layers.4.ff_linear1.bias,0.7956666350364685,128
10,layers.4.ff_linear2.weight,4.669590473175049,8192
10,layers.4.ff_linear2.bias,0.4018542170524597,64
10,layers.4.norm2.weight,8.001691818237305,64
10,layers.4.norm2.bias,0.0437178835272789,64
10,post_mp.rel_emb.weight,34.099266052246094,1152
10,post_mp.scorer.weight,0.55032879114151,128
10,post_mp.scorer.bias,0.02186126634478569,1
11,encoder.node_encoder.rel_emb.weight,34.648338317871094,1152
11,encoder.edge_encoder.emb.weight,33.866676330566406,1152
11,encoder.exp_edge_fixer.exp_edge_attr.weight,8.669381141662598,64
11,encoder.exp_edge_fixer.exp_edge_query_emb.weight,0.38327106833457947,1152
11,layers.0.models.0.self_attn.Q.weight,4.614972114562988,4096
11,layers.0.models.0.self_attn.K.weight,4.838645935058594,4096
11,layers.0.models.0.self_attn.E.weight,4.768500804901123,4096
11,layers.0.models.0.self_attn.V.weight,4.592742443084717,4096
11,layers.0.models.0.self_attn.V_gate.weight,4.600861072540283,4096
11,layers.0.models.0.self_attn.shared_rel_emb_table.weight,0.3797406554222107,1152
11,layers.0.models.0.self_attn.proj_q.weight,1.001854419708252,4096
11,layers.0.models.0.self_attn.proj_k.weight,0.7582932114601135,4096
11,layers.0.models.0.self_attn.proj_e.weight,0.7716720104217529,4096
11,layers.0.models.0.self_attn.proj_vg.weight,0.6582570672035217,4096
11,layers.0.models.0.norm1_attn.weight,8.0050630569458,64
11,layers.0.models.0.norm1_attn.bias,0.03999006375670433,64
11,layers.0.ff_linear1.weight,6.636435031890869,8192
11,layers.0.ff_linear1.bias,0.7905346751213074,128
11,layers.0.ff_linear2.weight,4.740779399871826,8192
11,layers.0.ff_linear2.bias,0.39717191457748413,64
11,layers.0.norm2.weight,8.017815589904785,64
11,layers.0.norm2.bias,0.044418156147003174,64
11,layers.1.models.0.self_attn.Q.weight,4.639202117919922,4096
11,layers.1.models.0.self_attn.K.weight,4.774053573608398,4096
11,layers.1.models.0.self_attn.E.weight,4.70551872253418,4096
11,layers.1.models.0.self_attn.V.weight,4.7040324211120605,4096
11,layers.1.models.0.self_attn.V_gate.weight,4.670633316040039,4096
11,layers.1.models.0.self_attn.shared_rel_emb_table.weight,0.6121383309364319,1152
11,layers.1.models.0.self_attn.proj_q.weight,1.34242844581604,4096
11,layers.1.models.0.self_attn.proj_k.weight,0.8478302359580994,4096
11,layers.1.models.0.self_attn.proj_e.weight,0.9689191579818726,4096
11,layers.1.models.0.self_attn.proj_vg.weight,1.1063249111175537,4096
11,layers.1.models.0.norm1_attn.weight,7.9987053871154785,64
11,layers.1.models.0.norm1_attn.bias,0.026318185031414032,64
11,layers.1.ff_linear1.weight,6.540794372558594,8192
11,layers.1.ff_linear1.bias,0.7968859076499939,128
11,layers.1.ff_linear2.weight,4.728476524353027,8192
11,layers.1.ff_linear2.bias,0.4190966784954071,64
11,layers.1.norm2.weight,8.00371265411377,64
11,layers.1.norm2.bias,0.03725790977478027,64
11,layers.2.models.0.self_attn.Q.weight,4.677639484405518,4096
11,layers.2.models.0.self_attn.K.weight,4.7103776931762695,4096
11,layers.2.models.0.self_attn.E.weight,4.727656841278076,4096
11,layers.2.models.0.self_attn.V.weight,4.658512115478516,4096
11,layers.2.models.0.self_attn.V_gate.weight,4.603728771209717,4096
11,layers.2.models.0.self_attn.shared_rel_emb_table.weight,0.5991677045822144,1152
11,layers.2.models.0.self_attn.proj_q.weight,1.1346632242202759,4096
11,layers.2.models.0.self_attn.proj_k.weight,0.7799966335296631,4096
11,layers.2.models.0.self_attn.proj_e.weight,0.7584444284439087,4096
11,layers.2.models.0.self_attn.proj_vg.weight,1.0860527753829956,4096
11,layers.2.models.0.norm1_attn.weight,8.004891395568848,64
11,layers.2.models.0.norm1_attn.bias,0.03204214200377464,64
11,layers.2.ff_linear1.weight,6.539606094360352,8192
11,layers.2.ff_linear1.bias,0.8278496861457825,128
11,layers.2.ff_linear2.weight,4.679436206817627,8192
11,layers.2.ff_linear2.bias,0.4178961217403412,64
11,layers.2.norm2.weight,8.005077362060547,64
11,layers.2.norm2.bias,0.03728058561682701,64
11,layers.3.models.0.self_attn.Q.weight,4.649013519287109,4096
11,layers.3.models.0.self_attn.K.weight,4.734948635101318,4096
11,layers.3.models.0.self_attn.E.weight,4.692183971405029,4096
11,layers.3.models.0.self_attn.V.weight,4.6776580810546875,4096
11,layers.3.models.0.self_attn.V_gate.weight,4.630156993865967,4096
11,layers.3.models.0.self_attn.shared_rel_emb_table.weight,0.6287297010421753,1152
11,layers.3.models.0.self_attn.proj_q.weight,1.0555213689804077,4096
11,layers.3.models.0.self_attn.proj_k.weight,0.8055347204208374,4096
11,layers.3.models.0.self_attn.proj_e.weight,0.8182785511016846,4096
11,layers.3.models.0.self_attn.proj_vg.weight,1.1060762405395508,4096
11,layers.3.models.0.norm1_attn.weight,8.003296852111816,64
11,layers.3.models.0.norm1_attn.bias,0.033861517906188965,64
11,layers.3.ff_linear1.weight,6.570820331573486,8192
11,layers.3.ff_linear1.bias,0.7914626598358154,128
11,layers.3.ff_linear2.weight,4.669544696807861,8192
11,layers.3.ff_linear2.bias,0.42084363102912903,64
11,layers.3.norm2.weight,8.002702713012695,64
11,layers.3.norm2.bias,0.03975953161716461,64
11,layers.4.models.0.self_attn.Q.weight,4.642859935760498,4096
11,layers.4.models.0.self_attn.K.weight,4.743813514709473,4096
11,layers.4.models.0.self_attn.E.weight,4.77591609954834,4096
11,layers.4.models.0.self_attn.V.weight,4.705328464508057,4096
11,layers.4.models.0.self_attn.V_gate.weight,4.5960540771484375,4096
11,layers.4.models.0.self_attn.shared_rel_emb_table.weight,0.6004897952079773,1152
11,layers.4.models.0.self_attn.proj_q.weight,1.0956460237503052,4096
11,layers.4.models.0.self_attn.proj_k.weight,0.8816586136817932,4096
11,layers.4.models.0.self_attn.proj_e.weight,0.8406571745872498,4096
11,layers.4.models.0.self_attn.proj_vg.weight,1.0396062135696411,4096
11,layers.4.models.0.norm1_attn.weight,7.997555732727051,64
11,layers.4.models.0.norm1_attn.bias,0.06350181251764297,64
11,layers.4.ff_linear1.weight,6.548903465270996,8192
11,layers.4.ff_linear1.bias,0.7965024709701538,128
11,layers.4.ff_linear2.weight,4.679392337799072,8192
11,layers.4.ff_linear2.bias,0.4024268090724945,64
11,layers.4.norm2.weight,8.003402709960938,64
11,layers.4.norm2.bias,0.044090382754802704,64
11,post_mp.rel_emb.weight,34.09709167480469,1152
11,post_mp.scorer.weight,0.5512987971305847,128
11,post_mp.scorer.bias,0.021677061915397644,1
12,encoder.node_encoder.rel_emb.weight,34.6488037109375,1152
12,encoder.edge_encoder.emb.weight,33.87225341796875,1152
12,encoder.exp_edge_fixer.exp_edge_attr.weight,8.669381141662598,64
12,encoder.exp_edge_fixer.exp_edge_query_emb.weight,0.38975876569747925,1152
12,layers.0.models.0.self_attn.Q.weight,4.614972114562988,4096
12,layers.0.models.0.self_attn.K.weight,4.847482681274414,4096
12,layers.0.models.0.self_attn.E.weight,4.774935245513916,4096
12,layers.0.models.0.self_attn.V.weight,4.593181610107422,4096
12,layers.0.models.0.self_attn.V_gate.weight,4.601137161254883,4096
12,layers.0.models.0.self_attn.shared_rel_emb_table.weight,0.3848173916339874,1152
12,layers.0.models.0.self_attn.proj_q.weight,1.017164707183838,4096
12,layers.0.models.0.self_attn.proj_k.weight,0.762812614440918,4096
12,layers.0.models.0.self_attn.proj_e.weight,0.7771007418632507,4096
12,layers.0.models.0.self_attn.proj_vg.weight,0.6628741025924683,4096
12,layers.0.models.0.norm1_attn.weight,8.0055570602417,64
12,layers.0.models.0.norm1_attn.bias,0.04290492460131645,64
12,layers.0.ff_linear1.weight,6.645882606506348,8192
12,layers.0.ff_linear1.bias,0.7843664288520813,128
12,layers.0.ff_linear2.weight,4.752911567687988,8192
12,layers.0.ff_linear2.bias,0.39757242798805237,64
12,layers.0.norm2.weight,8.01997184753418,64
12,layers.0.norm2.bias,0.04608926922082901,64
12,layers.1.models.0.self_attn.Q.weight,4.642875671386719,4096
12,layers.1.models.0.self_attn.K.weight,4.798726558685303,4096
12,layers.1.models.0.self_attn.E.weight,4.731980800628662,4096
12,layers.1.models.0.self_attn.V.weight,4.709819316864014,4096
12,layers.1.models.0.self_attn.V_gate.weight,4.673107147216797,4096
12,layers.1.models.0.self_attn.shared_rel_emb_table.weight,0.6411962509155273,1152
12,layers.1.models.0.self_attn.proj_q.weight,1.4410665035247803,4096
12,layers.1.models.0.self_attn.proj_k.weight,0.8803575038909912,4096
12,layers.1.models.0.self_attn.proj_e.weight,1.0347537994384766,4096
12,layers.1.models.0.self_attn.proj_vg.weight,1.1494580507278442,4096
12,layers.1.models.0.norm1_attn.weight,7.9983367919921875,64
12,layers.1.models.0.norm1_attn.bias,0.026805469766259193,64
12,layers.1.ff_linear1.weight,6.543770790100098,8192
12,layers.1.ff_linear1.bias,0.7966733574867249,128
12,layers.1.ff_linear2.weight,4.7340006828308105,8192
12,layers.1.ff_linear2.bias,0.4188385009765625,64
12,layers.1.norm2.weight,8.003811836242676,64
12,layers.1.norm2.bias,0.03841336444020271,64
12,layers.2.models.0.self_attn.Q.weight,4.6794281005859375,4096
12,layers.2.models.0.self_attn.K.weight,4.7246623039245605,4096
12,layers.2.models.0.self_attn.E.weight,4.742764949798584,4096
12,layers.2.models.0.self_attn.V.weight,4.661144256591797,4096
12,layers.2.models.0.self_attn.V_gate.weight,4.605401039123535,4096
12,layers.2.models.0.self_attn.shared_rel_emb_table.weight,0.6250703930854797,1152
12,layers.2.models.0.self_attn.proj_q.weight,1.2092853784561157,4096
12,layers.2.models.0.self_attn.proj_k.weight,0.8042223453521729,4096
12,layers.2.models.0.self_attn.proj_e.weight,0.7887453436851501,4096
12,layers.2.models.0.self_attn.proj_vg.weight,1.1247742176055908,4096
12,layers.2.models.0.norm1_attn.weight,8.005274772644043,64
12,layers.2.models.0.norm1_attn.bias,0.03371496498584747,64
12,layers.2.ff_linear1.weight,6.541606903076172,8192
12,layers.2.ff_linear1.bias,0.8274681568145752,128
12,layers.2.ff_linear2.weight,4.682721138000488,8192
12,layers.2.ff_linear2.bias,0.4177156388759613,64
12,layers.2.norm2.weight,8.005489349365234,64
12,layers.2.norm2.bias,0.039549265056848526,64
12,layers.3.models.0.self_attn.Q.weight,4.6523237228393555,4096
12,layers.3.models.0.self_attn.K.weight,4.751915454864502,4096
12,layers.3.models.0.self_attn.E.weight,4.70948600769043,4096
12,layers.3.models.0.self_attn.V.weight,4.681234359741211,4096
12,layers.3.models.0.self_attn.V_gate.weight,4.631794452667236,4096
12,layers.3.models.0.self_attn.shared_rel_emb_table.weight,0.6593209505081177,1152
12,layers.3.models.0.self_attn.proj_q.weight,1.1252182722091675,4096
12,layers.3.models.0.self_attn.proj_k.weight,0.8390207290649414,4096
12,layers.3.models.0.self_attn.proj_e.weight,0.8487639427185059,4096
12,layers.3.models.0.self_attn.proj_vg.weight,1.1520602703094482,4096
12,layers.3.models.0.norm1_attn.weight,8.003508567810059,64
12,layers.3.models.0.norm1_attn.bias,0.03532418981194496,64
12,layers.3.ff_linear1.weight,6.57365083694458,8192
12,layers.3.ff_linear1.bias,0.7916964888572693,128
12,layers.3.ff_linear2.weight,4.673791408538818,8192
12,layers.3.ff_linear2.bias,0.42056649923324585,64
12,layers.3.norm2.weight,8.003033638000488,64
12,layers.3.norm2.bias,0.04162551090121269,64
12,layers.4.models.0.self_attn.Q.weight,4.648744583129883,4096
12,layers.4.models.0.self_attn.K.weight,4.762432098388672,4096
12,layers.4.models.0.self_attn.E.weight,4.7991814613342285,4096
12,layers.4.models.0.self_attn.V.weight,4.709872722625732,4096
12,layers.4.models.0.self_attn.V_gate.weight,4.600002288818359,4096
12,layers.4.models.0.self_attn.shared_rel_emb_table.weight,0.6234880089759827,1152
12,layers.4.models.0.self_attn.proj_q.weight,1.1709964275360107,4096
12,layers.4.models.0.self_attn.proj_k.weight,0.9205714464187622,4096
12,layers.4.models.0.self_attn.proj_e.weight,0.8845920562744141,4096
12,layers.4.models.0.self_attn.proj_vg.weight,1.0806307792663574,4096
12,layers.4.models.0.norm1_attn.weight,7.997119426727295,64
12,layers.4.models.0.norm1_attn.bias,0.06753746420145035,64
12,layers.4.ff_linear1.weight,6.553325653076172,8192
12,layers.4.ff_linear1.bias,0.7968077063560486,128
12,layers.4.ff_linear2.weight,4.687281131744385,8192
12,layers.4.ff_linear2.bias,0.40294086933135986,64
12,layers.4.norm2.weight,8.00501823425293,64
12,layers.4.norm2.bias,0.045045528560876846,64
12,post_mp.rel_emb.weight,34.09556579589844,1152
12,post_mp.scorer.weight,0.5519704222679138,128
12,post_mp.scorer.bias,0.021651847288012505,1
13,encoder.node_encoder.rel_emb.weight,34.64910125732422,1152
13,encoder.edge_encoder.emb.weight,33.87752151489258,1152
13,encoder.exp_edge_fixer.exp_edge_attr.weight,8.669381141662598,64
13,encoder.exp_edge_fixer.exp_edge_query_emb.weight,0.3957323431968689,1152
13,layers.0.models.0.self_attn.Q.weight,4.614968299865723,4096
13,layers.0.models.0.self_attn.K.weight,4.8572492599487305,4096
13,layers.0.models.0.self_attn.E.weight,4.782129764556885,4096
13,layers.0.models.0.self_attn.V.weight,4.593530654907227,4096
13,layers.0.models.0.self_attn.V_gate.weight,4.6014404296875,4096
13,layers.0.models.0.self_attn.shared_rel_emb_table.weight,0.390068918466568,1152
13,layers.0.models.0.self_attn.proj_q.weight,1.0349208116531372,4096
13,layers.0.models.0.self_attn.proj_k.weight,0.7682583928108215,4096
13,layers.0.models.0.self_attn.proj_e.weight,0.7860544323921204,4096
13,layers.0.models.0.self_attn.proj_vg.weight,0.6665502190589905,4096
13,layers.0.models.0.norm1_attn.weight,8.005772590637207,64
13,layers.0.models.0.norm1_attn.bias,0.04611901938915253,64
13,layers.0.ff_linear1.weight,6.653942108154297,8192
13,layers.0.ff_linear1.bias,0.7790252566337585,128
13,layers.0.ff_linear2.weight,4.762547016143799,8192
13,layers.0.ff_linear2.bias,0.3980158567428589,64
13,layers.0.norm2.weight,8.022095680236816,64
13,layers.0.norm2.bias,0.047681961208581924,64
13,layers.1.models.0.self_attn.Q.weight,4.6464948654174805,4096
13,layers.1.models.0.self_attn.K.weight,4.821657657623291,4096
13,layers.1.models.0.self_attn.E.weight,4.7563652992248535,4096
13,layers.1.models.0.self_attn.V.weight,4.715933322906494,4096
13,layers.1.models.0.self_attn.V_gate.weight,4.675905227661133,4096
13,layers.1.models.0.self_attn.shared_rel_emb_table.weight,0.6669552326202393,1152
13,layers.1.models.0.self_attn.proj_q.weight,1.5271015167236328,4096
13,layers.1.models.0.self_attn.proj_k.weight,0.9142119884490967,4096
13,layers.1.models.0.self_attn.proj_e.weight,1.0979336500167847,4096
13,layers.1.models.0.self_attn.proj_vg.weight,1.1860694885253906,4096
13,layers.1.models.0.norm1_attn.weight,7.9981536865234375,64
13,layers.1.models.0.norm1_attn.bias,0.02702399343252182,64
13,layers.1.ff_linear1.weight,6.546630382537842,8192
13,layers.1.ff_linear1.bias,0.796178936958313,128
13,layers.1.ff_linear2.weight,4.738897323608398,8192
13,layers.1.ff_linear2.bias,0.41855254769325256,64
13,layers.1.norm2.weight,8.004012107849121,64
13,layers.1.norm2.bias,0.03950122371315956,64
13,layers.2.models.0.self_attn.Q.weight,4.681559085845947,4096
13,layers.2.models.0.self_attn.K.weight,4.738796710968018,4096
13,layers.2.models.0.self_attn.E.weight,4.75748872756958,4096
13,layers.2.models.0.self_attn.V.weight,4.663746356964111,4096
13,layers.2.models.0.self_attn.V_gate.weight,4.607158184051514,4096
13,layers.2.models.0.self_attn.shared_rel_emb_table.weight,0.648072361946106,1152
13,layers.2.models.0.self_attn.proj_q.weight,1.2755409479141235,4096
13,layers.2.models.0.self_attn.proj_k.weight,0.8314785361289978,4096
13,layers.2.models.0.self_attn.proj_e.weight,0.8225740194320679,4096
13,layers.2.models.0.self_attn.proj_vg.weight,1.1560858488082886,4096
13,layers.2.models.0.norm1_attn.weight,8.00554084777832,64
13,layers.2.models.0.norm1_attn.bias,0.03481846675276756,64
13,layers.2.ff_linear1.weight,6.5430779457092285,8192
13,layers.2.ff_linear1.bias,0.8271732926368713,128
13,layers.2.ff_linear2.weight,4.685208797454834,8192
13,layers.2.ff_linear2.bias,0.4179714620113373,64
13,layers.2.norm2.weight,8.005842208862305,64
13,layers.2.norm2.bias,0.04093918576836586,64
13,layers.3.models.0.self_attn.Q.weight,4.655011177062988,4096
13,layers.3.models.0.self_attn.K.weight,4.7695112228393555,4096
13,layers.3.models.0.self_attn.E.weight,4.72747278213501,4096
13,layers.3.models.0.self_attn.V.weight,4.684316635131836,4096
13,layers.3.models.0.self_attn.V_gate.weight,4.6334404945373535,4096
13,layers.3.models.0.self_attn.shared_rel_emb_table.weight,0.6853677034378052,1152
13,layers.3.models.0.self_attn.proj_q.weight,1.193480134010315,4096
13,layers.3.models.0.self_attn.proj_k.weight,0.8752186894416809,4096
13,layers.3.models.0.self_attn.proj_e.weight,0.8802862167358398,4096
13,layers.3.models.0.self_attn.proj_vg.weight,1.1905461549758911,4096
13,layers.3.models.0.norm1_attn.weight,8.003814697265625,64
13,layers.3.models.0.norm1_attn.bias,0.03651484474539757,64
13,layers.3.ff_linear1.weight,6.576206207275391,8192
13,layers.3.ff_linear1.bias,0.7919281125068665,128
13,layers.3.ff_linear2.weight,4.677573204040527,8192
13,layers.3.ff_linear2.bias,0.420810729265213,64
13,layers.3.norm2.weight,8.003509521484375,64
13,layers.3.norm2.bias,0.04312178120017052,64
13,layers.4.models.0.self_attn.Q.weight,4.653613090515137,4096
13,layers.4.models.0.self_attn.K.weight,4.779599666595459,4096
13,layers.4.models.0.self_attn.E.weight,4.821176528930664,4096
13,layers.4.models.0.self_attn.V.weight,4.713927745819092,4096
13,layers.4.models.0.self_attn.V_gate.weight,4.6036529541015625,4096
13,layers.4.models.0.self_attn.shared_rel_emb_table.weight,0.6426452994346619,1152
13,layers.4.models.0.self_attn.proj_q.weight,1.2419414520263672,4096
13,layers.4.models.0.self_attn.proj_k.weight,0.9586615562438965,4096
13,layers.4.models.0.self_attn.proj_e.weight,0.9278340935707092,4096
13,layers.4.models.0.self_attn.proj_vg.weight,1.112730622291565,4096
13,layers.4.models.0.norm1_attn.weight,7.99653959274292,64
13,layers.4.models.0.norm1_attn.bias,0.07094496488571167,64
13,layers.4.ff_linear1.weight,6.55739688873291,8192
13,layers.4.ff_linear1.bias,0.7968716621398926,128
13,layers.4.ff_linear2.weight,4.6945576667785645,8192
13,layers.4.ff_linear2.bias,0.40300580859184265,64
13,layers.4.norm2.weight,8.006580352783203,64
13,layers.4.norm2.bias,0.046140193939208984,64
13,post_mp.rel_emb.weight,34.09428787231445,1152
13,post_mp.scorer.weight,0.5530156493186951,128
13,post_mp.scorer.bias,0.02163747325539589,1
14,encoder.node_encoder.rel_emb.weight,34.649295806884766,1152
14,encoder.edge_encoder.emb.weight,33.8822021484375,1152
14,encoder.exp_edge_fixer.exp_edge_attr.weight,8.669381141662598,64
14,encoder.exp_edge_fixer.exp_edge_query_emb.weight,0.40033116936683655,1152
14,layers.0.models.0.self_attn.Q.weight,4.614969730377197,4096
14,layers.0.models.0.self_attn.K.weight,4.863829612731934,4096
14,layers.0.models.0.self_attn.E.weight,4.7868876457214355,4096
14,layers.0.models.0.self_attn.V.weight,4.593714714050293,4096
14,layers.0.models.0.self_attn.V_gate.weight,4.6015424728393555,4096
14,layers.0.models.0.self_attn.shared_rel_emb_table.weight,0.3952848017215729,1152
14,layers.0.models.0.self_attn.proj_q.weight,1.046392798423767,4096
14,layers.0.models.0.self_attn.proj_k.weight,0.7714136242866516,4096
14,layers.0.models.0.self_attn.proj_e.weight,0.7902258634567261,4096
14,layers.0.models.0.self_attn.proj_vg.weight,0.671081006526947,4096
14,layers.0.models.0.norm1_attn.weight,8.005997657775879,64
14,layers.0.models.0.norm1_attn.bias,0.04890196770429611,64
14,layers.0.ff_linear1.weight,6.66221284866333,8192
14,layers.0.ff_linear1.bias,0.7739705443382263,128
14,layers.0.ff_linear2.weight,4.77249002456665,8192
14,layers.0.ff_linear2.bias,0.3983231484889984,64
14,layers.0.norm2.weight,8.024052619934082,64
14,layers.0.norm2.bias,0.048788219690322876,64
14,layers.1.models.0.self_attn.Q.weight,4.6496171951293945,4096
14,layers.1.models.0.self_attn.K.weight,4.841394424438477,4096
14,layers.1.models.0.self_attn.E.weight,4.776915550231934,4096
14,layers.1.models.0.self_attn.V.weight,4.721274375915527,4096
14,layers.1.models.0.self_attn.V_gate.weight,4.678428649902344,4096
14,layers.1.models.0.self_attn.shared_rel_emb_table.weight,0.6876870393753052,1152
14,layers.1.models.0.self_attn.proj_q.weight,1.5954620838165283,4096
14,layers.1.models.0.self_attn.proj_k.weight,0.9429540038108826,4096
14,layers.1.models.0.self_attn.proj_e.weight,1.151248574256897,4096
14,layers.1.models.0.self_attn.proj_vg.weight,1.213573932647705,4096
14,layers.1.models.0.norm1_attn.weight,7.997781753540039,64
14,layers.1.models.0.norm1_attn.bias,0.027523426339030266,64
14,layers.1.ff_linear1.weight,6.549357891082764,8192
14,layers.1.ff_linear1.bias,0.7961938381195068,128
14,layers.1.ff_linear2.weight,4.743350982666016,8192
14,layers.1.ff_linear2.bias,0.4181414842605591,64
14,layers.1.norm2.weight,8.004085540771484,64
14,layers.1.norm2.bias,0.04046621546149254,64
14,layers.2.models.0.self_attn.Q.weight,4.68338680267334,4096
14,layers.2.models.0.self_attn.K.weight,4.7524733543396,4096
14,layers.2.models.0.self_attn.E.weight,4.771996974945068,4096
14,layers.2.models.0.self_attn.V.weight,4.666045188903809,4096
14,layers.2.models.0.self_attn.V_gate.weight,4.608715057373047,4096
14,layers.2.models.0.self_attn.shared_rel_emb_table.weight,0.6681976914405823,1152
14,layers.2.models.0.self_attn.proj_q.weight,1.336058259010315,4096
14,layers.2.models.0.self_attn.proj_k.weight,0.8603904843330383,4096
14,layers.2.models.0.self_attn.proj_e.weight,0.8615409731864929,4096
14,layers.2.models.0.self_attn.proj_vg.weight,1.1822912693023682,4096
14,layers.2.models.0.norm1_attn.weight,8.005829811096191,64
14,layers.2.models.0.norm1_attn.bias,0.03603961691260338,64
14,layers.2.ff_linear1.weight,6.545108795166016,8192
14,layers.2.ff_linear1.bias,0.8271397352218628,128
14,layers.2.ff_linear2.weight,4.688169956207275,8192
14,layers.2.ff_linear2.bias,0.4178820848464966,64
14,layers.2.norm2.weight,8.006263732910156,64
14,layers.2.norm2.bias,0.042415324598550797,64
14,layers.3.models.0.self_attn.Q.weight,4.657858371734619,4096
14,layers.3.models.0.self_attn.K.weight,4.78701639175415,4096
14,layers.3.models.0.self_attn.E.weight,4.745316982269287,4096
14,layers.3.models.0.self_attn.V.weight,4.68719482421875,4096
14,layers.3.models.0.self_attn.V_gate.weight,4.634798526763916,4096
14,layers.3.models.0.self_attn.shared_rel_emb_table.weight,0.7074657678604126,1152
14,layers.3.models.0.self_attn.proj_q.weight,1.2553224563598633,4096
14,layers.3.models.0.self_attn.proj_k.weight,0.9099912047386169,4096
14,layers.3.models.0.self_attn.proj_e.weight,0.9063476324081421,4096
14,layers.3.models.0.self_attn.proj_vg.weight,1.2219059467315674,4096
14,layers.3.models.0.norm1_attn.weight,8.003995895385742,64
14,layers.3.models.0.norm1_attn.bias,0.03767753764986992,64
14,layers.3.ff_linear1.weight,6.578198432922363,8192
14,layers.3.ff_linear1.bias,0.7921420335769653,128
14,layers.3.ff_linear2.weight,4.680698394775391,8192
14,layers.3.ff_linear2.bias,0.4207129180431366,64
14,layers.3.norm2.weight,8.003908157348633,64
14,layers.3.norm2.bias,0.04457830637693405,64
14,layers.4.models.0.self_attn.Q.weight,4.6583638191223145,4096
14,layers.4.models.0.self_attn.K.weight,4.794857501983643,4096
14,layers.4.models.0.self_attn.E.weight,4.840072154998779,4096
14,layers.4.models.0.self_attn.V.weight,4.71774435043335,4096
14,layers.4.models.0.self_attn.V_gate.weight,4.607161998748779,4096
14,layers.4.models.0.self_attn.shared_rel_emb_table.weight,0.6573607921600342,1152
14,layers.4.models.0.self_attn.proj_q.weight,1.3006130456924438,4096
14,layers.4.models.0.self_attn.proj_k.weight,0.9966984391212463,4096
14,layers.4.models.0.self_attn.proj_e.weight,0.9716523885726929,4096
14,layers.4.models.0.self_attn.proj_vg.weight,1.1361310482025146,4096
14,layers.4.models.0.norm1_attn.weight,7.996111869812012,64
14,layers.4.models.0.norm1_attn.bias,0.07369539886713028,64
14,layers.4.ff_linear1.weight,6.560710906982422,8192
14,layers.4.ff_linear1.bias,0.79733806848526,128
14,layers.4.ff_linear2.weight,4.700443267822266,8192
14,layers.4.ff_linear2.bias,0.4026138484477997,64
14,layers.4.norm2.weight,8.007699966430664,64
14,layers.4.norm2.bias,0.04707292467355728,64
14,post_mp.rel_emb.weight,34.093109130859375,1152
14,post_mp.scorer.weight,0.5536434054374695,128
14,post_mp.scorer.bias,0.021603694185614586,1
15,encoder.node_encoder.rel_emb.weight,34.6494026184082,1152
15,encoder.edge_encoder.emb.weight,33.88628387451172,1152
15,encoder.exp_edge_fixer.exp_edge_attr.weight,8.669381141662598,64
15,encoder.exp_edge_fixer.exp_edge_query_emb.weight,0.40380996465682983,1152
15,layers.0.models.0.self_attn.Q.weight,4.614963531494141,4096
15,layers.0.models.0.self_attn.K.weight,4.870826721191406,4096
15,layers.0.models.0.self_attn.E.weight,4.792069435119629,4096
15,layers.0.models.0.self_attn.V.weight,4.594018936157227,4096
15,layers.0.models.0.self_attn.V_gate.weight,4.601652145385742,4096
15,layers.0.models.0.self_attn.shared_rel_emb_table.weight,0.39900079369544983,1152
15,layers.0.models.0.self_attn.proj_q.weight,1.0593630075454712,4096
15,layers.0.models.0.self_attn.proj_k.weight,0.7753400206565857,4096
15,layers.0.models.0.self_attn.proj_e.weight,0.7955374717712402,4096
15,layers.0.models.0.self_attn.proj_vg.weight,0.6743603944778442,4096
15,layers.0.models.0.norm1_attn.weight,8.006213188171387,64
15,layers.0.models.0.norm1_attn.bias,0.051040370017290115,64
15,layers.0.ff_linear1.weight,6.669409275054932,8192
15,layers.0.ff_linear1.bias,0.7692326903343201,128
15,layers.0.ff_linear2.weight,4.781766891479492,8192
15,layers.0.ff_linear2.bias,0.39866939187049866,64
15,layers.0.norm2.weight,8.025657653808594,64
15,layers.0.norm2.bias,0.05018121004104614,64
15,layers.1.models.0.self_attn.Q.weight,4.652478218078613,4096
15,layers.1.models.0.self_attn.K.weight,4.859203338623047,4096
15,layers.1.models.0.self_attn.E.weight,4.79501485824585,4096
15,layers.1.models.0.self_attn.V.weight,4.725046157836914,4096
15,layers.1.models.0.self_attn.V_gate.weight,4.68035888671875,4096
15,layers.1.models.0.self_attn.shared_rel_emb_table.weight,0.7049627900123596,1152
15,layers.1.models.0.self_attn.proj_q.weight,1.6538828611373901,4096
15,layers.1.models.0.self_attn.proj_k.weight,0.9694858193397522,4096
15,layers.1.models.0.self_attn.proj_e.weight,1.2022647857666016,4096
15,layers.1.models.0.self_attn.proj_vg.weight,1.232530117034912,4096
15,layers.1.models.0.norm1_attn.weight,7.997363090515137,64
15,layers.1.models.0.norm1_attn.bias,0.027673784643411636,64
15,layers.1.ff_linear1.weight,6.551624774932861,8192
15,layers.1.ff_linear1.bias,0.7959778308868408,128
15,layers.1.ff_linear2.weight,4.74775505065918,8192
15,layers.1.ff_linear2.bias,0.4177655875682831,64
15,layers.1.norm2.weight,8.004143714904785,64
15,layers.1.norm2.bias,0.04103654995560646,64
15,layers.2.models.0.self_attn.Q.weight,4.6848907470703125,4096
15,layers.2.models.0.self_attn.K.weight,4.76671028137207,4096
15,layers.2.models.0.self_attn.E.weight,4.786687850952148,4096
15,layers.2.models.0.self_attn.V.weight,4.668088436126709,4096
15,layers.2.models.0.self_attn.V_gate.weight,4.609865665435791,4096
15,layers.2.models.0.self_attn.shared_rel_emb_table.weight,0.6857921481132507,1152
15,layers.2.models.0.self_attn.proj_q.weight,1.3941893577575684,4096
15,layers.2.models.0.self_attn.proj_k.weight,0.8902039527893066,4096
15,layers.2.models.0.self_attn.proj_e.weight,0.897636890411377,4096
15,layers.2.models.0.self_attn.proj_vg.weight,1.2034268379211426,4096
15,layers.2.models.0.norm1_attn.weight,8.006101608276367,64
15,layers.2.models.0.norm1_attn.bias,0.03650699183344841,64
15,layers.2.ff_linear1.weight,6.546633720397949,8192
15,layers.2.ff_linear1.bias,0.8271521329879761,128
15,layers.2.ff_linear2.weight,4.690524101257324,8192
15,layers.2.ff_linear2.bias,0.41767802834510803,64
15,layers.2.norm2.weight,8.006661415100098,64
15,layers.2.norm2.bias,0.04320158064365387,64
15,layers.3.models.0.self_attn.Q.weight,4.660539627075195,4096
15,layers.3.models.0.self_attn.K.weight,4.802440166473389,4096
15,layers.3.models.0.self_attn.E.weight,4.761221408843994,4096
15,layers.3.models.0.self_attn.V.weight,4.68938684463501,4096
15,layers.3.models.0.self_attn.V_gate.weight,4.635972499847412,4096
15,layers.3.models.0.self_attn.shared_rel_emb_table.weight,0.7253984212875366,1152
15,layers.3.models.0.self_attn.proj_q.weight,1.3077125549316406,4096
15,layers.3.models.0.self_attn.proj_k.weight,0.9422703981399536,4096
15,layers.3.models.0.self_attn.proj_e.weight,0.9331225156784058,4096
15,layers.3.models.0.self_attn.proj_vg.weight,1.2467188835144043,4096
15,layers.3.models.0.norm1_attn.weight,8.00417423248291,64
15,layers.3.models.0.norm1_attn.bias,0.03840101882815361,64
15,layers.3.ff_linear1.weight,6.580101013183594,8192
15,layers.3.ff_linear1.bias,0.7920334935188293,128
15,layers.3.ff_linear2.weight,4.683649063110352,8192
15,layers.3.ff_linear2.bias,0.4206458628177643,64
15,layers.3.norm2.weight,8.00423812866211,64
15,layers.3.norm2.bias,0.045463401824235916,64
15,layers.4.models.0.self_attn.Q.weight,4.662271022796631,4096
15,layers.4.models.0.self_attn.K.weight,4.8095011711120605,4096
15,layers.4.models.0.self_attn.E.weight,4.858438968658447,4096
15,layers.4.models.0.self_attn.V.weight,4.720879077911377,4096
15,layers.4.models.0.self_attn.V_gate.weight,4.6100897789001465,4096
15,layers.4.models.0.self_attn.shared_rel_emb_table.weight,0.6708788275718689,1152
15,layers.4.models.0.self_attn.proj_q.weight,1.3592143058776855,4096
15,layers.4.models.0.self_attn.proj_k.weight,1.0365360975265503,4096
15,layers.4.models.0.self_attn.proj_e.weight,1.0127766132354736,4096
15,layers.4.models.0.self_attn.proj_vg.weight,1.155044436454773,4096
15,layers.4.models.0.norm1_attn.weight,7.995686054229736,64
15,layers.4.models.0.norm1_attn.bias,0.07615433633327484,64
15,layers.4.ff_linear1.weight,6.563712120056152,8192
15,layers.4.ff_linear1.bias,0.7979209423065186,128
15,layers.4.ff_linear2.weight,4.705767631530762,8192
15,layers.4.ff_linear2.bias,0.4024965763092041,64
15,layers.4.norm2.weight,8.009183883666992,64
15,layers.4.norm2.bias,0.04759613424539566,64
15,post_mp.rel_emb.weight,34.09247970581055,1152
15,post_mp.scorer.weight,0.554740846157074,128
15,post_mp.scorer.bias,0.021428005769848824,1
16,encoder.node_encoder.rel_emb.weight,34.64964294433594,1152
16,encoder.edge_encoder.emb.weight,33.89021682739258,1152
16,encoder.exp_edge_fixer.exp_edge_attr.weight,8.669381141662598,64
16,encoder.exp_edge_fixer.exp_edge_query_emb.weight,0.4065074622631073,1152
16,layers.0.models.0.self_attn.Q.weight,4.614953517913818,4096
16,layers.0.models.0.self_attn.K.weight,4.87609338760376,4096
16,layers.0.models.0.self_attn.E.weight,4.795951843261719,4096
16,layers.0.models.0.self_attn.V.weight,4.594080924987793,4096
16,layers.0.models.0.self_attn.V_gate.weight,4.601507186889648,4096
16,layers.0.models.0.self_attn.shared_rel_emb_table.weight,0.4031681418418884,1152
16,layers.0.models.0.self_attn.proj_q.weight,1.0690284967422485,4096
16,layers.0.models.0.self_attn.proj_k.weight,0.7782651782035828,4096
16,layers.0.models.0.self_attn.proj_e.weight,0.8012659549713135,4096
16,layers.0.models.0.self_attn.proj_vg.weight,0.6781790852546692,4096
16,layers.0.models.0.norm1_attn.weight,8.006141662597656,64
16,layers.0.models.0.norm1_attn.bias,0.053211040794849396,64
16,layers.0.ff_linear1.weight,6.676268100738525,8192
16,layers.0.ff_linear1.bias,0.7649872303009033,128
16,layers.0.ff_linear2.weight,4.790130138397217,8192
16,layers.0.ff_linear2.bias,0.3988461494445801,64
16,layers.0.norm2.weight,8.027292251586914,64
16,layers.0.norm2.bias,0.051392365247011185,64
16,layers.1.models.0.self_attn.Q.weight,4.654836177825928,4096
16,layers.1.models.0.self_attn.K.weight,4.875227451324463,4096
16,layers.1.models.0.self_attn.E.weight,4.811662673950195,4096
16,layers.1.models.0.self_attn.V.weight,4.728969573974609,4096
16,layers.1.models.0.self_attn.V_gate.weight,4.682302951812744,4096
16,layers.1.models.0.self_attn.shared_rel_emb_table.weight,0.7195228338241577,1152
16,layers.1.models.0.self_attn.proj_q.weight,1.7062875032424927,4096
16,layers.1.models.0.self_attn.proj_k.weight,0.9922695159912109,4096
16,layers.1.models.0.self_attn.proj_e.weight,1.248777151107788,4096
16,layers.1.models.0.self_attn.proj_vg.weight,1.2473011016845703,4096
16,layers.1.models.0.norm1_attn.weight,7.997008800506592,64
16,layers.1.models.0.norm1_attn.bias,0.02805783413350582,64
16,layers.1.ff_linear1.weight,6.553951263427734,8192
16,layers.1.ff_linear1.bias,0.7959505915641785,128
16,layers.1.ff_linear2.weight,4.752065181732178,8192
16,layers.1.ff_linear2.bias,0.4174838364124298,64
16,layers.1.norm2.weight,8.00425910949707,64
16,layers.1.norm2.bias,0.04186495766043663,64
16,layers.2.models.0.self_attn.Q.weight,4.68691349029541,4096
16,layers.2.models.0.self_attn.K.weight,4.7800612449646,4096
16,layers.2.models.0.self_attn.E.weight,4.800287246704102,4096
16,layers.2.models.0.self_attn.V.weight,4.669572830200195,4096
16,layers.2.models.0.self_attn.V_gate.weight,4.610997200012207,4096
16,layers.2.models.0.self_attn.shared_rel_emb_table.weight,0.7009093761444092,1152
16,layers.2.models.0.self_attn.proj_q.weight,1.4445006847381592,4096
16,layers.2.models.0.self_attn.proj_k.weight,0.9180135130882263,4096
16,layers.2.models.0.self_attn.proj_e.weight,0.9312094449996948,4096
16,layers.2.models.0.self_attn.proj_vg.weight,1.2221941947937012,4096
16,layers.2.models.0.norm1_attn.weight,8.006427764892578,64
16,layers.2.models.0.norm1_attn.bias,0.03703907132148743,64
16,layers.2.ff_linear1.weight,6.548214912414551,8192
16,layers.2.ff_linear1.bias,0.826779305934906,128
16,layers.2.ff_linear2.weight,4.692707061767578,8192
16,layers.2.ff_linear2.bias,0.41760945320129395,64
16,layers.2.norm2.weight,8.007122993469238,64
16,layers.2.norm2.bias,0.04397645592689514,64
16,layers.3.models.0.self_attn.Q.weight,4.662960052490234,4096
16,layers.3.models.0.self_attn.K.weight,4.81682825088501,4096
16,layers.3.models.0.self_attn.E.weight,4.776194095611572,4096
16,layers.3.models.0.self_attn.V.weight,4.691667556762695,4096
16,layers.3.models.0.self_attn.V_gate.weight,4.636999130249023,4096
16,layers.3.models.0.self_attn.shared_rel_emb_table.weight,0.7411205768585205,1152
16,layers.3.models.0.self_attn.proj_q.weight,1.356029748916626,4096
16,layers.3.models.0.self_attn.proj_k.weight,0.9728110432624817,4096
16,layers.3.models.0.self_attn.proj_e.weight,0.9552690982818604,4096
16,layers.3.models.0.self_attn.proj_vg.weight,1.26759934425354,4096
16,layers.3.models.0.norm1_attn.weight,8.004257202148438,64
16,layers.3.models.0.norm1_attn.bias,0.039183687418699265,64
16,layers.3.ff_linear1.weight,6.5818705558776855,8192
16,layers.3.ff_linear1.bias,0.7918371558189392,128
16,layers.3.ff_linear2.weight,4.686376571655273,8192
16,layers.3.ff_linear2.bias,0.42036759853363037,64
16,layers.3.norm2.weight,8.00454330444336,64
16,layers.3.norm2.bias,0.04644627496600151,64
16,layers.4.models.0.self_attn.Q.weight,4.665482997894287,4096
16,layers.4.models.0.self_attn.K.weight,4.822575569152832,4096
16,layers.4.models.0.self_attn.E.weight,4.874624252319336,4096
16,layers.4.models.0.self_attn.V.weight,4.723475933074951,4096
16,layers.4.models.0.self_attn.V_gate.weight,4.613005638122559,4096
16,layers.4.models.0.self_attn.shared_rel_emb_table.weight,0.6828991770744324,1152
16,layers.4.models.0.self_attn.proj_q.weight,1.413227915763855,4096
16,layers.4.models.0.self_attn.proj_k.weight,1.075263261795044,4096
16,layers.4.models.0.self_attn.proj_e.weight,1.0536097288131714,4096
16,layers.4.models.0.self_attn.proj_vg.weight,1.169479250907898,4096
16,layers.4.models.0.norm1_attn.weight,7.995275497436523,64
16,layers.4.models.0.norm1_attn.bias,0.07849594205617905,64
16,layers.4.ff_linear1.weight,6.566397666931152,8192
16,layers.4.ff_linear1.bias,0.7979909181594849,128
16,layers.4.ff_linear2.weight,4.710273265838623,8192
16,layers.4.ff_linear2.bias,0.40246984362602234,64
16,layers.4.norm2.weight,8.010488510131836,64
16,layers.4.norm2.bias,0.04807199910283089,64
16,post_mp.rel_emb.weight,34.09197235107422,1152
16,post_mp.scorer.weight,0.5556237697601318,128
16,post_mp.scorer.bias,0.021318580955266953,1
17,encoder.node_encoder.rel_emb.weight,34.649871826171875,1152
17,encoder.edge_encoder.emb.weight,33.893577575683594,1152
17,encoder.exp_edge_fixer.exp_edge_attr.weight,8.669381141662598,64
17,encoder.exp_edge_fixer.exp_edge_query_emb.weight,0.4095326364040375,1152
17,layers.0.models.0.self_attn.Q.weight,4.614950180053711,4096
17,layers.0.models.0.self_attn.K.weight,4.88139533996582,4096
17,layers.0.models.0.self_attn.E.weight,4.799895763397217,4096
17,layers.0.models.0.self_attn.V.weight,4.594403266906738,4096
17,layers.0.models.0.self_attn.V_gate.weight,4.601738929748535,4096
17,layers.0.models.0.self_attn.shared_rel_emb_table.weight,0.40673816204071045,1152
17,layers.0.models.0.self_attn.proj_q.weight,1.0792447328567505,4096
17,layers.0.models.0.self_attn.proj_k.weight,0.7822911143302917,4096
17,layers.0.models.0.self_attn.proj_e.weight,0.8046749234199524,4096
17,layers.0.models.0.self_attn.proj_vg.weight,0.6808016896247864,4096
17,layers.0.models.0.norm1_attn.weight,8.006319999694824,64
17,layers.0.models.0.norm1_attn.bias,0.0550796203315258,64
17,layers.0.ff_linear1.weight,6.682656288146973,8192
17,layers.0.ff_linear1.bias,0.7613898515701294,128
17,layers.0.ff_linear2.weight,4.79784631729126,8192
17,layers.0.ff_linear2.bias,0.3989937901496887,64
17,layers.0.norm2.weight,8.02877140045166,64
17,layers.0.norm2.bias,0.05238431692123413,64
17,layers.1.models.0.self_attn.Q.weight,4.656773567199707,4096
17,layers.1.models.0.self_attn.K.weight,4.888485431671143,4096
17,layers.1.models.0.self_attn.E.weight,4.825141906738281,4096
17,layers.1.models.0.self_attn.V.weight,4.732390880584717,4096
17,layers.1.models.0.self_attn.V_gate.weight,4.684113025665283,4096
17,layers.1.models.0.self_attn.shared_rel_emb_table.weight,0.7320919632911682,1152
17,layers.1.models.0.self_attn.proj_q.weight,1.749083399772644,4096
17,layers.1.models.0.self_attn.proj_k.weight,1.0091723203659058,4096
17,layers.1.models.0.self_attn.proj_e.weight,1.287058711051941,4096
17,layers.1.models.0.self_attn.proj_vg.weight,1.2599740028381348,4096
17,layers.1.models.0.norm1_attn.weight,7.996698379516602,64
17,layers.1.models.0.norm1_attn.bias,0.02855168841779232,64
17,layers.1.ff_linear1.weight,6.555741786956787,8192
17,layers.1.ff_linear1.bias,0.7958719730377197,128
17,layers.1.ff_linear2.weight,4.755568027496338,8192
17,layers.1.ff_linear2.bias,0.4172212779521942,64
17,layers.1.norm2.weight,8.004414558410645,64
17,layers.1.norm2.bias,0.04247961938381195,64
17,layers.2.models.0.self_attn.Q.weight,4.688640594482422,4096
17,layers.2.models.0.self_attn.K.weight,4.792367458343506,4096
17,layers.2.models.0.self_attn.E.weight,4.812843322753906,4096
17,layers.2.models.0.self_attn.V.weight,4.671088218688965,4096
17,layers.2.models.0.self_attn.V_gate.weight,4.611982345581055,4096
17,layers.2.models.0.self_attn.shared_rel_emb_table.weight,0.7148351669311523,1152
17,layers.2.models.0.self_attn.proj_q.weight,1.4896987676620483,4096
17,layers.2.models.0.self_attn.proj_k.weight,0.9449101686477661,4096
17,layers.2.models.0.self_attn.proj_e.weight,0.96532142162323,4096
17,layers.2.models.0.self_attn.proj_vg.weight,1.2384930849075317,4096
17,layers.2.models.0.norm1_attn.weight,8.006693840026855,64
17,layers.2.models.0.norm1_attn.bias,0.037790924310684204,64
17,layers.2.ff_linear1.weight,6.549458980560303,8192
17,layers.2.ff_linear1.bias,0.8265203833580017,128
17,layers.2.ff_linear2.weight,4.69438362121582,8192
17,layers.2.ff_linear2.bias,0.41777145862579346,64
17,layers.2.norm2.weight,8.007434844970703,64
17,layers.2.norm2.bias,0.044781025499105453,64
17,layers.3.models.0.self_attn.Q.weight,4.664828300476074,4096
17,layers.3.models.0.self_attn.K.weight,4.82950496673584,4096
17,layers.3.models.0.self_attn.E.weight,4.789353847503662,4096
17,layers.3.models.0.self_attn.V.weight,4.693503379821777,4096
17,layers.3.models.0.self_attn.V_gate.weight,4.637720584869385,4096
17,layers.3.models.0.self_attn.shared_rel_emb_table.weight,0.7554455399513245,1152
17,layers.3.models.0.self_attn.proj_q.weight,1.3978363275527954,4096
17,layers.3.models.0.self_attn.proj_k.weight,1.0014324188232422,4096
17,layers.3.models.0.self_attn.proj_e.weight,0.9786404371261597,4096
17,layers.3.models.0.self_attn.proj_vg.weight,1.2865581512451172,4096
17,layers.3.models.0.norm1_attn.weight,8.004286766052246,64
17,layers.3.models.0.norm1_attn.bias,0.04000777751207352,64
17,layers.3.ff_linear1.weight,6.583108425140381,8192
17,layers.3.ff_linear1.bias,0.7920398116111755,128
17,layers.3.ff_linear2.weight,4.688500881195068,8192
17,layers.3.ff_linear2.bias,0.42067810893058777,64
17,layers.3.norm2.weight,8.004880905151367,64
17,layers.3.norm2.bias,0.04729723930358887,64
17,layers.4.models.0.self_attn.Q.weight,4.668935775756836,4096
17,layers.4.models.0.self_attn.K.weight,4.83534574508667,4096
17,layers.4.models.0.self_attn.E.weight,4.889951229095459,4096
17,layers.4.models.0.self_attn.V.weight,4.7260894775390625,4096
17,layers.4.models.0.self_attn.V_gate.weight,4.615738868713379,4096
17,layers.4.models.0.self_attn.shared_rel_emb_table.weight,0.694832444190979,1152
17,layers.4.models.0.self_attn.proj_q.weight,1.4628463983535767,4096
17,layers.4.models.0.self_attn.proj_k.weight,1.1190402507781982,4096
17,layers.4.models.0.self_attn.proj_e.weight,1.0926117897033691,4096
17,layers.4.models.0.self_attn.proj_vg.weight,1.180392861366272,4096
17,layers.4.models.0.norm1_attn.weight,7.9950079917907715,64
17,layers.4.models.0.norm1_attn.bias,0.08072078227996826,64
17,layers.4.ff_linear1.weight,6.568294525146484,8192
17,layers.4.ff_linear1.bias,0.7982520461082458,128
17,layers.4.ff_linear2.weight,4.713887691497803,8192
17,layers.4.ff_linear2.bias,0.4026002585887909,64
17,layers.4.norm2.weight,8.011435508728027,64
17,layers.4.norm2.bias,0.04894711449742317,64
17,post_mp.rel_emb.weight,34.0915641784668,1152
17,post_mp.scorer.weight,0.5561963319778442,128
17,post_mp.scorer.bias,0.021343527361750603,1
18,encoder.node_encoder.rel_emb.weight,34.650054931640625,1152
18,encoder.edge_encoder.emb.weight,33.8963508605957,1152
18,encoder.exp_edge_fixer.exp_edge_attr.weight,8.669381141662598,64
18,encoder.exp_edge_fixer.exp_edge_query_emb.weight,0.41192445158958435,1152
18,layers.0.models.0.self_attn.Q.weight,4.614951133728027,4096
18,layers.0.models.0.self_attn.K.weight,4.886191368103027,4096
18,layers.0.models.0.self_attn.E.weight,4.803704261779785,4096
18,layers.0.models.0.self_attn.V.weight,4.594594478607178,4096
18,layers.0.models.0.self_attn.V_gate.weight,4.601903915405273,4096
18,layers.0.models.0.self_attn.shared_rel_emb_table.weight,0.40970706939697266,1152
18,layers.0.models.0.self_attn.proj_q.weight,1.0881175994873047,4096
18,layers.0.models.0.self_attn.proj_k.weight,0.7849168181419373,4096
18,layers.0.models.0.self_attn.proj_e.weight,0.8075035810470581,4096
18,layers.0.models.0.self_attn.proj_vg.weight,0.6828852891921997,4096
18,layers.0.models.0.norm1_attn.weight,8.006501197814941,64
18,layers.0.models.0.norm1_attn.bias,0.056655403226614,64
18,layers.0.ff_linear1.weight,6.688387870788574,8192
18,layers.0.ff_linear1.bias,0.7583426237106323,128
18,layers.0.ff_linear2.weight,4.804867267608643,8192
18,layers.0.ff_linear2.bias,0.3991799056529999,64
18,layers.0.norm2.weight,8.02997875213623,64
18,layers.0.norm2.bias,0.05314706265926361,64
18,layers.1.models.0.self_attn.Q.weight,4.6583380699157715,4096
18,layers.1.models.0.self_attn.K.weight,4.899817943572998,4096
18,layers.1.models.0.self_attn.E.weight,4.836535930633545,4096
18,layers.1.models.0.self_attn.V.weight,4.735330104827881,4096
18,layers.1.models.0.self_attn.V_gate.weight,4.68563985824585,4096
18,layers.1.models.0.self_attn.shared_rel_emb_table.weight,0.7428009510040283,1152
18,layers.1.models.0.self_attn.proj_q.weight,1.7846136093139648,4096
18,layers.1.models.0.self_attn.proj_k.weight,1.025044322013855,4096
18,layers.1.models.0.self_attn.proj_e.weight,1.32133150100708,4096
18,layers.1.models.0.self_attn.proj_vg.weight,1.270007610321045,4096
18,layers.1.models.0.norm1_attn.weight,7.996495723724365,64
18,layers.1.models.0.norm1_attn.bias,0.028778916224837303,64
18,layers.1.ff_linear1.weight,6.55750846862793,8192
18,layers.1.ff_linear1.bias,0.7960865497589111,128
18,layers.1.ff_linear2.weight,4.758877277374268,8192
18,layers.1.ff_linear2.bias,0.416878342628479,64
18,layers.1.norm2.weight,8.004569053649902,64
18,layers.1.norm2.bias,0.043079789727926254,64
18,layers.2.models.0.self_attn.Q.weight,4.69035530090332,4096
18,layers.2.models.0.self_attn.K.weight,4.802813529968262,4096
18,layers.2.models.0.self_attn.E.weight,4.823704242706299,4096
18,layers.2.models.0.self_attn.V.weight,4.672542095184326,4096
18,layers.2.models.0.self_attn.V_gate.weight,4.6128973960876465,4096
18,layers.2.models.0.self_attn.shared_rel_emb_table.weight,0.7260499000549316,1152
18,layers.2.models.0.self_attn.proj_q.weight,1.5269334316253662,4096
18,layers.2.models.0.self_attn.proj_k.weight,0.9688876867294312,4096
18,layers.2.models.0.self_attn.proj_e.weight,0.9920470118522644,4096
18,layers.2.models.0.self_attn.proj_vg.weight,1.2506444454193115,4096
18,layers.2.models.0.norm1_attn.weight,8.006827354431152,64
18,layers.2.models.0.norm1_attn.bias,0.03827960416674614,64
18,layers.2.ff_linear1.weight,6.55087947845459,8192
18,layers.2.ff_linear1.bias,0.8262913227081299,128
18,layers.2.ff_linear2.weight,4.696347236633301,8192
18,layers.2.ff_linear2.bias,0.4176734983921051,64
18,layers.2.norm2.weight,8.007676124572754,64
18,layers.2.norm2.bias,0.04548732191324234,64
18,layers.3.models.0.self_attn.Q.weight,4.666764736175537,4096
18,layers.3.models.0.self_attn.K.weight,4.839138031005859,4096
18,layers.3.models.0.self_attn.E.weight,4.799403667449951,4096
18,layers.3.models.0.self_attn.V.weight,4.69492769241333,4096
18,layers.3.models.0.self_attn.V_gate.weight,4.638350963592529,4096
18,layers.3.models.0.self_attn.shared_rel_emb_table.weight,0.7663589715957642,1152
18,layers.3.models.0.self_attn.proj_q.weight,1.4271951913833618,4096
18,layers.3.models.0.self_attn.proj_k.weight,1.022480845451355,4096
18,layers.3.models.0.self_attn.proj_e.weight,0.9937624335289001,4096
18,layers.3.models.0.self_attn.proj_vg.weight,1.3008266687393188,4096
18,layers.3.models.0.norm1_attn.weight,8.00442123413086,64
18,layers.3.models.0.norm1_attn.bias,0.04063931480050087,64
18,layers.3.ff_linear1.weight,6.5843729972839355,8192
18,layers.3.ff_linear1.bias,0.7917836904525757,128
18,layers.3.ff_linear2.weight,4.690512180328369,8192
18,layers.3.ff_linear2.bias,0.42040157318115234,64
18,layers.3.norm2.weight,8.005278587341309,64
18,layers.3.norm2.bias,0.048072151839733124,64
18,layers.4.models.0.self_attn.Q.weight,4.67163610458374,4096
18,layers.4.models.0.self_attn.K.weight,4.8472185134887695,4096
18,layers.4.models.0.self_attn.E.weight,4.903726577758789,4096
18,layers.4.models.0.self_attn.V.weight,4.72811222076416,4096
18,layers.4.models.0.self_attn.V_gate.weight,4.617837905883789,4096
18,layers.4.models.0.self_attn.shared_rel_emb_table.weight,0.7060606479644775,1152
18,layers.4.models.0.self_attn.proj_q.weight,1.509871482849121,4096
18,layers.4.models.0.self_attn.proj_k.weight,1.1616039276123047,4096
18,layers.4.models.0.self_attn.proj_e.weight,1.127715826034546,4096
18,layers.4.models.0.self_attn.proj_vg.weight,1.186617136001587,4096
18,layers.4.models.0.norm1_attn.weight,7.994859218597412,64
18,layers.4.models.0.norm1_attn.bias,0.08251620829105377,64
18,layers.4.ff_linear1.weight,6.570046424865723,8192
18,layers.4.ff_linear1.bias,0.7989086508750916,128
18,layers.4.ff_linear2.weight,4.716845989227295,8192
18,layers.4.ff_linear2.bias,0.40233153104782104,64
18,layers.4.norm2.weight,8.012520790100098,64
18,layers.4.norm2.bias,0.04911515489220619,64
18,post_mp.rel_emb.weight,34.091163635253906,1152
18,post_mp.scorer.weight,0.5568959712982178,128
18,post_mp.scorer.bias,0.021215220913290977,1
19,encoder.node_encoder.rel_emb.weight,34.65030288696289,1152
19,encoder.edge_encoder.emb.weight,33.898887634277344,1152
19,encoder.exp_edge_fixer.exp_edge_attr.weight,8.669381141662598,64
19,encoder.exp_edge_fixer.exp_edge_query_emb.weight,0.41408368945121765,1152
19,layers.0.models.0.self_attn.Q.weight,4.6149444580078125,4096
19,layers.0.models.0.self_attn.K.weight,4.889608860015869,4096
19,layers.0.models.0.self_attn.E.weight,4.806168556213379,4096
19,layers.0.models.0.self_attn.V.weight,4.594770908355713,4096
19,layers.0.models.0.self_attn.V_gate.weight,4.602001190185547,4096
19,layers.0.models.0.self_attn.shared_rel_emb_table.weight,0.4122428596019745,1152
19,layers.0.models.0.self_attn.proj_q.weight,1.0941135883331299,4096
19,layers.0.models.0.self_attn.proj_k.weight,0.7864688038825989,4096
19,layers.0.models.0.self_attn.proj_e.weight,0.8091885447502136,4096
19,layers.0.models.0.self_attn.proj_vg.weight,0.6847937703132629,4096
19,layers.0.models.0.norm1_attn.weight,8.00661849975586,64
19,layers.0.models.0.norm1_attn.bias,0.057996030896902084,64
19,layers.0.ff_linear1.weight,6.692950248718262,8192
19,layers.0.ff_linear1.bias,0.7559118270874023,128
19,layers.0.ff_linear2.weight,4.810441017150879,8192
19,layers.0.ff_linear2.bias,0.3993307054042816,64
19,layers.0.norm2.weight,8.030964851379395,64
19,layers.0.norm2.bias,0.05390452966094017,64
19,layers.1.models.0.self_attn.Q.weight,4.659878730773926,4096
19,layers.1.models.0.self_attn.K.weight,4.9087443351745605,4096
19,layers.1.models.0.self_attn.E.weight,4.845495700836182,4096
19,layers.1.models.0.self_attn.V.weight,4.737905025482178,4096
19,layers.1.models.0.self_attn.V_gate.weight,4.686935901641846,4096
19,layers.1.models.0.self_attn.shared_rel_emb_table.weight,0.7516329884529114,1152
19,layers.1.models.0.self_attn.proj_q.weight,1.8116310834884644,4096
19,layers.1.models.0.self_attn.proj_k.weight,1.0366920232772827,4096
19,layers.1.models.0.self_attn.proj_e.weight,1.345080018043518,4096
19,layers.1.models.0.self_attn.proj_vg.weight,1.2780861854553223,4096
19,layers.1.models.0.norm1_attn.weight,7.9963459968566895,64
19,layers.1.models.0.norm1_attn.bias,0.02926345355808735,64
19,layers.1.ff_linear1.weight,6.558727741241455,8192
19,layers.1.ff_linear1.bias,0.7960132956504822,128
19,layers.1.ff_linear2.weight,4.7611589431762695,8192
19,layers.1.ff_linear2.bias,0.4168359637260437,64
19,layers.1.norm2.weight,8.00469970703125,64
19,layers.1.norm2.bias,0.04374631494283676,64
19,layers.2.models.0.self_attn.Q.weight,4.69150447845459,4096
19,layers.2.models.0.self_attn.K.weight,4.810871601104736,4096
19,layers.2.models.0.self_attn.E.weight,4.83186674118042,4096
19,layers.2.models.0.self_attn.V.weight,4.673742771148682,4096
19,layers.2.models.0.self_attn.V_gate.weight,4.61372709274292,4096
19,layers.2.models.0.self_attn.shared_rel_emb_table.weight,0.7352767586708069,1152
19,layers.2.models.0.self_attn.proj_q.weight,1.5542784929275513,4096
19,layers.2.models.0.self_attn.proj_k.weight,0.9880117774009705,4096
19,layers.2.models.0.self_attn.proj_e.weight,1.0153837203979492,4096
19,layers.2.models.0.self_attn.proj_vg.weight,1.260996699333191,4096
19,layers.2.models.0.norm1_attn.weight,8.006977081298828,64
19,layers.2.models.0.norm1_attn.bias,0.03901877626776695,64
19,layers.2.ff_linear1.weight,6.551975727081299,8192
19,layers.2.ff_linear1.bias,0.8260184526443481,128
19,layers.2.ff_linear2.weight,4.697956562042236,8192
19,layers.2.ff_linear2.bias,0.41775619983673096,64
19,layers.2.norm2.weight,8.007879257202148,64
19,layers.2.norm2.bias,0.046292632818222046,64
19,layers.3.models.0.self_attn.Q.weight,4.668471813201904,4096
19,layers.3.models.0.self_attn.K.weight,4.847332000732422,4096
19,layers.3.models.0.self_attn.E.weight,4.807853698730469,4096
19,layers.3.models.0.self_attn.V.weight,4.696199893951416,4096
19,layers.3.models.0.self_attn.V_gate.weight,4.638894557952881,4096
19,layers.3.models.0.self_attn.shared_rel_emb_table.weight,0.7758034467697144,1152
19,layers.3.models.0.self_attn.proj_q.weight,1.452254056930542,4096
19,layers.3.models.0.self_attn.proj_k.weight,1.0391372442245483,4096
19,layers.3.models.0.self_attn.proj_e.weight,1.0053331851959229,4096
19,layers.3.models.0.self_attn.proj_vg.weight,1.3125396966934204,4096
19,layers.3.models.0.norm1_attn.weight,8.004440307617188,64
19,layers.3.models.0.norm1_attn.bias,0.041325248777866364,64
19,layers.3.ff_linear1.weight,6.585622310638428,8192
19,layers.3.ff_linear1.bias,0.7916713953018188,128
19,layers.3.ff_linear2.weight,4.692338466644287,8192
19,layers.3.ff_linear2.bias,0.4204622805118561,64
19,layers.3.norm2.weight,8.005666732788086,64
19,layers.3.norm2.bias,0.04868011549115181,64
19,layers.4.models.0.self_attn.Q.weight,4.674247741699219,4096
19,layers.4.models.0.self_attn.K.weight,4.858155250549316,4096
19,layers.4.models.0.self_attn.E.weight,4.9165520668029785,4096
19,layers.4.models.0.self_attn.V.weight,4.72997522354126,4096
19,layers.4.models.0.self_attn.V_gate.weight,4.619544506072998,4096
19,layers.4.models.0.self_attn.shared_rel_emb_table.weight,0.7179050445556641,1152
19,layers.4.models.0.self_attn.proj_q.weight,1.5538477897644043,4096
19,layers.4.models.0.self_attn.proj_k.weight,1.2028166055679321,4096
19,layers.4.models.0.self_attn.proj_e.weight,1.158929705619812,4096
19,layers.4.models.0.self_attn.proj_vg.weight,1.1925384998321533,4096
19,layers.4.models.0.norm1_attn.weight,7.994736671447754,64
19,layers.4.models.0.norm1_attn.bias,0.08413856476545334,64
19,layers.4.ff_linear1.weight,6.571578025817871,8192
19,layers.4.ff_linear1.bias,0.7989391088485718,128
19,layers.4.ff_linear2.weight,4.719595432281494,8192
19,layers.4.ff_linear2.bias,0.40236902236938477,64
19,layers.4.norm2.weight,8.013291358947754,64
19,layers.4.norm2.bias,0.04965849965810776,64
19,post_mp.rel_emb.weight,34.09081268310547,1152
19,post_mp.scorer.weight,0.5574396252632141,128
19,post_mp.scorer.bias,0.021212412044405937,1
20,encoder.node_encoder.rel_emb.weight,34.65037536621094,1152
20,encoder.edge_encoder.emb.weight,33.900840759277344,1152
20,encoder.exp_edge_fixer.exp_edge_attr.weight,8.669381141662598,64
20,encoder.exp_edge_fixer.exp_edge_query_emb.weight,0.4157261550426483,1152
20,layers.0.models.0.self_attn.Q.weight,4.614939212799072,4096
20,layers.0.models.0.self_attn.K.weight,4.8929443359375,4096
20,layers.0.models.0.self_attn.E.weight,4.80864143371582,4096
20,layers.0.models.0.self_attn.V.weight,4.594892501831055,4096
20,layers.0.models.0.self_attn.V_gate.weight,4.60195255279541,4096
20,layers.0.models.0.self_attn.shared_rel_emb_table.weight,0.4145568311214447,1152
20,layers.0.models.0.self_attn.proj_q.weight,1.1002296209335327,4096
20,layers.0.models.0.self_attn.proj_k.weight,0.7882352471351624,4096
20,layers.0.models.0.self_attn.proj_e.weight,0.8115695118904114,4096
20,layers.0.models.0.self_attn.proj_vg.weight,0.6863836050033569,4096
20,layers.0.models.0.norm1_attn.weight,8.006660461425781,64
20,layers.0.models.0.norm1_attn.bias,0.059218745678663254,64
20,layers.0.ff_linear1.weight,6.69735050201416,8192
20,layers.0.ff_linear1.bias,0.7532511353492737,128
20,layers.0.ff_linear2.weight,4.816051483154297,8192
20,layers.0.ff_linear2.bias,0.39949631690979004,64
20,layers.0.norm2.weight,8.031792640686035,64
20,layers.0.norm2.bias,0.054341547191143036,64
20,layers.1.models.0.self_attn.Q.weight,4.660937786102295,4096
20,layers.1.models.0.self_attn.K.weight,4.915737152099609,4096
20,layers.1.models.0.self_attn.E.weight,4.852305889129639,4096
20,layers.1.models.0.self_attn.V.weight,4.739915370941162,4096
20,layers.1.models.0.self_attn.V_gate.weight,4.687961101531982,4096
20,layers.1.models.0.self_attn.shared_rel_emb_table.weight,0.7582204341888428,1152
20,layers.1.models.0.self_attn.proj_q.weight,1.8318225145339966,4096
20,layers.1.models.0.self_attn.proj_k.weight,1.0464003086090088,4096
20,layers.1.models.0.self_attn.proj_e.weight,1.3626742362976074,4096
20,layers.1.models.0.self_attn.proj_vg.weight,1.2828238010406494,4096
20,layers.1.models.0.norm1_attn.weight,7.996193885803223,64
20,layers.1.models.0.norm1_attn.bias,0.02951880171895027,64
20,layers.1.ff_linear1.weight,6.559818744659424,8192
20,layers.1.ff_linear1.bias,0.7961161136627197,128
20,layers.1.ff_linear2.weight,4.763257026672363,8192
20,layers.1.ff_linear2.bias,0.4165932238101959,64
20,layers.1.norm2.weight,8.004802703857422,64
20,layers.1.norm2.bias,0.04416195675730705,64
20,layers.2.models.0.self_attn.Q.weight,4.692461967468262,4096
20,layers.2.models.0.self_attn.K.weight,4.81743860244751,4096
20,layers.2.models.0.self_attn.E.weight,4.838645935058594,4096
20,layers.2.models.0.self_attn.V.weight,4.674655437469482,4096
20,layers.2.models.0.self_attn.V_gate.weight,4.614322662353516,4096
20,layers.2.models.0.self_attn.shared_rel_emb_table.weight,0.742544412612915,1152
20,layers.2.models.0.self_attn.proj_q.weight,1.5760548114776611,4096
20,layers.2.models.0.self_attn.proj_k.weight,1.0024151802062988,4096
20,layers.2.models.0.self_attn.proj_e.weight,1.033638596534729,4096
20,layers.2.models.0.self_attn.proj_vg.weight,1.2686456441879272,4096
20,layers.2.models.0.norm1_attn.weight,8.00717830657959,64
20,layers.2.models.0.norm1_attn.bias,0.039251141250133514,64
20,layers.2.ff_linear1.weight,6.552846908569336,8192
20,layers.2.ff_linear1.bias,0.8259148597717285,128
20,layers.2.ff_linear2.weight,4.699103832244873,8192
20,layers.2.ff_linear2.bias,0.41782209277153015,64
20,layers.2.norm2.weight,8.008065223693848,64
20,layers.2.norm2.bias,0.0465649776160717,64
20,layers.3.models.0.self_attn.Q.weight,4.669775485992432,4096
20,layers.3.models.0.self_attn.K.weight,4.8526611328125,4096
20,layers.3.models.0.self_attn.E.weight,4.8135857582092285,4096
20,layers.3.models.0.self_attn.V.weight,4.6971964836120605,4096
20,layers.3.models.0.self_attn.V_gate.weight,4.639348030090332,4096
20,layers.3.models.0.self_attn.shared_rel_emb_table.weight,0.7827900648117065,1152
20,layers.3.models.0.self_attn.proj_q.weight,1.4681527614593506,4096
20,layers.3.models.0.self_attn.proj_k.weight,1.0491933822631836,4096
20,layers.3.models.0.self_attn.proj_e.weight,1.0134305953979492,4096
20,layers.3.models.0.self_attn.proj_vg.weight,1.320958137512207,4096
20,layers.3.models.0.norm1_attn.weight,8.00448226928711,64
20,layers.3.models.0.norm1_attn.bias,0.04156392067670822,64
20,layers.3.ff_linear1.weight,6.586569786071777,8192
20,layers.3.ff_linear1.bias,0.7915031313896179,128
20,layers.3.ff_linear2.weight,4.693819522857666,8192
20,layers.3.ff_linear2.bias,0.420372873544693,64
20,layers.3.norm2.weight,8.006062507629395,64
20,layers.3.norm2.bias,0.048935241997241974,64
20,layers.4.models.0.self_attn.Q.weight,4.675992012023926,4096
20,layers.4.models.0.self_attn.K.weight,4.867304801940918,4096
20,layers.4.models.0.self_attn.E.weight,4.926955699920654,4096
20,layers.4.models.0.self_attn.V.weight,4.731479644775391,4096
20,layers.4.models.0.self_attn.V_gate.weight,4.621177673339844,4096
20,layers.4.models.0.self_attn.shared_rel_emb_table.weight,0.7280716896057129,1152
20,layers.4.models.0.self_attn.proj_q.weight,1.5907715559005737,4096
20,layers.4.models.0.self_attn.proj_k.weight,1.2415344715118408,4096
20,layers.4.models.0.self_attn.proj_e.weight,1.187251329421997,4096
20,layers.4.models.0.self_attn.proj_vg.weight,1.1943427324295044,4096
20,layers.4.models.0.norm1_attn.weight,7.994675636291504,64
20,layers.4.models.0.norm1_attn.bias,0.08522345870733261,64
20,layers.4.ff_linear1.weight,6.572786331176758,8192
20,layers.4.ff_linear1.bias,0.7988919019699097,128
20,layers.4.ff_linear2.weight,4.721759796142578,8192
20,layers.4.ff_linear2.bias,0.4023967385292053,64
20,layers.4.norm2.weight,8.013875007629395,64
20,layers.4.norm2.bias,0.049741193652153015,64
20,post_mp.rel_emb.weight,34.090641021728516,1152
20,post_mp.scorer.weight,0.5577828288078308,128
20,post_mp.scorer.bias,0.021103138104081154,1
21,encoder.node_encoder.rel_emb.weight,34.650535583496094,1152
21,encoder.edge_encoder.emb.weight,33.90260696411133,1152
21,encoder.exp_edge_fixer.exp_edge_attr.weight,8.669381141662598,64
21,encoder.exp_edge_fixer.exp_edge_query_emb.weight,0.4169589877128601,1152
21,layers.0.models.0.self_attn.Q.weight,4.614933490753174,4096
21,layers.0.models.0.self_attn.K.weight,4.8953046798706055,4096
21,layers.0.models.0.self_attn.E.weight,4.810405254364014,4096
21,layers.0.models.0.self_attn.V.weight,4.594985485076904,4096
21,layers.0.models.0.self_attn.V_gate.weight,4.602031707763672,4096
21,layers.0.models.0.self_attn.shared_rel_emb_table.weight,0.41627660393714905,1152
21,layers.0.models.0.self_attn.proj_q.weight,1.1049517393112183,4096
21,layers.0.models.0.self_attn.proj_k.weight,0.7894050478935242,4096
21,layers.0.models.0.self_attn.proj_e.weight,0.8126728534698486,4096
21,layers.0.models.0.self_attn.proj_vg.weight,0.6875817179679871,4096
21,layers.0.models.0.norm1_attn.weight,8.006755828857422,64
21,layers.0.models.0.norm1_attn.bias,0.06028502807021141,64
21,layers.0.ff_linear1.weight,6.7007060050964355,8192
21,layers.0.ff_linear1.bias,0.7511855363845825,128
21,layers.0.ff_linear2.weight,4.820233345031738,8192
21,layers.0.ff_linear2.bias,0.39962562918663025,64
21,layers.0.norm2.weight,8.032405853271484,64
21,layers.0.norm2.bias,0.05483784154057503,64
21,layers.1.models.0.self_attn.Q.weight,4.661921977996826,4096
21,layers.1.models.0.self_attn.K.weight,4.921054363250732,4096
21,layers.1.models.0.self_attn.E.weight,4.857489585876465,4096
21,layers.1.models.0.self_attn.V.weight,4.74170446395874,4096
21,layers.1.models.0.self_attn.V_gate.weight,4.688797473907471,4096
21,layers.1.models.0.self_attn.shared_rel_emb_table.weight,0.7634093761444092,1152
21,layers.1.models.0.self_attn.proj_q.weight,1.8477178812026978,4096
21,layers.1.models.0.self_attn.proj_k.weight,1.0547082424163818,4096
21,layers.1.models.0.self_attn.proj_e.weight,1.3786280155181885,4096
21,layers.1.models.0.self_attn.proj_vg.weight,1.2863733768463135,4096
21,layers.1.models.0.norm1_attn.weight,7.995996952056885,64
21,layers.1.models.0.norm1_attn.bias,0.029806112870573997,64
21,layers.1.ff_linear1.weight,6.5606889724731445,8192
21,layers.1.ff_linear1.bias,0.7961982488632202,128
21,layers.1.ff_linear2.weight,4.764912128448486,8192
21,layers.1.ff_linear2.bias,0.4165304899215698,64
21,layers.1.norm2.weight,8.00483512878418,64
21,layers.1.norm2.bias,0.04458111152052879,64
21,layers.2.models.0.self_attn.Q.weight,4.6933746337890625,4096
21,layers.2.models.0.self_attn.K.weight,4.822976112365723,4096
21,layers.2.models.0.self_attn.E.weight,4.844354629516602,4096
21,layers.2.models.0.self_attn.V.weight,4.675511837005615,4096
21,layers.2.models.0.self_attn.V_gate.weight,4.61477518081665,4096
21,layers.2.models.0.self_attn.shared_rel_emb_table.weight,0.7481064200401306,1152
21,layers.2.models.0.self_attn.proj_q.weight,1.5941944122314453,4096
21,layers.2.models.0.self_attn.proj_k.weight,1.0136581659317017,4096
21,layers.2.models.0.self_attn.proj_e.weight,1.0464264154434204,4096
21,layers.2.models.0.self_attn.proj_vg.weight,1.2747383117675781,4096
21,layers.2.models.0.norm1_attn.weight,8.007246971130371,64
21,layers.2.models.0.norm1_attn.bias,0.039778128266334534,64
21,layers.2.ff_linear1.weight,6.553627014160156,8192
21,layers.2.ff_linear1.bias,0.8258023262023926,128
21,layers.2.ff_linear2.weight,4.700320720672607,8192
21,layers.2.ff_linear2.bias,0.4178263247013092,64
21,layers.2.norm2.weight,8.008150100708008,64
21,layers.2.norm2.bias,0.04708530753850937,64
21,layers.3.models.0.self_attn.Q.weight,4.6709675788879395,4096
21,layers.3.models.0.self_attn.K.weight,4.857433795928955,4096
21,layers.3.models.0.self_attn.E.weight,4.8186845779418945,4096
21,layers.3.models.0.self_attn.V.weight,4.697977542877197,4096
21,layers.3.models.0.self_attn.V_gate.weight,4.639712333679199,4096
21,layers.3.models.0.self_attn.shared_rel_emb_table.weight,0.7888071537017822,1152
21,layers.3.models.0.self_attn.proj_q.weight,1.4823646545410156,4096
21,layers.3.models.0.self_attn.proj_k.weight,1.059190034866333,4096
21,layers.3.models.0.self_attn.proj_e.weight,1.020851969718933,4096
21,layers.3.models.0.self_attn.proj_vg.weight,1.3281663656234741,4096
21,layers.3.models.0.norm1_attn.weight,8.004469871520996,64
21,layers.3.models.0.norm1_attn.bias,0.042151980102062225,64
21,layers.3.ff_linear1.weight,6.5875349044799805,8192
21,layers.3.ff_linear1.bias,0.7914443612098694,128
21,layers.3.ff_linear2.weight,4.695075511932373,8192
21,layers.3.ff_linear2.bias,0.42046108841896057,64
21,layers.3.norm2.weight,8.006325721740723,64
21,layers.3.norm2.bias,0.04951915889978409,64
21,layers.4.models.0.self_attn.Q.weight,4.677896022796631,4096
21,layers.4.models.0.self_attn.K.weight,4.87499475479126,4096
21,layers.4.models.0.self_attn.E.weight,4.935622692108154,4096
21,layers.4.models.0.self_attn.V.weight,4.732494354248047,4096
21,layers.4.models.0.self_attn.V_gate.weight,4.6222243309021,4096
21,layers.4.models.0.self_attn.shared_rel_emb_table.weight,0.7368668913841248,1152
21,layers.4.models.0.self_attn.proj_q.weight,1.6207146644592285,4096
21,layers.4.models.0.self_attn.proj_k.weight,1.2740569114685059,4096
21,layers.4.models.0.self_attn.proj_e.weight,1.2071552276611328,4096
21,layers.4.models.0.self_attn.proj_vg.weight,1.1956771612167358,4096
21,layers.4.models.0.norm1_attn.weight,7.994527816772461,64
21,layers.4.models.0.norm1_attn.bias,0.0863681361079216,64
21,layers.4.ff_linear1.weight,6.5737786293029785,8192
21,layers.4.ff_linear1.bias,0.7988672256469727,128
21,layers.4.ff_linear2.weight,4.723504543304443,8192
21,layers.4.ff_linear2.bias,0.4022722542285919,64
21,layers.4.norm2.weight,8.014718055725098,64
21,layers.4.norm2.bias,0.05024033412337303,64
21,post_mp.rel_emb.weight,34.09049606323242,1152
21,post_mp.scorer.weight,0.5583814978599548,128
21,post_mp.scorer.bias,0.02112458646297455,1
22,encoder.node_encoder.rel_emb.weight,34.650638580322266,1152
22,encoder.edge_encoder.emb.weight,33.904029846191406,1152
22,encoder.exp_edge_fixer.exp_edge_attr.weight,8.669381141662598,64
22,encoder.exp_edge_fixer.exp_edge_query_emb.weight,0.41812941431999207,1152
22,layers.0.models.0.self_attn.Q.weight,4.614932060241699,4096
22,layers.0.models.0.self_attn.K.weight,4.897459983825684,4096
22,layers.0.models.0.self_attn.E.weight,4.812000751495361,4096
22,layers.0.models.0.self_attn.V.weight,4.5949835777282715,4096
22,layers.0.models.0.self_attn.V_gate.weight,4.602025985717773,4096
22,layers.0.models.0.self_attn.shared_rel_emb_table.weight,0.4175521433353424,1152
22,layers.0.models.0.self_attn.proj_q.weight,1.1089037656784058,4096
22,layers.0.models.0.self_attn.proj_k.weight,0.7904749512672424,4096
22,layers.0.models.0.self_attn.proj_e.weight,0.8132314682006836,4096
22,layers.0.models.0.self_attn.proj_vg.weight,0.6884402632713318,4096
22,layers.0.models.0.norm1_attn.weight,8.006695747375488,64
22,layers.0.models.0.norm1_attn.bias,0.061078641563653946,64
22,layers.0.ff_linear1.weight,6.7035346031188965,8192
22,layers.0.ff_linear1.bias,0.749605655670166,128
22,layers.0.ff_linear2.weight,4.823603630065918,8192
22,layers.0.ff_linear2.bias,0.39964666962623596,64
22,layers.0.norm2.weight,8.033092498779297,64
22,layers.0.norm2.bias,0.05504253879189491,64
22,layers.1.models.0.self_attn.Q.weight,4.662631988525391,4096
22,layers.1.models.0.self_attn.K.weight,4.925971508026123,4096
22,layers.1.models.0.self_attn.E.weight,4.8621416091918945,4096
22,layers.1.models.0.self_attn.V.weight,4.7431721687316895,4096
22,layers.1.models.0.self_attn.V_gate.weight,4.6896257400512695,4096
22,layers.1.models.0.self_attn.shared_rel_emb_table.weight,0.7682549357414246,1152
22,layers.1.models.0.self_attn.proj_q.weight,1.8619599342346191,4096
22,layers.1.models.0.self_attn.proj_k.weight,1.0620644092559814,4096
22,layers.1.models.0.self_attn.proj_e.weight,1.3930869102478027,4096
22,layers.1.models.0.self_attn.proj_vg.weight,1.289498209953308,4096
22,layers.1.models.0.norm1_attn.weight,7.995891571044922,64
22,layers.1.models.0.norm1_attn.bias,0.02991267666220665,64
22,layers.1.ff_linear1.weight,6.561576843261719,8192
22,layers.1.ff_linear1.bias,0.7962867617607117,128
22,layers.1.ff_linear2.weight,4.766493320465088,8192
22,layers.1.ff_linear2.bias,0.41644951701164246,64
22,layers.1.norm2.weight,8.004924774169922,64
22,layers.1.norm2.bias,0.0447751060128212,64
22,layers.2.models.0.self_attn.Q.weight,4.69428014755249,4096
22,layers.2.models.0.self_attn.K.weight,4.827452659606934,4096
22,layers.2.models.0.self_attn.E.weight,4.848876953125,4096
22,layers.2.models.0.self_attn.V.weight,4.676266193389893,4096
22,layers.2.models.0.self_attn.V_gate.weight,4.615311145782471,4096
22,layers.2.models.0.self_attn.shared_rel_emb_table.weight,0.7526426315307617,1152
22,layers.2.models.0.self_attn.proj_q.weight,1.6083542108535767,4096
22,layers.2.models.0.self_attn.proj_k.weight,1.0217293500900269,4096
22,layers.2.models.0.self_attn.proj_e.weight,1.0573023557662964,4096
22,layers.2.models.0.self_attn.proj_vg.weight,1.2797664403915405,4096
22,layers.2.models.0.norm1_attn.weight,8.007347106933594,64
22,layers.2.models.0.norm1_attn.bias,0.04001985490322113,64
22,layers.2.ff_linear1.weight,6.554377555847168,8192
22,layers.2.ff_linear1.bias,0.825657308101654,128
22,layers.2.ff_linear2.weight,4.701173305511475,8192
22,layers.2.ff_linear2.bias,0.4179200530052185,64
22,layers.2.norm2.weight,8.008269309997559,64
22,layers.2.norm2.bias,0.047408927232027054,64
22,layers.3.models.0.self_attn.Q.weight,4.671976089477539,4096
22,layers.3.models.0.self_attn.K.weight,4.860976696014404,4096
22,layers.3.models.0.self_attn.E.weight,4.822506904602051,4096
22,layers.3.models.0.self_attn.V.weight,4.698644638061523,4096
22,layers.3.models.0.self_attn.V_gate.weight,4.640022277832031,4096
22,layers.3.models.0.self_attn.shared_rel_emb_table.weight,0.7934070229530334,1152
22,layers.3.models.0.self_attn.proj_q.weight,1.4929523468017578,4096
22,layers.3.models.0.self_attn.proj_k.weight,1.064577579498291,4096
22,layers.3.models.0.self_attn.proj_e.weight,1.0263389348983765,4096
22,layers.3.models.0.self_attn.proj_vg.weight,1.3339101076126099,4096
22,layers.3.models.0.norm1_attn.weight,8.004456520080566,64
22,layers.3.models.0.norm1_attn.bias,0.04253336042165756,64
22,layers.3.ff_linear1.weight,6.588211536407471,8192
22,layers.3.ff_linear1.bias,0.791429340839386,128
22,layers.3.ff_linear2.weight,4.696061134338379,8192
22,layers.3.ff_linear2.bias,0.42047885060310364,64
22,layers.3.norm2.weight,8.006579399108887,64
22,layers.3.norm2.bias,0.049910563975572586,64
22,layers.4.models.0.self_attn.Q.weight,4.67920446395874,4096
22,layers.4.models.0.self_attn.K.weight,4.881139755249023,4096
22,layers.4.models.0.self_attn.E.weight,4.942635536193848,4096
22,layers.4.models.0.self_attn.V.weight,4.7333831787109375,4096
22,layers.4.models.0.self_attn.V_gate.weight,4.623226165771484,4096
22,layers.4.models.0.self_attn.shared_rel_emb_table.weight,0.7445912957191467,1152
22,layers.4.models.0.self_attn.proj_q.weight,1.6453182697296143,4096
22,layers.4.models.0.self_attn.proj_k.weight,1.3001388311386108,4096
22,layers.4.models.0.self_attn.proj_e.weight,1.2227407693862915,4096
22,layers.4.models.0.self_attn.proj_vg.weight,1.1981719732284546,4096
22,layers.4.models.0.norm1_attn.weight,7.9943623542785645,64
22,layers.4.models.0.norm1_attn.bias,0.08711646497249603,64
22,layers.4.ff_linear1.weight,6.574463844299316,8192
22,layers.4.ff_linear1.bias,0.7988503575325012,128
22,layers.4.ff_linear2.weight,4.724671840667725,8192
22,layers.4.ff_linear2.bias,0.4021470546722412,64
22,layers.4.norm2.weight,8.01550006866455,64
22,layers.4.norm2.bias,0.05064217746257782,64
22,post_mp.rel_emb.weight,34.090389251708984,1152
22,post_mp.scorer.weight,0.5589648485183716,128
22,post_mp.scorer.bias,0.021121809259057045,1
23,encoder.node_encoder.rel_emb.weight,34.650665283203125,1152
23,encoder.edge_encoder.emb.weight,33.905208587646484,1152
23,encoder.exp_edge_fixer.exp_edge_attr.weight,8.669381141662598,64
23,encoder.exp_edge_fixer.exp_edge_query_emb.weight,0.4189160168170929,1152
23,layers.0.models.0.self_attn.Q.weight,4.61492919921875,4096
23,layers.0.models.0.self_attn.K.weight,4.899238109588623,4096
23,layers.0.models.0.self_attn.E.weight,4.813351631164551,4096
23,layers.0.models.0.self_attn.V.weight,4.595029354095459,4096
23,layers.0.models.0.self_attn.V_gate.weight,4.602051258087158,4096
23,layers.0.models.0.self_attn.shared_rel_emb_table.weight,0.4184802770614624,1152
23,layers.0.models.0.self_attn.proj_q.weight,1.1123261451721191,4096
23,layers.0.models.0.self_attn.proj_k.weight,0.7914091944694519,4096
23,layers.0.models.0.self_attn.proj_e.weight,0.8146057724952698,4096
23,layers.0.models.0.self_attn.proj_vg.weight,0.6889362335205078,4096
23,layers.0.models.0.norm1_attn.weight,8.006735801696777,64
23,layers.0.models.0.norm1_attn.bias,0.06168202683329582,64
23,layers.0.ff_linear1.weight,6.705663681030273,8192
23,layers.0.ff_linear1.bias,0.7483872175216675,128
23,layers.0.ff_linear2.weight,4.826310634613037,8192
23,layers.0.ff_linear2.bias,0.3997221887111664,64
23,layers.0.norm2.weight,8.033588409423828,64
23,layers.0.norm2.bias,0.0553257018327713,64
23,layers.1.models.0.self_attn.Q.weight,4.663262844085693,4096
23,layers.1.models.0.self_attn.K.weight,4.92944860458374,4096
23,layers.1.models.0.self_attn.E.weight,4.8655195236206055,4096
23,layers.1.models.0.self_attn.V.weight,4.744336128234863,4096
23,layers.1.models.0.self_attn.V_gate.weight,4.6902642250061035,4096
23,layers.1.models.0.self_attn.shared_rel_emb_table.weight,0.7712607383728027,1152
23,layers.1.models.0.self_attn.proj_q.weight,1.8718581199645996,4096
23,layers.1.models.0.self_attn.proj_k.weight,1.0664286613464355,4096
23,layers.1.models.0.self_attn.proj_e.weight,1.403269648551941,4096
23,layers.1.models.0.self_attn.proj_vg.weight,1.2915081977844238,4096
23,layers.1.models.0.norm1_attn.weight,7.995856761932373,64
23,layers.1.models.0.norm1_attn.bias,0.030077297240495682,64
23,layers.1.ff_linear1.weight,6.562175750732422,8192
23,layers.1.ff_linear1.bias,0.7963053584098816,128
23,layers.1.ff_linear2.weight,4.767674446105957,8192
23,layers.1.ff_linear2.bias,0.4164101183414459,64
23,layers.1.norm2.weight,8.00502872467041,64
23,layers.1.norm2.bias,0.04498930275440216,64
23,layers.2.models.0.self_attn.Q.weight,4.694814205169678,4096
23,layers.2.models.0.self_attn.K.weight,4.830235481262207,4096
23,layers.2.models.0.self_attn.E.weight,4.851830005645752,4096
23,layers.2.models.0.self_attn.V.weight,4.676769733428955,4096
23,layers.2.models.0.self_attn.V_gate.weight,4.6156840324401855,4096
23,layers.2.models.0.self_attn.shared_rel_emb_table.weight,0.7555862069129944,1152
23,layers.2.models.0.self_attn.proj_q.weight,1.6171661615371704,4096
23,layers.2.models.0.self_attn.proj_k.weight,1.0264333486557007,4096
23,layers.2.models.0.self_attn.proj_e.weight,1.0647218227386475,4096
23,layers.2.models.0.self_attn.proj_vg.weight,1.2828447818756104,4096
23,layers.2.models.0.norm1_attn.weight,8.007444381713867,64
23,layers.2.models.0.norm1_attn.bias,0.040217410773038864,64
23,layers.2.ff_linear1.weight,6.554996967315674,8192
23,layers.2.ff_linear1.bias,0.8255600333213806,128
23,layers.2.ff_linear2.weight,4.701938152313232,8192
23,layers.2.ff_linear2.bias,0.417908251285553,64
23,layers.2.norm2.weight,8.008370399475098,64
23,layers.2.norm2.bias,0.047668326646089554,64
23,layers.3.models.0.self_attn.Q.weight,4.672754764556885,4096
23,layers.3.models.0.self_attn.K.weight,4.8634724617004395,4096
23,layers.3.models.0.self_attn.E.weight,4.825267791748047,4096
23,layers.3.models.0.self_attn.V.weight,4.69916296005249,4096
23,layers.3.models.0.self_attn.V_gate.weight,4.64033842086792,4096
23,layers.3.models.0.self_attn.shared_rel_emb_table.weight,0.7965997457504272,1152
23,layers.3.models.0.self_attn.proj_q.weight,1.500090479850769,4096
23,layers.3.models.0.self_attn.proj_k.weight,1.0688635110855103,4096
23,layers.3.models.0.self_attn.proj_e.weight,1.0300501585006714,4096
23,layers.3.models.0.self_attn.proj_vg.weight,1.337611436843872,4096
23,layers.3.models.0.norm1_attn.weight,8.004473686218262,64
23,layers.3.models.0.norm1_attn.bias,0.04278242960572243,64
23,layers.3.ff_linear1.weight,6.588788032531738,8192
23,layers.3.ff_linear1.bias,0.7913244962692261,128
23,layers.3.ff_linear2.weight,4.696815490722656,8192
23,layers.3.ff_linear2.bias,0.4205056428909302,64
23,layers.3.norm2.weight,8.006782531738281,64
23,layers.3.norm2.bias,0.05022289603948593,64
23,layers.4.models.0.self_attn.Q.weight,4.680027008056641,4096
23,layers.4.models.0.self_attn.K.weight,4.885603904724121,4096
23,layers.4.models.0.self_attn.E.weight,4.947695255279541,4096
23,layers.4.models.0.self_attn.V.weight,4.734050273895264,4096
23,layers.4.models.0.self_attn.V_gate.weight,4.623901844024658,4096
23,layers.4.models.0.self_attn.shared_rel_emb_table.weight,0.7502875328063965,1152
23,layers.4.models.0.self_attn.proj_q.weight,1.663297414779663,4096
23,layers.4.models.0.self_attn.proj_k.weight,1.318591594696045,4096
23,layers.4.models.0.self_attn.proj_e.weight,1.2348363399505615,4096
23,layers.4.models.0.self_attn.proj_vg.weight,1.1988062858581543,4096
23,layers.4.models.0.norm1_attn.weight,7.994257926940918,64
23,layers.4.models.0.norm1_attn.bias,0.08777163922786713,64
23,layers.4.ff_linear1.weight,6.5749688148498535,8192
23,layers.4.ff_linear1.bias,0.7988151907920837,128
23,layers.4.ff_linear2.weight,4.725747585296631,8192
23,layers.4.ff_linear2.bias,0.40202733874320984,64
23,layers.4.norm2.weight,8.015945434570312,64
23,layers.4.norm2.bias,0.050815291702747345,64
23,post_mp.rel_emb.weight,34.09025573730469,1152
23,post_mp.scorer.weight,0.5592557787895203,128
23,post_mp.scorer.bias,0.02107640914618969,1
24,encoder.node_encoder.rel_emb.weight,34.65073013305664,1152
24,encoder.edge_encoder.emb.weight,33.90601348876953,1152
24,encoder.exp_edge_fixer.exp_edge_attr.weight,8.669381141662598,64
24,encoder.exp_edge_fixer.exp_edge_query_emb.weight,0.4196007549762726,1152
24,layers.0.models.0.self_attn.Q.weight,4.614927768707275,4096
24,layers.0.models.0.self_attn.K.weight,4.900359630584717,4096
24,layers.0.models.0.self_attn.E.weight,4.814198017120361,4096
24,layers.0.models.0.self_attn.V.weight,4.595099925994873,4096
24,layers.0.models.0.self_attn.V_gate.weight,4.602084636688232,4096
24,layers.0.models.0.self_attn.shared_rel_emb_table.weight,0.41944772005081177,1152
24,layers.0.models.0.self_attn.proj_q.weight,1.1144986152648926,4096
24,layers.0.models.0.self_attn.proj_k.weight,0.7919213771820068,4096
24,layers.0.models.0.self_attn.proj_e.weight,0.8149461150169373,4096
24,layers.0.models.0.self_attn.proj_vg.weight,0.6895352005958557,4096
24,layers.0.models.0.norm1_attn.weight,8.006780624389648,64
24,layers.0.models.0.norm1_attn.bias,0.062137532979249954,64
24,layers.0.ff_linear1.weight,6.707271099090576,8192
24,layers.0.ff_linear1.bias,0.7475007176399231,128
24,layers.0.ff_linear2.weight,4.828298568725586,8192
24,layers.0.ff_linear2.bias,0.39979028701782227,64
24,layers.0.norm2.weight,8.033929824829102,64
24,layers.0.norm2.bias,0.05559958145022392,64
24,layers.1.models.0.self_attn.Q.weight,4.663635730743408,4096
24,layers.1.models.0.self_attn.K.weight,4.9317731857299805,4096
24,layers.1.models.0.self_attn.E.weight,4.867753982543945,4096
24,layers.1.models.0.self_attn.V.weight,4.74516487121582,4096
24,layers.1.models.0.self_attn.V_gate.weight,4.6907243728637695,4096
24,layers.1.models.0.self_attn.shared_rel_emb_table.weight,0.7736207246780396,1152
24,layers.1.models.0.self_attn.proj_q.weight,1.8786168098449707,4096
24,layers.1.models.0.self_attn.proj_k.weight,1.0697057247161865,4096
24,layers.1.models.0.self_attn.proj_e.weight,1.4100583791732788,4096
24,layers.1.models.0.self_attn.proj_vg.weight,1.2930275201797485,4096
24,layers.1.models.0.norm1_attn.weight,7.995792388916016,64
24,layers.1.models.0.norm1_attn.bias,0.030252330005168915,64
24,layers.1.ff_linear1.weight,6.562621116638184,8192
24,layers.1.ff_linear1.bias,0.7963314652442932,128
24,layers.1.ff_linear2.weight,4.7685041427612305,8192
24,layers.1.ff_linear2.bias,0.41641175746917725,64
24,layers.1.norm2.weight,8.00505542755127,64
24,layers.1.norm2.bias,0.04522904381155968,64
24,layers.2.models.0.self_attn.Q.weight,4.695239543914795,4096
24,layers.2.models.0.self_attn.K.weight,4.832125663757324,4096
24,layers.2.models.0.self_attn.E.weight,4.853884696960449,4096
24,layers.2.models.0.self_attn.V.weight,4.6771697998046875,4096
24,layers.2.models.0.self_attn.V_gate.weight,4.615982532501221,4096
24,layers.2.models.0.self_attn.shared_rel_emb_table.weight,0.7578015923500061,1152
24,layers.2.models.0.self_attn.proj_q.weight,1.6231836080551147,4096
24,layers.2.models.0.self_attn.proj_k.weight,1.030060887336731,4096
24,layers.2.models.0.self_attn.proj_e.weight,1.0693587064743042,4096
24,layers.2.models.0.self_attn.proj_vg.weight,1.2853929996490479,4096
24,layers.2.models.0.norm1_attn.weight,8.00747013092041,64
24,layers.2.models.0.norm1_attn.bias,0.040384672582149506,64
24,layers.2.ff_linear1.weight,6.555388450622559,8192
24,layers.2.ff_linear1.bias,0.8254974484443665,128
24,layers.2.ff_linear2.weight,4.702520847320557,8192
24,layers.2.ff_linear2.bias,0.4178340435028076,64
24,layers.2.norm2.weight,8.008413314819336,64
24,layers.2.norm2.bias,0.047864336520433426,64
24,layers.3.models.0.self_attn.Q.weight,4.673366069793701,4096
24,layers.3.models.0.self_attn.K.weight,4.865271091461182,4096
24,layers.3.models.0.self_attn.E.weight,4.827284336090088,4096
24,layers.3.models.0.self_attn.V.weight,4.69951057434082,4096
24,layers.3.models.0.self_attn.V_gate.weight,4.640499114990234,4096
24,layers.3.models.0.self_attn.shared_rel_emb_table.weight,0.7993093729019165,1152
24,layers.3.models.0.self_attn.proj_q.weight,1.5052871704101562,4096
24,layers.3.models.0.self_attn.proj_k.weight,1.0717076063156128,4096
24,layers.3.models.0.self_attn.proj_e.weight,1.0326695442199707,4096
24,layers.3.models.0.self_attn.proj_vg.weight,1.3412333726882935,4096
24,layers.3.models.0.norm1_attn.weight,8.004476547241211,64
24,layers.3.models.0.norm1_attn.bias,0.04303085803985596,64
24,layers.3.ff_linear1.weight,6.589208126068115,8192
24,layers.3.ff_linear1.bias,0.7912487387657166,128
24,layers.3.ff_linear2.weight,4.697466850280762,8192
24,layers.3.ff_linear2.bias,0.4205082058906555,64
24,layers.3.norm2.weight,8.006930351257324,64
24,layers.3.norm2.bias,0.050415489822626114,64
24,layers.4.models.0.self_attn.Q.weight,4.680839538574219,4096
24,layers.4.models.0.self_attn.K.weight,4.888891696929932,4096
24,layers.4.models.0.self_attn.E.weight,4.951469421386719,4096
24,layers.4.models.0.self_attn.V.weight,4.734554767608643,4096
24,layers.4.models.0.self_attn.V_gate.weight,4.624365329742432,4096
24,layers.4.models.0.self_attn.shared_rel_emb_table.weight,0.754258394241333,1152
24,layers.4.models.0.self_attn.proj_q.weight,1.675840139389038,4096
24,layers.4.models.0.self_attn.proj_k.weight,1.3321154117584229,4096
24,layers.4.models.0.self_attn.proj_e.weight,1.242129921913147,4096
24,layers.4.models.0.self_attn.proj_vg.weight,1.199965238571167,4096
24,layers.4.models.0.norm1_attn.weight,7.9942169189453125,64
24,layers.4.models.0.norm1_attn.bias,0.08823312819004059,64
24,layers.4.ff_linear1.weight,6.575402736663818,8192
24,layers.4.ff_linear1.bias,0.7988156080245972,128
24,layers.4.ff_linear2.weight,4.726478099822998,8192
24,layers.4.ff_linear2.bias,0.4019213020801544,64
24,layers.4.norm2.weight,8.016256332397461,64
24,layers.4.norm2.bias,0.051007237285375595,64
24,post_mp.rel_emb.weight,34.090152740478516,1152
24,post_mp.scorer.weight,0.5594779849052429,128
24,post_mp.scorer.bias,0.021072059869766235,1
25,encoder.node_encoder.rel_emb.weight,34.65077590942383,1152
25,encoder.edge_encoder.emb.weight,33.90664291381836,1152
25,encoder.exp_edge_fixer.exp_edge_attr.weight,8.669381141662598,64
25,encoder.exp_edge_fixer.exp_edge_query_emb.weight,0.41997551918029785,1152
25,layers.0.models.0.self_attn.Q.weight,4.614925861358643,4096
25,layers.0.models.0.self_attn.K.weight,4.901003837585449,4096
25,layers.0.models.0.self_attn.E.weight,4.814671516418457,4096
25,layers.0.models.0.self_attn.V.weight,4.595139503479004,4096
25,layers.0.models.0.self_attn.V_gate.weight,4.602081775665283,4096
25,layers.0.models.0.self_attn.shared_rel_emb_table.weight,0.4199608862400055,1152
25,layers.0.models.0.self_attn.proj_q.weight,1.11572265625,4096
25,layers.0.models.0.self_attn.proj_k.weight,0.7922276854515076,4096
25,layers.0.models.0.self_attn.proj_e.weight,0.8153448700904846,4096
25,layers.0.models.0.self_attn.proj_vg.weight,0.6898389458656311,4096
25,layers.0.models.0.norm1_attn.weight,8.006791114807129,64
25,layers.0.models.0.norm1_attn.bias,0.062468353658914566,64
25,layers.0.ff_linear1.weight,6.708474159240723,8192
25,layers.0.ff_linear1.bias,0.7468432188034058,128
25,layers.0.ff_linear2.weight,4.829833030700684,8192
25,layers.0.ff_linear2.bias,0.399802029132843,64
25,layers.0.norm2.weight,8.034183502197266,64
25,layers.0.norm2.bias,0.0557275228202343,64
25,layers.1.models.0.self_attn.Q.weight,4.663784980773926,4096
25,layers.1.models.0.self_attn.K.weight,4.933345794677734,4096
25,layers.1.models.0.self_attn.E.weight,4.869274616241455,4096
25,layers.1.models.0.self_attn.V.weight,4.745770454406738,4096
25,layers.1.models.0.self_attn.V_gate.weight,4.691057205200195,4096
25,layers.1.models.0.self_attn.shared_rel_emb_table.weight,0.7752482295036316,1152
25,layers.1.models.0.self_attn.proj_q.weight,1.883412480354309,4096
25,layers.1.models.0.self_attn.proj_k.weight,1.07206130027771,4096
25,layers.1.models.0.self_attn.proj_e.weight,1.4144439697265625,4096
25,layers.1.models.0.self_attn.proj_vg.weight,1.2936971187591553,4096
25,layers.1.models.0.norm1_attn.weight,7.9957404136657715,64
25,layers.1.models.0.norm1_attn.bias,0.030338356271386147,64
25,layers.1.ff_linear1.weight,6.563025951385498,8192
25,layers.1.ff_linear1.bias,0.7963619828224182,128
25,layers.1.ff_linear2.weight,4.769127368927002,8192
25,layers.1.ff_linear2.bias,0.41639140248298645,64
25,layers.1.norm2.weight,8.005072593688965,64
25,layers.1.norm2.bias,0.045329827815294266,64
25,layers.2.models.0.self_attn.Q.weight,4.69558572769165,4096
25,layers.2.models.0.self_attn.K.weight,4.833754062652588,4096
25,layers.2.models.0.self_attn.E.weight,4.855564594268799,4096
25,layers.2.models.0.self_attn.V.weight,4.677417755126953,4096
25,layers.2.models.0.self_attn.V_gate.weight,4.616166591644287,4096
25,layers.2.models.0.self_attn.shared_rel_emb_table.weight,0.7592800259590149,1152
25,layers.2.models.0.self_attn.proj_q.weight,1.6282000541687012,4096
25,layers.2.models.0.self_attn.proj_k.weight,1.0328035354614258,4096
25,layers.2.models.0.self_attn.proj_e.weight,1.0730493068695068,4096
25,layers.2.models.0.self_attn.proj_vg.weight,1.2868624925613403,4096
25,layers.2.models.0.norm1_attn.weight,8.007493019104004,64
25,layers.2.models.0.norm1_attn.bias,0.04056936502456665,64
25,layers.2.ff_linear1.weight,6.555720329284668,8192
25,layers.2.ff_linear1.bias,0.8253799676895142,128
25,layers.2.ff_linear2.weight,4.702960014343262,8192
25,layers.2.ff_linear2.bias,0.41783663630485535,64
25,layers.2.norm2.weight,8.00843620300293,64
25,layers.2.norm2.bias,0.04804364964365959,64
25,layers.3.models.0.self_attn.Q.weight,4.6737847328186035,4096
25,layers.3.models.0.self_attn.K.weight,4.866702556610107,4096
25,layers.3.models.0.self_attn.E.weight,4.82881498336792,4096
25,layers.3.models.0.self_attn.V.weight,4.699711799621582,4096
25,layers.3.models.0.self_attn.V_gate.weight,4.640574932098389,4096
25,layers.3.models.0.self_attn.shared_rel_emb_table.weight,0.801100492477417,1152
25,layers.3.models.0.self_attn.proj_q.weight,1.5093399286270142,4096
25,layers.3.models.0.self_attn.proj_k.weight,1.0739887952804565,4096
25,layers.3.models.0.self_attn.proj_e.weight,1.0339055061340332,4096
25,layers.3.models.0.self_attn.proj_vg.weight,1.3433549404144287,4096
25,layers.3.models.0.norm1_attn.weight,8.004476547241211,64
25,layers.3.models.0.norm1_attn.bias,0.04325089231133461,64
25,layers.3.ff_linear1.weight,6.5894856452941895,8192
25,layers.3.ff_linear1.bias,0.7912746667861938,128
25,layers.3.ff_linear2.weight,4.697866916656494,8192
25,layers.3.ff_linear2.bias,0.4205654561519623,64
25,layers.3.norm2.weight,8.007019996643066,64
25,layers.3.norm2.bias,0.0506267249584198,64
25,layers.4.models.0.self_attn.Q.weight,4.681311130523682,4096
25,layers.4.models.0.self_attn.K.weight,4.891022205352783,4096
25,layers.4.models.0.self_attn.E.weight,4.953882694244385,4096
25,layers.4.models.0.self_attn.V.weight,4.734902858734131,4096
25,layers.4.models.0.self_attn.V_gate.weight,4.62476921081543,4096
25,layers.4.models.0.self_attn.shared_rel_emb_table.weight,0.7568322420120239,1152
25,layers.4.models.0.self_attn.proj_q.weight,1.6838771104812622,4096
25,layers.4.models.0.self_attn.proj_k.weight,1.3406968116760254,4096
25,layers.4.models.0.self_attn.proj_e.weight,1.2461000680923462,4096
25,layers.4.models.0.self_attn.proj_vg.weight,1.2004308700561523,4096
25,layers.4.models.0.norm1_attn.weight,7.994185924530029,64
25,layers.4.models.0.norm1_attn.bias,0.0886698067188263,64
25,layers.4.ff_linear1.weight,6.575738430023193,8192
25,layers.4.ff_linear1.bias,0.7988281846046448,128
25,layers.4.ff_linear2.weight,4.727062225341797,8192
25,layers.4.ff_linear2.bias,0.4018264710903168,64
25,layers.4.norm2.weight,8.016420364379883,64
25,layers.4.norm2.bias,0.05096171051263809,64
25,post_mp.rel_emb.weight,34.09008026123047,1152
25,post_mp.scorer.weight,0.5596071481704712,128
25,post_mp.scorer.bias,0.02103610523045063,1
26,encoder.node_encoder.rel_emb.weight,34.65081024169922,1152
26,encoder.edge_encoder.emb.weight,33.90703582763672,1152
26,encoder.exp_edge_fixer.exp_edge_attr.weight,8.669381141662598,64
26,encoder.exp_edge_fixer.exp_edge_query_emb.weight,0.42025265097618103,1152
26,layers.0.models.0.self_attn.Q.weight,4.614924907684326,4096
26,layers.0.models.0.self_attn.K.weight,4.901513576507568,4096
26,layers.0.models.0.self_attn.E.weight,4.815059661865234,4096
26,layers.0.models.0.self_attn.V.weight,4.595157146453857,4096
26,layers.0.models.0.self_attn.V_gate.weight,4.602080345153809,4096
26,layers.0.models.0.self_attn.shared_rel_emb_table.weight,0.4204277992248535,1152
26,layers.0.models.0.self_attn.proj_q.weight,1.1166845560073853,4096
26,layers.0.models.0.self_attn.proj_k.weight,0.7925072908401489,4096
26,layers.0.models.0.self_attn.proj_e.weight,0.815523087978363,4096
26,layers.0.models.0.self_attn.proj_vg.weight,0.6901432871818542,4096
26,layers.0.models.0.norm1_attn.weight,8.006784439086914,64
26,layers.0.models.0.norm1_attn.bias,0.06269750744104385,64
26,layers.0.ff_linear1.weight,6.709184646606445,8192
26,layers.0.ff_linear1.bias,0.7464658617973328,128
26,layers.0.ff_linear2.weight,4.830715656280518,8192
26,layers.0.ff_linear2.bias,0.3998168408870697,64
26,layers.0.norm2.weight,8.034333229064941,64
26,layers.0.norm2.bias,0.05575203150510788,64
26,layers.1.models.0.self_attn.Q.weight,4.663926601409912,4096
26,layers.1.models.0.self_attn.K.weight,4.934396743774414,4096
26,layers.1.models.0.self_attn.E.weight,4.870282173156738,4096
26,layers.1.models.0.self_attn.V.weight,4.746138572692871,4096
26,layers.1.models.0.self_attn.V_gate.weight,4.691263198852539,4096
26,layers.1.models.0.self_attn.shared_rel_emb_table.weight,0.776224672794342,1152
26,layers.1.models.0.self_attn.proj_q.weight,1.886332392692566,4096
26,layers.1.models.0.self_attn.proj_k.weight,1.0732698440551758,4096
26,layers.1.models.0.self_attn.proj_e.weight,1.4172443151474,4096
26,layers.1.models.0.self_attn.proj_vg.weight,1.29416024684906,4096
26,layers.1.models.0.norm1_attn.weight,7.9957122802734375,64
26,layers.1.models.0.norm1_attn.bias,0.03036791831254959,64
26,layers.1.ff_linear1.weight,6.5632429122924805,8192
26,layers.1.ff_linear1.bias,0.796342670917511,128
26,layers.1.ff_linear2.weight,4.7694830894470215,8192
26,layers.1.ff_linear2.bias,0.4163268208503723,64
26,layers.1.norm2.weight,8.005077362060547,64
26,layers.1.norm2.bias,0.045367710292339325,64
26,layers.2.models.0.self_attn.Q.weight,4.695783615112305,4096
26,layers.2.models.0.self_attn.K.weight,4.834649562835693,4096
26,layers.2.models.0.self_attn.E.weight,4.8565216064453125,4096
26,layers.2.models.0.self_attn.V.weight,4.677586078643799,4096
26,layers.2.models.0.self_attn.V_gate.weight,4.61627721786499,4096
26,layers.2.models.0.self_attn.shared_rel_emb_table.weight,0.760259211063385,1152
26,layers.2.models.0.self_attn.proj_q.weight,1.6309293508529663,4096
26,layers.2.models.0.self_attn.proj_k.weight,1.0344046354293823,4096
26,layers.2.models.0.self_attn.proj_e.weight,1.075350046157837,4096
26,layers.2.models.0.self_attn.proj_vg.weight,1.2878997325897217,4096
26,layers.2.models.0.norm1_attn.weight,8.007518768310547,64
26,layers.2.models.0.norm1_attn.bias,0.040646087378263474,64
26,layers.2.ff_linear1.weight,6.555909156799316,8192
26,layers.2.ff_linear1.bias,0.8253490924835205,128
26,layers.2.ff_linear2.weight,4.70319128036499,8192
26,layers.2.ff_linear2.bias,0.41781237721443176,64
26,layers.2.norm2.weight,8.008463859558105,64
26,layers.2.norm2.bias,0.04812227189540863,64
26,layers.3.models.0.self_attn.Q.weight,4.674030303955078,4096
26,layers.3.models.0.self_attn.K.weight,4.867572784423828,4096
26,layers.3.models.0.self_attn.E.weight,4.8297271728515625,4096
26,layers.3.models.0.self_attn.V.weight,4.6998724937438965,4096
26,layers.3.models.0.self_attn.V_gate.weight,4.640667915344238,4096
26,layers.3.models.0.self_attn.shared_rel_emb_table.weight,0.8022905588150024,1152
26,layers.3.models.0.self_attn.proj_q.weight,1.5118327140808105,4096
26,layers.3.models.0.self_attn.proj_k.weight,1.0754644870758057,4096
26,layers.3.models.0.self_attn.proj_e.weight,1.0353294610977173,4096
26,layers.3.models.0.self_attn.proj_vg.weight,1.3447580337524414,4096
26,layers.3.models.0.norm1_attn.weight,8.004476547241211,64
26,layers.3.models.0.norm1_attn.bias,0.04336422681808472,64
26,layers.3.ff_linear1.weight,6.58967924118042,8192
26,layers.3.ff_linear1.bias,0.7912736535072327,128
26,layers.3.ff_linear2.weight,4.698134899139404,8192
26,layers.3.ff_linear2.bias,0.4205818772315979,64
26,layers.3.norm2.weight,8.007079124450684,64
26,layers.3.norm2.bias,0.0507463701069355,64
26,layers.4.models.0.self_attn.Q.weight,4.681630611419678,4096
26,layers.4.models.0.self_attn.K.weight,4.892364501953125,4096
26,layers.4.models.0.self_attn.E.weight,4.955386161804199,4096
26,layers.4.models.0.self_attn.V.weight,4.735119342803955,4096
26,layers.4.models.0.self_attn.V_gate.weight,4.6249918937683105,4096
26,layers.4.models.0.self_attn.shared_rel_emb_table.weight,0.7585211992263794,1152
26,layers.4.models.0.self_attn.proj_q.weight,1.6889381408691406,4096
26,layers.4.models.0.self_attn.proj_k.weight,1.3465627431869507,4096
26,layers.4.models.0.self_attn.proj_e.weight,1.2489365339279175,4096
26,layers.4.models.0.self_attn.proj_vg.weight,1.2008888721466064,4096
26,layers.4.models.0.norm1_attn.weight,7.994150638580322,64
26,layers.4.models.0.norm1_attn.bias,0.08888806402683258,64
26,layers.4.ff_linear1.weight,6.575902462005615,8192
26,layers.4.ff_linear1.bias,0.798861563205719,128
26,layers.4.ff_linear2.weight,4.727420330047607,8192
26,layers.4.ff_linear2.bias,0.40181997418403625,64
26,layers.4.norm2.weight,8.016597747802734,64
26,layers.4.norm2.bias,0.05104820057749748,64
26,post_mp.rel_emb.weight,34.09001541137695,1152
26,post_mp.scorer.weight,0.5597135424613953,128
26,post_mp.scorer.bias,0.021040435880422592,1
27,encoder.node_encoder.rel_emb.weight,34.65082931518555,1152
27,encoder.edge_encoder.emb.weight,33.90724182128906,1152
27,encoder.exp_edge_fixer.exp_edge_attr.weight,8.669381141662598,64
27,encoder.exp_edge_fixer.exp_edge_query_emb.weight,0.4204172194004059,1152
27,layers.0.models.0.self_attn.Q.weight,4.614925384521484,4096
27,layers.0.models.0.self_attn.K.weight,4.901849269866943,4096
27,layers.0.models.0.self_attn.E.weight,4.815315246582031,4096
27,layers.0.models.0.self_attn.V.weight,4.595159530639648,4096
27,layers.0.models.0.self_attn.V_gate.weight,4.602075576782227,4096
27,layers.0.models.0.self_attn.shared_rel_emb_table.weight,0.42063528299331665,1152
27,layers.0.models.0.self_attn.proj_q.weight,1.1173875331878662,4096
27,layers.0.models.0.self_attn.proj_k.weight,0.7927647829055786,4096
27,layers.0.models.0.self_attn.proj_e.weight,0.8157322406768799,4096
27,layers.0.models.0.self_attn.proj_vg.weight,0.6902768611907959,4096
27,layers.0.models.0.norm1_attn.weight,8.0067777633667,64
27,layers.0.models.0.norm1_attn.bias,0.06282848119735718,64
27,layers.0.ff_linear1.weight,6.709626197814941,8192
27,layers.0.ff_linear1.bias,0.7462237477302551,128
27,layers.0.ff_linear2.weight,4.831266403198242,8192
27,layers.0.ff_linear2.bias,0.39983299374580383,64
27,layers.0.norm2.weight,8.034421920776367,64
27,layers.0.norm2.bias,0.05577147379517555,64
27,layers.1.models.0.self_attn.Q.weight,4.663987636566162,4096
27,layers.1.models.0.self_attn.K.weight,4.93508768081665,4096
27,layers.1.models.0.self_attn.E.weight,4.87093448638916,4096
27,layers.1.models.0.self_attn.V.weight,4.7463555335998535,4096
27,layers.1.models.0.self_attn.V_gate.weight,4.691365718841553,4096
27,layers.1.models.0.self_attn.shared_rel_emb_table.weight,0.776850700378418,1152
27,layers.1.models.0.self_attn.proj_q.weight,1.8883347511291504,4096
27,layers.1.models.0.self_attn.proj_k.weight,1.074196219444275,4096
27,layers.1.models.0.self_attn.proj_e.weight,1.4190806150436401,4096
27,layers.1.models.0.self_attn.proj_vg.weight,1.2945481538772583,4096
27,layers.1.models.0.norm1_attn.weight,7.995689868927002,64
27,layers.1.models.0.norm1_attn.bias,0.030368497595191002,64
27,layers.1.ff_linear1.weight,6.563361644744873,8192
27,layers.1.ff_linear1.bias,0.7963382005691528,128
27,layers.1.ff_linear2.weight,4.769708156585693,8192
27,layers.1.ff_linear2.bias,0.4163115620613098,64
27,layers.1.norm2.weight,8.005084037780762,64
27,layers.1.norm2.bias,0.04537607356905937,64
27,layers.2.models.0.self_attn.Q.weight,4.69589376449585,4096
27,layers.2.models.0.self_attn.K.weight,4.835160255432129,4096
27,layers.2.models.0.self_attn.E.weight,4.8570404052734375,4096
27,layers.2.models.0.self_attn.V.weight,4.677675247192383,4096
27,layers.2.models.0.self_attn.V_gate.weight,4.616361618041992,4096
27,layers.2.models.0.self_attn.shared_rel_emb_table.weight,0.7608028054237366,1152
27,layers.2.models.0.self_attn.proj_q.weight,1.6324501037597656,4096
27,layers.2.models.0.self_attn.proj_k.weight,1.035224437713623,4096
27,layers.2.models.0.self_attn.proj_e.weight,1.076707124710083,4096
27,layers.2.models.0.self_attn.proj_vg.weight,1.2884732484817505,4096
27,layers.2.models.0.norm1_attn.weight,8.007522583007812,64
27,layers.2.models.0.norm1_attn.bias,0.04065209627151489,64
27,layers.2.ff_linear1.weight,6.555995941162109,8192
27,layers.2.ff_linear1.bias,0.8253331184387207,128
27,layers.2.ff_linear2.weight,4.703311443328857,8192
27,layers.2.ff_linear2.bias,0.4178164303302765,64
27,layers.2.norm2.weight,8.008474349975586,64
27,layers.2.norm2.bias,0.04814210906624794,64
27,layers.3.models.0.self_attn.Q.weight,4.6741838455200195,4096
27,layers.3.models.0.self_attn.K.weight,4.868034839630127,4096
27,layers.3.models.0.self_attn.E.weight,4.8302435874938965,4096
27,layers.3.models.0.self_attn.V.weight,4.699960708618164,4096
27,layers.3.models.0.self_attn.V_gate.weight,4.640714168548584,4096
27,layers.3.models.0.self_attn.shared_rel_emb_table.weight,0.8029159903526306,1152
27,layers.3.models.0.self_attn.proj_q.weight,1.5131655931472778,4096
27,layers.3.models.0.self_attn.proj_k.weight,1.0761187076568604,4096
27,layers.3.models.0.self_attn.proj_e.weight,1.0359841585159302,4096
27,layers.3.models.0.self_attn.proj_vg.weight,1.3454841375350952,4096
27,layers.3.models.0.norm1_attn.weight,8.004471778869629,64
27,layers.3.models.0.norm1_attn.bias,0.04340086132287979,64
27,layers.3.ff_linear1.weight,6.589809894561768,8192
27,layers.3.ff_linear1.bias,0.7912701964378357,128
27,layers.3.ff_linear2.weight,4.698326587677002,8192
27,layers.3.ff_linear2.bias,0.42055076360702515,64
27,layers.3.norm2.weight,8.00710678100586,64
27,layers.3.norm2.bias,0.050767168402671814,64
27,layers.4.models.0.self_attn.Q.weight,4.681780815124512,4096
27,layers.4.models.0.self_attn.K.weight,4.893119812011719,4096
27,layers.4.models.0.self_attn.E.weight,4.956247329711914,4096
27,layers.4.models.0.self_attn.V.weight,4.7352375984191895,4096
27,layers.4.models.0.self_attn.V_gate.weight,4.625116348266602,4096
27,layers.4.models.0.self_attn.shared_rel_emb_table.weight,0.7594901919364929,1152
27,layers.4.models.0.self_attn.proj_q.weight,1.692029595375061,4096
27,layers.4.models.0.self_attn.proj_k.weight,1.3499447107315063,4096
27,layers.4.models.0.self_attn.proj_e.weight,1.2505459785461426,4096
27,layers.4.models.0.self_attn.proj_vg.weight,1.2010552883148193,4096
27,layers.4.models.0.norm1_attn.weight,7.99412727355957,64
27,layers.4.models.0.norm1_attn.bias,0.08903264254331589,64
27,layers.4.ff_linear1.weight,6.576010227203369,8192
27,layers.4.ff_linear1.bias,0.7988662719726562,128
27,layers.4.ff_linear2.weight,4.727627754211426,8192
27,layers.4.ff_linear2.bias,0.4017868936061859,64
27,layers.4.norm2.weight,8.01666259765625,64
27,layers.4.norm2.bias,0.0510406531393528,64
27,post_mp.rel_emb.weight,34.089988708496094,1152
27,post_mp.scorer.weight,0.5597708225250244,128
27,post_mp.scorer.bias,0.021025728434324265,1
28,encoder.node_encoder.rel_emb.weight,34.65083694458008,1152
28,encoder.edge_encoder.emb.weight,33.90730285644531,1152
28,encoder.exp_edge_fixer.exp_edge_attr.weight,8.669381141662598,64
28,encoder.exp_edge_fixer.exp_edge_query_emb.weight,0.42050987482070923,1152
28,layers.0.models.0.self_attn.Q.weight,4.614924907684326,4096
28,layers.0.models.0.self_attn.K.weight,4.902026653289795,4096
28,layers.0.models.0.self_attn.E.weight,4.815445423126221,4096
28,layers.0.models.0.self_attn.V.weight,4.5951619148254395,4096
28,layers.0.models.0.self_attn.V_gate.weight,4.602076530456543,4096
28,layers.0.models.0.self_attn.shared_rel_emb_table.weight,0.4207291007041931,1152
28,layers.0.models.0.self_attn.proj_q.weight,1.1177520751953125,4096
28,layers.0.models.0.self_attn.proj_k.weight,0.7929112911224365,4096
28,layers.0.models.0.self_attn.proj_e.weight,0.8159392476081848,4096
28,layers.0.models.0.self_attn.proj_vg.weight,0.6903243064880371,4096
28,layers.0.models.0.norm1_attn.weight,8.006776809692383,64
28,layers.0.models.0.norm1_attn.bias,0.062881700694561,64
28,layers.0.ff_linear1.weight,6.709811687469482,8192
28,layers.0.ff_linear1.bias,0.7461254000663757,128
28,layers.0.ff_linear2.weight,4.831501483917236,8192
28,layers.0.ff_linear2.bias,0.39983588457107544,64
28,layers.0.norm2.weight,8.034455299377441,64
28,layers.0.norm2.bias,0.055822599679231644,64
28,layers.1.models.0.self_attn.Q.weight,4.664015293121338,4096
28,layers.1.models.0.self_attn.K.weight,4.9353718757629395,4096
28,layers.1.models.0.self_attn.E.weight,4.871194839477539,4096
28,layers.1.models.0.self_attn.V.weight,4.746461391448975,4096
28,layers.1.models.0.self_attn.V_gate.weight,4.69141960144043,4096
28,layers.1.models.0.self_attn.shared_rel_emb_table.weight,0.7771303057670593,1152
28,layers.1.models.0.self_attn.proj_q.weight,1.8891353607177734,4096
28,layers.1.models.0.self_attn.proj_k.weight,1.074596881866455,4096
28,layers.1.models.0.self_attn.proj_e.weight,1.4197567701339722,4096
28,layers.1.models.0.self_attn.proj_vg.weight,1.2947255373001099,4096
28,layers.1.models.0.norm1_attn.weight,7.9956793785095215,64
28,layers.1.models.0.norm1_attn.bias,0.03039790876209736,64
28,layers.1.ff_linear1.weight,6.563413143157959,8192
28,layers.1.ff_linear1.bias,0.7963367104530334,128
28,layers.1.ff_linear2.weight,4.769812107086182,8192
28,layers.1.ff_linear2.bias,0.41630491614341736,64
28,layers.1.norm2.weight,8.005083084106445,64
28,layers.1.norm2.bias,0.04541609436273575,64
28,layers.2.models.0.self_attn.Q.weight,4.695963382720947,4096
28,layers.2.models.0.self_attn.K.weight,4.835411548614502,4096
28,layers.2.models.0.self_attn.E.weight,4.857298851013184,4096
28,layers.2.models.0.self_attn.V.weight,4.677719593048096,4096
28,layers.2.models.0.self_attn.V_gate.weight,4.616384983062744,4096
28,layers.2.models.0.self_attn.shared_rel_emb_table.weight,0.7610467672348022,1152
28,layers.2.models.0.self_attn.proj_q.weight,1.6331514120101929,4096
28,layers.2.models.0.self_attn.proj_k.weight,1.0356131792068481,4096
28,layers.2.models.0.self_attn.proj_e.weight,1.0773197412490845,4096
28,layers.2.models.0.self_attn.proj_vg.weight,1.2887194156646729,4096
28,layers.2.models.0.norm1_attn.weight,8.007525444030762,64
28,layers.2.models.0.norm1_attn.bias,0.040680188685655594,64
28,layers.2.ff_linear1.weight,6.556035041809082,8192
28,layers.2.ff_linear1.bias,0.8253288865089417,128
28,layers.2.ff_linear2.weight,4.703385829925537,8192
28,layers.2.ff_linear2.bias,0.4178118109703064,64
28,layers.2.norm2.weight,8.008476257324219,64
28,layers.2.norm2.bias,0.048173509538173676,64
28,layers.3.models.0.self_attn.Q.weight,4.674259185791016,4096
28,layers.3.models.0.self_attn.K.weight,4.868227005004883,4096
28,layers.3.models.0.self_attn.E.weight,4.830461502075195,4096
28,layers.3.models.0.self_attn.V.weight,4.6999945640563965,4096
28,layers.3.models.0.self_attn.V_gate.weight,4.6407246589660645,4096
28,layers.3.models.0.self_attn.shared_rel_emb_table.weight,0.8031930327415466,1152
28,layers.3.models.0.self_attn.proj_q.weight,1.5137243270874023,4096
28,layers.3.models.0.self_attn.proj_k.weight,1.0764539241790771,4096
28,layers.3.models.0.self_attn.proj_e.weight,1.0362616777420044,4096
28,layers.3.models.0.self_attn.proj_vg.weight,1.3458040952682495,4096
28,layers.3.models.0.norm1_attn.weight,8.00446891784668,64
28,layers.3.models.0.norm1_attn.bias,0.043429214507341385,64
28,layers.3.ff_linear1.weight,6.5898518562316895,8192
28,layers.3.ff_linear1.bias,0.7912651300430298,128
28,layers.3.ff_linear2.weight,4.698398113250732,8192
28,layers.3.ff_linear2.bias,0.42056408524513245,64
28,layers.3.norm2.weight,8.007116317749023,64
28,layers.3.norm2.bias,0.050804752856492996,64
28,layers.4.models.0.self_attn.Q.weight,4.68184232711792,4096
28,layers.4.models.0.self_attn.K.weight,4.893431663513184,4096
28,layers.4.models.0.self_attn.E.weight,4.956599712371826,4096
28,layers.4.models.0.self_attn.V.weight,4.735296249389648,4096
28,layers.4.models.0.self_attn.V_gate.weight,4.62517786026001,4096
28,layers.4.models.0.self_attn.shared_rel_emb_table.weight,0.7599089741706848,1152
28,layers.4.models.0.self_attn.proj_q.weight,1.693293571472168,4096
28,layers.4.models.0.self_attn.proj_k.weight,1.3513894081115723,4096
28,layers.4.models.0.self_attn.proj_e.weight,1.2512603998184204,4096
28,layers.4.models.0.self_attn.proj_vg.weight,1.2011290788650513,4096
28,layers.4.models.0.norm1_attn.weight,7.994121074676514,64
28,layers.4.models.0.norm1_attn.bias,0.08908924460411072,64
28,layers.4.ff_linear1.weight,6.576058387756348,8192
28,layers.4.ff_linear1.bias,0.7988605499267578,128
28,layers.4.ff_linear2.weight,4.727725982666016,8192
28,layers.4.ff_linear2.bias,0.40177759528160095,64
28,layers.4.norm2.weight,8.016688346862793,64
28,layers.4.norm2.bias,0.05107796937227249,64
28,post_mp.rel_emb.weight,34.089969635009766,1152
28,post_mp.scorer.weight,0.5597894787788391,128
28,post_mp.scorer.bias,0.021028978750109673,1
29,encoder.node_encoder.rel_emb.weight,34.65083694458008,1152
29,encoder.edge_encoder.emb.weight,33.90730285644531,1152
29,encoder.exp_edge_fixer.exp_edge_attr.weight,8.669381141662598,64
29,encoder.exp_edge_fixer.exp_edge_query_emb.weight,0.42052924633026123,1152
29,layers.0.models.0.self_attn.Q.weight,4.614924430847168,4096
29,layers.0.models.0.self_attn.K.weight,4.902060031890869,4096
29,layers.0.models.0.self_attn.E.weight,4.815469741821289,4096
29,layers.0.models.0.self_attn.V.weight,4.595162391662598,4096
29,layers.0.models.0.self_attn.V_gate.weight,4.602076530456543,4096
29,layers.0.models.0.self_attn.shared_rel_emb_table.weight,0.4207551181316376,1152
29,layers.0.models.0.self_attn.proj_q.weight,1.1178150177001953,4096
29,layers.0.models.0.self_attn.proj_k.weight,0.7929284572601318,4096
29,layers.0.models.0.self_attn.proj_e.weight,0.8159365057945251,4096
29,layers.0.models.0.self_attn.proj_vg.weight,0.6903403997421265,4096
29,layers.0.models.0.norm1_attn.weight,8.00677490234375,64
29,layers.0.models.0.norm1_attn.bias,0.06289464980363846,64
29,layers.0.ff_linear1.weight,6.709856986999512,8192
29,layers.0.ff_linear1.bias,0.7461008429527283,128
29,layers.0.ff_linear2.weight,4.831552982330322,8192
29,layers.0.ff_linear2.bias,0.399837464094162,64
29,layers.0.norm2.weight,8.034455299377441,64
29,layers.0.norm2.bias,0.05582419037818909,64
29,layers.1.models.0.self_attn.Q.weight,4.664025783538818,4096
29,layers.1.models.0.self_attn.K.weight,4.935443878173828,4096
29,layers.1.models.0.self_attn.E.weight,4.871262550354004,4096
29,layers.1.models.0.self_attn.V.weight,4.746484279632568,4096
29,layers.1.models.0.self_attn.V_gate.weight,4.691431045532227,4096
29,layers.1.models.0.self_attn.shared_rel_emb_table.weight,0.7771997451782227,1152
29,layers.1.models.0.self_attn.proj_q.weight,1.8893402814865112,4096
29,layers.1.models.0.self_attn.proj_k.weight,1.0746806859970093,4096
29,layers.1.models.0.self_attn.proj_e.weight,1.4199367761611938,4096
29,layers.1.models.0.self_attn.proj_vg.weight,1.294762372970581,4096
29,layers.1.models.0.norm1_attn.weight,7.995678901672363,64
29,layers.1.models.0.norm1_attn.bias,0.030400188639760017,64
29,layers.1.ff_linear1.weight,6.563430309295654,8192
29,layers.1.ff_linear1.bias,0.7963367104530334,128
29,layers.1.ff_linear2.weight,4.769841194152832,8192
29,layers.1.ff_linear2.bias,0.4163026213645935,64
29,layers.1.norm2.weight,8.005082130432129,64
29,layers.1.norm2.bias,0.045418962836265564,64
29,layers.2.models.0.self_attn.Q.weight,4.695978164672852,4096
29,layers.2.models.0.self_attn.K.weight,4.83547306060791,4096
29,layers.2.models.0.self_attn.E.weight,4.857363700866699,4096
29,layers.2.models.0.self_attn.V.weight,4.677730083465576,4096
29,layers.2.models.0.self_attn.V_gate.weight,4.616391181945801,4096
29,layers.2.models.0.self_attn.shared_rel_emb_table.weight,0.7611098885536194,1152
29,layers.2.models.0.self_attn.proj_q.weight,1.6333370208740234,4096
29,layers.2.models.0.self_attn.proj_k.weight,1.0357204675674438,4096
29,layers.2.models.0.self_attn.proj_e.weight,1.077473521232605,4096
29,layers.2.models.0.self_attn.proj_vg.weight,1.2887831926345825,4096
29,layers.2.models.0.norm1_attn.weight,8.007524490356445,64
29,layers.2.models.0.norm1_attn.bias,0.04068591818213463,64
29,layers.2.ff_linear1.weight,6.556047439575195,8192
29,layers.2.ff_linear1.bias,0.8253277540206909,128
29,layers.2.ff_linear2.weight,4.703402519226074,8192
29,layers.2.ff_linear2.bias,0.4178124964237213,64
29,layers.2.norm2.weight,8.008475303649902,64
29,layers.2.norm2.bias,0.04817879945039749,64
29,layers.3.models.0.self_attn.Q.weight,4.674271106719971,4096
29,layers.3.models.0.self_attn.K.weight,4.868276119232178,4096
29,layers.3.models.0.self_attn.E.weight,4.830514430999756,4096
29,layers.3.models.0.self_attn.V.weight,4.700002670288086,4096
29,layers.3.models.0.self_attn.V_gate.weight,4.6407270431518555,4096
29,layers.3.models.0.self_attn.shared_rel_emb_table.weight,0.8032645583152771,1152
29,layers.3.models.0.self_attn.proj_q.weight,1.5138683319091797,4096
29,layers.3.models.0.self_attn.proj_k.weight,1.0765200853347778,4096
29,layers.3.models.0.self_attn.proj_e.weight,1.0363389253616333,4096
29,layers.3.models.0.self_attn.proj_vg.weight,1.3458877801895142,4096
29,layers.3.models.0.norm1_attn.weight,8.004467964172363,64
29,layers.3.models.0.norm1_attn.bias,0.04343524947762489,64
29,layers.3.ff_linear1.weight,6.589863300323486,8192
29,layers.3.ff_linear1.bias,0.7912642955780029,128
29,layers.3.ff_linear2.weight,4.6984171867370605,8192
29,layers.3.ff_linear2.bias,0.4205670952796936,64
29,layers.3.norm2.weight,8.007116317749023,64
29,layers.3.norm2.bias,0.05081155523657799,64
29,layers.4.models.0.self_attn.Q.weight,4.68185567855835,4096
29,layers.4.models.0.self_attn.K.weight,4.8935065269470215,4096
29,layers.4.models.0.self_attn.E.weight,4.956685543060303,4096
29,layers.4.models.0.self_attn.V.weight,4.73530912399292,4096
29,layers.4.models.0.self_attn.V_gate.weight,4.625192165374756,4096
29,layers.4.models.0.self_attn.shared_rel_emb_table.weight,0.7600075602531433,1152
29,layers.4.models.0.self_attn.proj_q.weight,1.6935831308364868,4096
29,layers.4.models.0.self_attn.proj_k.weight,1.3517215251922607,4096
29,layers.4.models.0.self_attn.proj_e.weight,1.2514095306396484,4096
29,layers.4.models.0.self_attn.proj_vg.weight,1.20115327835083,4096
29,layers.4.models.0.norm1_attn.weight,7.9941205978393555,64
29,layers.4.models.0.norm1_attn.bias,0.08910321444272995,64
29,layers.4.ff_linear1.weight,6.576069355010986,8192
29,layers.4.ff_linear1.bias,0.7988609075546265,128
29,layers.4.ff_linear2.weight,4.727747917175293,8192
29,layers.4.ff_linear2.bias,0.4017753601074219,64
29,layers.4.norm2.weight,8.016688346862793,64
29,layers.4.norm2.bias,0.051086053252220154,64
29,post_mp.rel_emb.weight,34.089969635009766,1152
29,post_mp.scorer.weight,0.5597987174987793,128
29,post_mp.scorer.bias,0.021029280498623848,1
